<?xml version="1.0" encoding="UTF-8" ?>
<model-definition xmlns="http://www.cosminexus.com/mngsvr/schema/ModelDefinition-2.5">
  <web-system>
    <name>APWL3C</name>
    <tier>
      <tier-type>combined-tier</tier-type>
      <configuration>
        <logical-server-type>performance-tracer</logical-server-type>
        <!--parameter for command extend option-->
        <param>
          <param-name>PrfTraceFileSize</param-name>
          <param-value>65536</param-value>
        </param>
      </configuration>
      <configuration>
        <logical-server-type>j2ee-server</logical-server-type>
        <!--parameter for usrconf.cfg-->
        <param>
          <param-name>add.class.path</param-name>
          <param-value>/opt/HiRDB/client/lib/pdjdbc2.jar</param-value>
          <param-value>/opt/tp1clientj/LIB/TP1Client.jar</param-value>
        </param>
        <param>
          <param-name>add.jvm.arg</param-name>
          <param-value>-Xms2048m</param-value>
          <param-value>-Xmx2048m</param-value>
          <param-value>-XX:+HitachiUseExplicitMemory</param-value>
          <param-value>-XX:HitachiExplicitHeapMaxSize=537m</param-value>
          <param-value>-XX:NewRatio=2</param-value>
          <param-value>-XX:SurvivorRatio=4</param-value>
          <param-value>-XX:+UseSerialGC</param-value>
          <param-value>-XX:+HitachiThreadDump</param-value>
          <param-value>-XX:HitachiJavaLogFileSize=1048576</param-value>
          <param-value>-XX:+HitachiVerboseGC</param-value>
          <param-value>-XX:+HitachiVerboseGCPrintTenuringDistribution</param-value>
          <param-value>-XX:+HitachiOutOfMemoryCause</param-value>
          <param-value>-XX:+HitachiOutOfMemoryStackTrace</param-value>
          <param-value>-XX:HitachiOutOfMemoryStackTraceLineSize=10240</param-value>
          <param-value>-XX:HitachiExplicitMemoryLogLevel:normal</param-value>
          <param-value>-XX:-HitachiExplicitMemoryMoveToTenuredFirst</param-value>
        </param>
        <!--parameter for usrconf.properties-->
        <param>
          <param-name>ejbserver.container.bmp.backcompatible</param-name>
          <param-value>false</param-value>
        </param>
        <param>
          <param-name>ejbserver.ctm.enabled</param-name>
          <param-value>false</param-value>
        </param>
        <param>
          <param-name>ejbserver.management.stats_file.enabled</param-name>
          <param-value>false</param-value>
        </param>
        <param>
          <param-name>ejbserver.deploy.context.reload_scope</param-name>
          <param-value>app</param-value>
        </param>
        <param>
          <param-name>ejbserver.logger.channels.define.WebAccessLogFile.filesize</param-name>
          <param-value>4194304</param-value>
        </param>
        <param>
          <param-name>ejbserver.management.JVM.stats_monitor.FullGCCount.threshold</param-name>
          <param-value>1</param-value>
        </param>
        <param>
          <param-name>ejbserver.manager.agent.MEventAgent.enabled</param-name>
          <param-value>false</param-value>
        </param>
        <param>
          <param-name>ejbserver.naming.port</param-name>
          <param-value>9000</param-value>
        </param>
        <param>
          <param-name>ejbserver.naming.protocol</param-name>
          <param-value>corbaname</param-value>
        </param>
        <param>
          <param-name>ejbserver.watch.fileDescriptor.threshold</param-name>
          <param-value>2072</param-value>
        </param>
        <param>
          <param-name>ejbserver.watch.thread.threshold</param-name>
          <param-value>1466</param-value>
        </param>
        <param>
          <param-name>webserver.connector.ajp13.max_threads</param-name>
          <param-value>80</param-value>
        </param>
        <param>
          <param-name>webserver.connector.ajp13.send_timeout</param-name>
          <param-value>0</param-value>
        </param>
        <param>
          <param-name>webserver.container.thread_control.enabled</param-name>
          <param-value>false</param-value>
        </param>
        <param>
          <param-name>webserver.jsp.keepgenerated</param-name>
          <param-value>true</param-value>
        </param>
        <param>
          <param-name>webserver.jsp.translation.backcompat.useBean.noCheckClass</param-name>
          <param-value>true</param-value>
        </param>
        <param>
          <param-name>webserver.session.server_id.enabled</param-name>
          <param-value>false</param-value>
        </param>
        <param>
          <param-name>jaas.ua.enabled</param-name>
          <param-value>false</param-value>
        </param>
      </configuration>
      <configuration>
        <logical-server-type>web-server</logical-server-type>
        <!--parameter for httpsd.conf-->
        <param>
          <param-name>SetBy</param-name>
          <param-value>text</param-value>
        </param>
        <param>
          <param-name>AllText</param-name>
          <param-value>
<![CDATA[
#########################################################################
##
## httpsd.conf - Hitachi Web Server configuration file
##
##  All Rights Reserved. Copyright (C) 2000, 2010, Hitachi, Ltd.
#########################################################################

## Foundations
ServerName www3.suitebank3.finemax.net
Port 80
User PPadm
Group PPgrp
ServerRoot "/opt/hitachi/httpsd"
ServerSignature Off

# HTTP Expire Header
LoadModule expires_module /opt/hitachi/httpsd/libexec/mod_expires.so

Include /opt/Cosminexus/CC/web/redirector/servers/APWL3C_WEB/mod_jk.conf
ServerTokens ProductOnly
CoreDumpDirectory /tmp

## Contents Management
UserDir public_html

DocumentRoot /opt/hitachi/httpsd/htdocs

ErrorDocument 401  /error.html
ErrorDocument 403  /error.html
ErrorDocument 404  /error.html
ErrorDocument 405  /error.html
ErrorDocument 406  /error.html
ErrorDocument 410  /error.html
ErrorDocument 412  /error.html
ErrorDocument 413  /error.html
ErrorDocument 416  /error.html
ErrorDocument 500  /error.html
ErrorDocument 501  /error.html
ErrorDocument 502  /error.html
ErrorDocument 503  /error.html
ErrorDocument 506  /error.html

## Alias
#HITACHI BANK3
Alias /HITACHI3/  /opt/hitachi/httpsd/htdocs/HIB9031/BankContents/
Alias /HIB9031/SystemContents/ /opt/hitachi/httpsd/htdocs/SystemContents/

#SANINGODO BANK
Alias /GOGIN/   /opt/hitachi/httpsd/htdocs/HIB0167/BankContents/
Alias /HIB0167/SystemContents/   /opt/hitachi/httpsd/htdocs/SystemContents/

#HIGO BANK
Alias /HIGOG/   /opt/hitachi/httpsd/htdocs/HIB0182/BankContents/
Alias /HIB0182/SystemContents/   /opt/hitachi/httpsd/htdocs/SystemContents/

#Kitanippon BANK
Alias /KITAG/   /opt/hitachi/httpsd/htdocs/HIB0509/BankContents/
Alias /HIB0509/SystemContents/   /opt/hitachi/httpsd/htdocs/SystemContents/

#TOMATO BANK
Alias /TOMAT/   /opt/hitachi/httpsd/htdocs/HIB0566/BankContents/
Alias /HIB0566/SystemContents/   /opt/hitachi/httpsd/htdocs/SystemContents/

#KOUCHI BANK
Alias /KOUCH/   /opt/hitachi/httpsd/htdocs/HIB0578/BankContents/
Alias /HIB0578/SystemContents/   /opt/hitachi/httpsd/htdocs/SystemContents/

#KAGAWA BANK
Alias /KAGAG/   /opt/hitachi/httpsd/htdocs/HIB0573/BankContents/
Alias /HIB0573/SystemContents/   /opt/hitachi/httpsd/htdocs/SystemContents/

#TOCHIGI BANK
Alias /TOCHG/   /opt/hitachi/httpsd/htdocs/HIB0517/BankContents/
Alias /HIB0517/SystemContents/   /opt/hitachi/httpsd/htdocs/SystemContents/

#CYUKYO BANK
Alias /CHKYO/   /opt/hitachi/httpsd/htdocs/HIB0544/BankContents/
Alias /HIB0544/SystemContents/   /opt/hitachi/httpsd/htdocs/SystemContents/

#OKINAWA BANK
Alias /OKNWA/   /opt/hitachi/httpsd/htdocs/HIB0188/BankContents/
Alias /HIB0188/SystemContents/   /opt/hitachi/httpsd/htdocs/SystemContents/








## MIME Type
DefaultType text/plain
TypesConfig conf/mime.types

## Contents negotiation
AddEncoding x-compress .Z
AddEncoding x-gzip .gz .tgz

AddLanguage ca .ca
AddLanguage cs .cz .cs
AddLanguage da .dk
AddLanguage de .de
AddLanguage el .el
AddLanguage en .en
AddLanguage eo .eo
AddLanguage es .es
AddLanguage et .et
AddLanguage fr .fr
AddLanguage he .he
AddLanguage hr .hr
AddLanguage it .it
AddLanguage ja .ja
AddLanguage ko .ko
AddLanguage ltz .ltz
AddLanguage nl .nl
AddLanguage nn .nn
AddLanguage no .no
AddLanguage pl .po
AddLanguage pt .pt
AddLanguage pt-BR .pt-br
AddLanguage ru .ru
AddLanguage sv .sv
AddLanguage zh-CN .zh-cn
AddLanguage zh-TW .zh-tw

## Performance
StartServers 400
MinSpareServers 1
MaxSpareServers 400
MaxClients 400
MaxRequestsPerChild 0
Timeout 300
ListenBackLog 20
HWSKeepStartServers On

## KeepAlive
KeepAlive Off
MaxKeepAliveRequests 400
KeepAliveTimeout 15

## CGI,env
ScriptAlias /cgi-bin/ "/opt/hitachi/httpsd/cgi-bin/"

BrowserMatch "Mozilla/2" nokeepalive
BrowserMatch "MSIE 4\.0b2;" nokeepalive downgrade-1.0 force-response-1.0
BrowserMatch "RealPlayer 4\.0" force-response-1.0
BrowserMatch "Java/1\.0" force-response-1.0
BrowserMatch "JDK/1\.0" force-response-1.0
BrowserMatch "Microsoft Data Access Internet Publishing Provider" redirect-carefully
BrowserMatch "^WebDrive" redirect-carefully
BrowserMatch "^WebDAVFS/1.[012]" redirect-carefully
BrowserMatch "^gnome-vfs" redirect-carefully

UseCanonicalName On

## Directory index
DirectoryIndex index.html
AddIconByEncoding (CMP,/icons/compressed.gif) x-compress x-gzip

AddIconByType (TXT,/icons/text.gif) text/*
AddIconByType (IMG,/icons/image2.gif) image/*
AddIconByType (SND,/icons/sound2.gif) audio/*
AddIconByType (VID,/icons/movie.gif) video/*

AddIcon /icons/binary.gif .bin .exe
AddIcon /icons/binhex.gif .hqx
AddIcon /icons/tar.gif .tar
AddIcon /icons/world2.gif .wrl .wrl.gz .vrml .vrm .iv
AddIcon /icons/compressed.gif .Z .z .tgz .gz .zip
AddIcon /icons/a.gif .ps .ai .eps
AddIcon /icons/layout.gif .html .shtml .htm .pdf
AddIcon /icons/text.gif .txt
AddIcon /icons/c.gif .c
AddIcon /icons/p.gif .pl .py
AddIcon /icons/f.gif .for
AddIcon /icons/dvi.gif .dvi
AddIcon /icons/uuencoded.gif .uu
AddIcon /icons/script.gif .conf .sh .shar .csh .ksh .tcl
AddIcon /icons/tex.gif .tex
AddIcon /icons/bomb.gif core
AddIcon /icons/back.gif ..
AddIcon /icons/hand.right.gif README
AddIcon /icons/folder.gif ^^DIRECTORY^^
AddIcon /icons/blank.gif ^^BLANKICON^^

DefaultIcon /icons/unknown.gif

ReadmeName README.html
HeaderName HEADER.html

IndexIgnore .??* *~ *# HEADER* README* RCS CVS *,v *,t

## Access control
#<Directory />
#   Options -Indexes +FollowSymLinks
#   AllowOverride None
#</Directory>

<Directory "/opt/hitachi/httpsd/htdocs">
   Options -Indexes +FollowSymLinks
   AllowOverride None
   order allow,deny
   allow from all
</Directory>

TraceEnable Off

#<FilesMatch "^\.(ht|key)">
#   Order allow,deny
#   Deny from all
#</FilesMatch>

## SSL
SSLDisable
SSLSessionCacheSize 0
SSLCRLAuthoritative Off

## logs
HostnameLookups Off
LogLevel info
LogFormat "%h %l %u %t \"%r\" %>s %b \"%{Referer}i\" \"%{User-Agent}i\" %I %O" combinedio
LogFormat "%h %l %u %t \"%r\" %T %P %>s %b \"%{Referer}i\" \"%{User-Agent}i\"" combined
LogFormat "%h %l %u %t \"%r\" %>s %b" common
LogFormat "%{Referer}i -> %U" referer
LogFormat "%{User-agent}i" agent
LogFormat "%h %l %u %t \"%r\" %>s %b %P %I %O %X %D \"%{Referer}i\" \"%{User-Agent}i\"" hws_trace
LogFormat "%h %l %u %t \"%r\" %>s %b %T %P" hws_std

ErrorLog "|/opt/hitachi/httpsd/sbin/rotatelogs /HWSlogs/logs/error_log 3600 -fnum 175 -diff 480"
CustomLog "|/opt/hitachi/httpsd/sbin/rotatelogs /HWSlogs/logs/custom 3600 -fnum 175 -diff 480" combined

PidFile "/opt/hitachi/httpsd/servers/HWS_APWL3C_WEB/logs/httpd.pid"

HWSLogTimeVerbose On
HWSRequestLog "|/opt/hitachi/httpsd/sbin/rotatelogs /HWSlogs/logs/HWSRequestLog 3600 -fnum 175 -diff 480"
HWSRequestLogType module-info request

## Trace
HWSTraceIdFile "/opt/hitachi/httpsd/servers/HWS_APWL3C_WEB/logs/hws.trcid"
HWSTraceLogFile "/opt/hitachi/httpsd/servers/HWS_APWL3C_WEB/logs/hws.trclog"

## Cache-Control
ExpiresActive On
ExpiresDefault A000000
ExpiresByType text/html A000000
ExpiresByType image/gif A014400
ExpiresByType text/css  A014400
ExpiresByType text/javascript A000000

## iLobby definition
LoadModule hpbandwidth_module /opt/hitachi/ilobby/lib/mod_hpbw.so

BandWidthInfo 9031 13 50
BandWidthInfo 0167 16 50
BandWidthInfo 0182 15 50
BandWidthInfo 0188 14 50
BandWidthInfo 0509 12 50
BandWidthInfo 0517 14 50
BandWidthInfo 0544 14 50
BandWidthInfo 0566 12 50
BandWidthInfo 0573 12 50
BandWidthInfo 0578 12 50








BandWidthBusyHp 9031 ^/HITACHI3/CIBMU201\.html$ /opt/hitachi/httpsd/htdocs/HIB9031/BankContents/ilobby.BandWidth
BandWidthBusyHp 9031 ^/HITACHI3/CIBMU209\.html$ /opt/hitachi/httpsd/htdocs/HIB9031/BankContents/ilobby.BandWidth
BandWidthBusyHp 9031 ^/HITACHI3/CIBMU921\.html$ /opt/hitachi/httpsd/htdocs/HIB9031/BankContents/ilobby.BandWidth
BandWidthBusyHp 0167 ^/GOGIN/CIBMU201\.html$ /opt/hitachi/httpsd/htdocs/HIB0167/BankContents/ilobby.BandWidth
BandWidthBusyHp 0167 ^/GOGIN/CIBMU209\.html$ /opt/hitachi/httpsd/htdocs/HIB0167/BankContents/ilobby.BandWidth
BandWidthBusyHp 0167 ^/GOGIN/CIBMU921\.html$ /opt/hitachi/httpsd/htdocs/HIB0167/BankContents/ilobby.BandWidth
BandWidthBusyHp 0182 ^/HIGOG/CIBMU201\.html$ /opt/hitachi/httpsd/htdocs/HIB0182/BankContents/ilobby.BandWidth
BandWidthBusyHp 0182 ^/HIGOG/CIBMU209\.html$ /opt/hitachi/httpsd/htdocs/HIB0182/BankContents/ilobby.BandWidth
BandWidthBusyHp 0182 ^/HIGOG/CIBMU921\.html$ /opt/hitachi/httpsd/htdocs/HIB0182/BankContents/ilobby.BandWidth
BandWidthBusyHp 0188 ^/OKNWA/CIBMU201\.html$ /opt/hitachi/httpsd/htdocs/HIB0188/BankContents/ilobby.BandWidth
BandWidthBusyHp 0188 ^/OKNWA/CIBMU209\.html$ /opt/hitachi/httpsd/htdocs/HIB0188/BankContents/ilobby.BandWidth
BandWidthBusyHp 0188 ^/OKNWA/CIBMU921\.html$ /opt/hitachi/httpsd/htdocs/HIB0188/BankContents/ilobby.BandWidth
BandWidthBusyHp 0509 ^/KITAG/CIBMU201\.html$ /opt/hitachi/httpsd/htdocs/HIB0509/BankContents/ilobby.BandWidth
BandWidthBusyHp 0517 ^/TOCHG/CIBMU201\.html$ /opt/hitachi/httpsd/htdocs/HIB0517/BankContents/ilobby.BandWidth
BandWidthBusyHp 0544 ^/CHKYO/CIBMU201\.html$ /opt/hitachi/httpsd/htdocs/HIB0544/BankContents/ilobby.BandWidth
BandWidthBusyHp 0544 ^/CHKYO/CIBMU209\.html$ /opt/hitachi/httpsd/htdocs/HIB0544/BankContents/ilobby.BandWidth
BandWidthBusyHp 0544 ^/CHKYO/CIBMU921\.html$ /opt/hitachi/httpsd/htdocs/HIB0544/BankContents/ilobby.BandWidth
BandWidthBusyHp 0566 ^/TOMAT/CIBMU201\.html$ /opt/hitachi/httpsd/htdocs/HIB0566/BankContents/ilobby.BandWidth
BandWidthBusyHp 0573 ^/KAGAG/CIBMU201\.html$ /opt/hitachi/httpsd/htdocs/HIB0573/BankContents/ilobby.BandWidth
BandWidthBusyHp 0578 ^/KOUCH/CIBMU201\.html$ /opt/hitachi/httpsd/htdocs/HIB0578/BankContents/ilobby.BandWidth




BandWidthSurpassMode On

]]>
          </param-value>
        </param>
        <!--parameter for mod_jk.conf-->
        <param>
          <param-name>JkLogFileNum</param-name>
          <param-value>5</param-value>
        </param>
        <param>
          <param-name>JkMount</param-name>
          <param-value>/IB_AP/* default</param-value>

          <param-value>/Coop/* default</param-value>
          <param-value>/IC/* default</param-value>
          <param-value>/TR/* default</param-value>
          <param-value>/CA/* default</param-value>

          <param-value>/CACoop/* default</param-value>
        </param>
        <!--parameter for workers.properties-->
        <param>
          <param-name>worker.default.delegate_error_code</param-name>
          <param-value>401,403,404,405,406,410,412,413,416,500,501,502,503</param-value>
        </param>
        <param>
          <param-name>worker.default.host</param-name>
          <param-value>APWL3C</param-value>
        </param>
        <param>
          <param-name>worker.default.port</param-name>
          <param-value>8007</param-value>
        </param>
        <param>
          <param-name>worker.default.type</param-name>
          <param-value>ajp13</param-value>
        </param>
        <param>
          <param-name>worker.list</param-name>
          <param-value>default</param-value>
        </param>
      </configuration>
    </tier>
    <unit>
      <name>unit1</name>
      <allocated-host>
        <host-ref>APWL3C</host-ref>
        <hosts-for>combined-tier</hosts-for>
        <define-server>
          <logical-server-name>APWL3C_PFM</logical-server-name>
          <logical-server-type>performance-tracer</logical-server-type>
        </define-server>
        <define-server>
          <logical-server-name>APWL3C_J2E</logical-server-name>
          <logical-server-type>j2ee-server</logical-server-type>
        </define-server>
        <define-server>
          <logical-server-name>APWL3C_WEB</logical-server-name>
          <logical-server-type>web-server</logical-server-type>
        </define-server>
      </allocated-host>
    </unit>
  </web-system>
  <host>
    <host-name>APWL3C</host-name>
  </host>
</model-definition>
