<?xml version="1.0" encoding="UTF-8" ?>

<epo:PropertiesSchema xmlns:epo="http://www.mcafee.com/schemas/epo" xmlns:xsi="http://www.w3.org/2001/XMLSchema-instance" xsi:schemaLocation="http://www.mcafee.com/schemas/epo D:\projects\epo\samurai\trunk\dev\src\webapps\epo-core\web\WEB-INF\lib\epoprops.xsd">
    <Table name="AM_CustomProps">
        <Fields>
            <Field default="0" name="bOASEnabled" type="bit" size="0" />
            <Field default="0" name="bAPEnabled" type="bit" size="0" />
            <Field default="0" name="bBOEnabled" type="bit" size="0" />
            <Field default="0" name="bScriptScanEnabled" type="bit" size="0" />
            <!--<Field default="0" name="EmailEnabled" type="nvarchar" size="100" />-->
            <Field default="0" name="AVCMComplianceDays" type="nvarchar" size="100" />
            <Field default="0" name="OASbComplianceStatus" type="bit" size="0" />
            <Field default="0" name="OASComplianceStatus" type="nvarchar" size="100" />
            <Field default="0" name="OASAdditionalComplianceStatus" type="nvarchar" size="100" />
            <Field name="OASGTILevel" type="tinyint" />
            <Field default="0" name="ODSbComplianceStatus" type="bit" size="0" />
            <Field default="0" name="ODSComplianceStatus" type="nvarchar" size="100" />
            <Field default="0" name="ODSAdditionalComplianceStatus" type="nvarchar" size="100" />
            <Field default="0" name="ODSLastFullScanDuration" type="int"/>
            <Field default="0" name="ODSLastQuickScanDuration" type="int"/>
            <Field default="0" name="ODSLastFullScanDate" type="datetime"/>
            <Field default="0" name="ODSLastQuickScanDate" type="datetime"/>
            <Field name="ODSFullScanGTILevel" type="tinyint" />
            <Field name="ODSQuickScanGTILevel" type="tinyint" />
            <Field name="ODSRightClickScanGTILevel" type="tinyint" />
            <!--<Field name="ODSCustomScanGTILevel" type="tinyint" />-->
            <!--<Field default="0" name="EmailScannerbComplianceStatus" type="bit" size="0" />-->
            <!--<Field default="0" name="EmailScannerComplianceStatus" type="nvarchar" size="100" />-->
            <!--<Field default="0" name="EmailScannerAdditionalComplianceStatus" type="nvarchar" size="100" />-->
            <Field default="0" name="AVCMGRbComplianceStatus" type="bit" size="0" />
            <Field default="0" name="AVCMGRComplianceStatus" type="nvarchar" size="100" />
            <Field default="0" name="AVCMGRAdditionalComplianceStatus" type="nvarchar" size="100" />
            <Field default="0" name="BObComplianceStatus" type="bit" size="0" />
            <Field default="0" name="BOComplianceStatus" type="nvarchar" size="100" />
            <Field default="0" name="BOAdditionalComplianceStatus" type="nvarchar" size="100" />
            <Field default="0" name="ExploitPreventionContentCreated" type="datetime"/>
            <Field default="0" name="ExploitPreventionContentVersion" type="nvarchar" size="128" />
            <Field default="0" name="SSbComplianceStatus" type="bit" size="0" />
            <Field default="0" name="SSComplianceStatus" type="nvarchar" size="100" />
            <Field default="0" name="SSAdditionalComplianceStatus" type="nvarchar" size="100" />
            <Field default="0" name="APbComplianceStatus" type="bit" size="0" />
            <Field default="0" name="APComplianceStatus" type="nvarchar" size="100" />
            <Field default="0" name="APAdditionalComplianceStatus" type="nvarchar" size="100" />
            <Field name="V2DATVersion" type="nvarchar" size="20" />
            <Field default="0" name="ManifestVersion" type="nvarchar" size="20" />
            <Field default="0" name="EngineVersion" type="nvarchar" size="20" />
            <Field default="None" name="Hotfixes" type="nvarchar" size="256"/>
            <Field default="None" name="Patch" type="nvarchar" size="3000"/>
            <Field default="None" name="LicenseStatus" type="nvarchar" size="256"/>
            <Field default="None" name="Language" type="nvarchar" size="256"/>
            <Field default="None" name="szExtraDATNames" type="nvarchar" size="3000"/>
            <Field default="0" name="AMCoreContentDate" type="datetime"/>
            <Field default="0" name="scanUsingAMSIHooks" type="bit" size="0" />
            <Field default="0" name="enableAMSIObserveMode" type="bit" size="0" />
			<Field default="0" name="TPAMSISupportedStatus" type="bit" size="0" />
            <Field name="TPAMSISupportedStatusReason" type="nvarchar" size="256" />
        </Fields>
        <Mappings>
            <Section name="General">
                <Setting name="szV2DATVersion" field="V2DATVersion" />
                <Setting name="szDATVersion" field="ManifestVersion" />
                <Setting name="szDATDate" field="AMCoreContentDate" />
                <Setting name="Fixes" field="Hotfixes"/>
                <Setting name="Patch" field="Patch"/>
                <Setting name="LicenseStatus" field="LicenseStatus"/>
                <Setting name="Language" field="Language"/>
                <Setting name="szEngineVersion" field="EngineVersion"/>
                <Setting name="szExtraDATNames" field="szExtraDATNames"/>
                <Setting name="ContentCreated" field="ExploitPreventionContentCreated" />
                <Setting name="ContentVersion" field="ExploitPreventionContentVersion" />
            </Section>
            <!--<Section name="EmailDetection">-->
                <!--<Setting name="bEnabled" field="EmailEnabled" />-->
            <!--</Section>-->
            <Section name="AVCMCompliance">
                <Setting name="ComplianceDays" field="AVCMComplianceDays" />
            </Section>
            <Section name="OAS">
                <Setting name="bOASEnabled" field="bOASEnabled" />
                <Setting name="bComplianceStatus" field="OASbComplianceStatus" />
                <Setting name="szComplianceStatus" field="OASComplianceStatus" />
                <Setting name="szAdditionalComplianceStatus" field="OASAdditionalComplianceStatus" />
                <Setting name="OASGTILevel" field="OASGTILevel" />
                <Setting name="bScriptScanEnabled" field="bScriptScanEnabled" />
                <Setting name="bSSComplianceStatus" field="SSbComplianceStatus" />
                <Setting name="szSSComplianceStatus" field="SSComplianceStatus" />
                <Setting name="szSSAdditionalComplianceStatus" field="SSAdditionalComplianceStatus" />
                <Setting name="scanUsingAMSIHooks" field="scanUsingAMSIHooks" />
                <Setting name="enableAMSIObserveMode" field="enableAMSIObserveMode" />
				<Setting name="TPAMSISupportedStatus" field="TPAMSISupportedStatus" />
				<Setting name="TPAMSISupportedStatusReason" field="TPAMSISupportedStatusReason" />
            </Section>
            <Section name="ODS">
                <Setting name="bComplianceStatus" field="ODSbComplianceStatus" />
                <Setting name="szComplianceStatus" field="ODSComplianceStatus" />
                <Setting name="szAdditionalComplianceStatus" field="ODSAdditionalComplianceStatus" />
                <Setting name="dwODSLastFullScanDuration" field="ODSLastFullScanDuration" />
                <Setting name="dwODSLastQuickScanDuration" field="ODSLastQuickScanDuration" />
                <Setting name="szODSLastFullScanDate" field="ODSLastFullScanDate" />
                <Setting name="szODSLastQuickScanDate" field="ODSLastQuickScanDate" />
                <Setting name="ODSFullScanGTILevel" field="ODSFullScanGTILevel" />
                <Setting name="ODSQuickScanGTILevel" field="ODSQuickScanGTILevel" />
                <Setting name="ODSRightClickScanGTILevel" field="ODSRightClickScanGTILevel" />
                <!--<Setting name="ODSCustomScanGTILevel" field="ODSCustomScanGTILevel" />-->
            </Section>
            <!--<Section name="EMAILSCANNER">-->
                <!--<Setting name="bComplianceStatus" field="EmailScannerbComplianceStatus" />-->
                <!--<Setting name="szComplianceStatus" field="EmailScannerComplianceStatus" />-->
                <!--<Setting name="szAdditionalComplianceStatus" field="EmailScannerAdditionalComplianceStatus" />-->
            <!--</Section>-->
            <Section name="AVCMGR">
                <Setting name="bComplianceStatus" field="AVCMGRbComplianceStatus" />
                <Setting name="szComplianceStatus" field="AVCMGRComplianceStatus" />
                <Setting name="szAdditionalComplianceStatus" field="AVCMGRAdditionalComplianceStatus" />
            </Section>
            <Section name="AP">
                <Setting name="bComplianceStatus" field="APbComplianceStatus" />
                <Setting name="szComplianceStatus" field="APComplianceStatus" />
                <Setting name="szAdditionalComplianceStatus" field="APAdditionalComplianceStatus" />
                <Setting name="Enable" field="bAPEnabled" />
            </Section>
            <Section name="BO">
                <Setting name="bComplianceStatus" field="BObComplianceStatus" />
                <Setting name="szComplianceStatus" field="BOComplianceStatus" />
                <Setting name="szAdditionalComplianceStatus" field="BOAdditionalComplianceStatus" />
                <Setting name="bBOEnabled" field="bBOEnabled" />
            </Section>
            <!--<Section name="Technology">-->
                <!--<Setting name="bOASEnabled" field="bOASEnabled" />-->
                <!--<Setting name="bAPEnabled" field="bAPEnabled" />-->
                <!--<Setting name="bBOEnabled" field="bBOEnabled" />-->
                <!--<Setting name="bScriptScanEnabled" field="bScriptScanEnabled" />-->
            <!--</Section>-->
        </Mappings>
    </Table>
</epo:PropertiesSchema>
