﻿<?xml version="1.0" encoding="UTF-8"?>
<epo:SensitiveSettings xmlns:epo="http://www.mcafee.com/schemas/epo" xmlns:xsi="http://www.w3.org/2001/XMLSchema-instance">
    <Policies>
        <Policy feature="ENDP_AM_1000" category="EAM_OnDemandScan_Policies" type="EAM_OnDemandScan_Policies">
            <Section name="FS_Account">
                <Setting name="szPassword"/>
            </Section>
            <Section name="QS_Account">
                <Setting name="szPassword"/>
            </Section>
        </Policy>
    </Policies>
    <Tasks>
        <Task product="ENDP_AM_1000" type="EAM_Scan_Task">
            <Section name="Account">
                <Setting name="szPassword"/>
            </Section>
        </Task>
        <Task product="ENDP_AM_1000" type="EAM_Quarantine_Restore">
            <Section name="VSE7_Scheduler">
                <Setting name="VSE7_Password%"/>
            </Section>
        </Task>
    </Tasks>
</epo:SensitiveSettings>