<?xml version="1.0" encoding="UTF-8"?>
<beans xmlns="http://www.springframework.org/schema/beans"
       default-lazy-init="false" default-autowire="no" default-dependency-check="none"
       xmlns:xsi="http://www.w3.org/2001/XMLSchema-instance"
       xsi:schemaLocation="http://www.springframework.org/schema/beans http://www.springframework.org/schema/beans/spring-beans-2.0.xsd">

    <bean id="ENDP_GS_1000.ClientUIAccessLevelFormatter"
          class="com.mcafee.endpoint.policymgmt.ui.comparison.formatter.ClientUIAccessLevelFormatter">
        <property name="resource" ref="ENDP_GS_1000.resource"/>
    </bean>

    <bean id="ENDP_GS_1000.EventFilterLevelFormatter"
          class="com.mcafee.endpoint.policymgmt.ui.comparison.formatter.EventFilterLevelFormatter">
        <property name="resource" ref="ENDP_GS_1000.resource"/>
    </bean>

    <bean id="ENDP_GS_1000.ClientLanguageFormatter"
          class="com.mcafee.endpoint.policymgmt.ui.comparison.formatter.ClientLanguageFormatter">
        <property name="resource" ref="ENDP_GS_1000.resource"/>
    </bean>

    <bean id="ENDP_GS_1000.GTIProxyTypeFormatter"
          class="com.mcafee.endpoint.policymgmt.ui.comparison.formatter.GTIProxyTypeFormatter">
        <property name="resource" ref="ENDP_GS_1000.resource"/>
    </bean>

    <bean id="ENDP_GS_1000.ClientUpdateLevelFormatter"
          class="com.mcafee.endpoint.policymgmt.ui.comparison.formatter.ClientUpdateLevelFormatter">
        <property name="resource" ref="ENDP_GS_1000.resource"/>
    </bean>

    <bean id="ENDP_GS_1000.SelfProtectionActionFormatter"
          class="com.mcafee.endpoint.policymgmt.ui.comparison.formatter.SelfProtectionActionFormatter">
        <property name="resource" ref="ENDP_GS_1000.resource"/>
    </bean>

    <bean id="ENDP_GS_1000.enabledDisabledFormatter"
          class="com.mcafee.endpoint.policymgmt.ui.comparison.formatter.EnabledDisabledFormatter">
        <property name="resource" ref="ENDP_GS_1000.resource"/>
    </bean>

    <bean id="ENDP_GS_1000.enabledDisabledFormatterEnabledDefault"
          class="com.mcafee.endpoint.policymgmt.ui.comparison.formatter.EnabledDisabledFormatterEnabledDefault">
        <property name="resource" ref="ENDP_GS_1000.resource"/>
    </bean>

    <bean id="ENDP_GS_1000.GeneralOptionsSimpleSectionHandler"
          class="com.mcafee.epo.product.comparison.handler.SimpleSectionHandler">
        <property name="prefix" value="policy.comparison.options.sections"/>
        <property name="resource" ref="ENDP_GS_1000.resource"/>
        <property name="sectionKeys">
            <list>
                <value>ClientInterfaceStatus</value>
                <value>ClientInterfaceAccess</value>
                <value>ClientUninstall</value>
				<value>TimeBasedPassword</value>
                <value>SelfProtectionStatus</value>
                <value>ClientLoggingOptions</value>
                <value>ClientGTIProxy</value>
                <value>ClientUpdate</value>
                <value>GlobalExclusions</value>
                <value>GlobalExclusion</value>
            </list>
        </property>
    </bean>

    <bean id="ENDP_GS_1000.GeneralOptionsSimpleSettingHandler"
          class="com.mcafee.endpoint.policymgmt.ui.comparison.handler.GSESettingHandler">
        <property name="resource" ref="ENDP_GS_1000.resource"/>
        <property name="compareFormatValue" value="true"/>
    </bean>

    <!--<bean id="ENDP_GS_1000.GeneralOptionsPolicyComparator" class="com.mcafee.epo.policy.comparison.SimplePolicyObjectComparator">-->
    <bean id="ENDP_GS_1000.GeneralOptionsPolicyComparator"
          class="com.mcafee.endpoint.policymgmt.ui.comparison.comparator.GSEPolicyObjectComparator">
        <property name="id" value="ENDP_GS_1000.GeneralOptionsPolicyComparator"/>
        <property name="productId" value="ENDP_GS_1000"/>
        <property name="featureId" value="ENDP_GS_1000"/>
        <property name="categoryId" value="EGS_Product_Configuration_Policies"/>
        <property name="resource" ref="ENDP_GS_1000.resource"/>
        <property name="sectionHandlers">
            <list>
                <ref bean="ENDP_GS_1000.GeneralOptionsSimpleSectionHandler"/>
            </list>
        </property>
        <property name="settingHandlers">
            <list>
                <bean parent="ENDP_GS_1000.GeneralOptionsSimpleSettingHandler">
                    <property name="prefix" value="policy.comparison.options"/>
                    <property name="settingKeys">
                        <list>
						    <value>TimeBasedPassword.expireTimeBasedPasswordDateTimeValue</value>
                            <value>SelfProtectionStatus.spProcessExclCount</value>
                            <value>SelfProtectionStatus.spProcessExclItems</value>
                            <value>ClientLoggingOptions.clientLogFilesLocation</value>
                            <value>ClientLoggingOptions.maxClientActivityLogSizeMB</value>
                            <value>ClientLoggingOptions.maxClientDebugLogSizeMB</value>
                            <value>ClientLoggingOptions.maxClientEventLogSizeMB</value>
                            <value>ClientGTIProxy.gtiProxyServerAddress</value>
                            <value>ClientGTIProxy.gtiProxyServerPort</value>
                            <value>ClientGTIProxy.proxyServerExclusions</value>
                            <value>ClientGTIProxy.httpAuthUserName</value>
                            <value>ClientInterfaceStatus.clientUILockOutInterval</value>
                            <value>ClientInterfaceStatus.clientUILockOutRepeatAttemptsWithin</value>
                            <value>ClientInterfaceStatus.clientUIPasswordAttemptCount</value>
                        </list>
                    </property>
                </bean>

                <bean class="com.mcafee.endpoint.policymgmt.ui.comparison.handler.SettingListHandler">
                    <property name="prefix" value="spProcessExclusion"/>
                    <property name="resource" ref="ENDP_GS_1000.resource"/>
                </bean>

                <bean parent="ENDP_GS_1000.GeneralOptionsSimpleSettingHandler">
                    <property name="prefix" value="policy.comparison.options"/>
                    <property name="formatter" ref="ENDP_GS_1000.ClientUIAccessLevelFormatter"/>
                    <property name="settingKeys">
                        <list>
                            <value>ClientInterfaceStatus.clientUIAccessLevel</value>
                        </list>
                    </property>
                </bean>

                <bean parent="ENDP_GS_1000.GeneralOptionsSimpleSettingHandler">
                    <property name="prefix" value="policy.comparison.options"/>
                    <property name="formatter" ref="ENDP_GS_1000.EventFilterLevelFormatter"/>
                    <property name="settingKeys">
                        <list>
                            <value>ClientLoggingOptions.suppressAlertsBelowAP</value>
                            <value>ClientLoggingOptions.suppressAlertsBelowBO</value>
                            <value>ClientLoggingOptions.suppressAlertsBelowOAS</value>
                            <value>ClientLoggingOptions.suppressAlertsBelowODS</value>
                            <value>ClientLoggingOptions.suppressAlertsBelowFW</value>
                            <value>ClientLoggingOptions.suppressAlertsBelowWP</value>
                            <value>ClientLoggingOptions.suppressAlertsBelowATP</value>
                        </list>
                    </property>
                </bean>

                <bean parent="ENDP_GS_1000.GeneralOptionsSimpleSettingHandler">
                    <property name="prefix" value="policy.comparison.options"/>
                    <property name="formatter" ref="ENDP_GS_1000.ClientLanguageFormatter"/>
                    <property name="exclude" value="true"/>
                    <property name="settingKeys">
                        <list>
                            <value>ClientInterfaceStatus.adminPassword</value>
                            <value>ClientInterfaceStatus.adminSalt</value>
                            <value>ClientUninstall.clientUninstallPassword</value>
                            <value>ClientUninstall.clientUninstallSalt</value>
                            <value>ClientGTIProxy.httpAuthPassword</value>
                        </list>
                    </property>
                </bean>

                <bean parent="ENDP_GS_1000.GeneralOptionsSimpleSettingHandler">
                    <property name="prefix" value="policy.comparison.options"/>
                    <property name="formatter" ref="ENDP_GS_1000.ClientLanguageFormatter"/>
                    <property name="settingKeys">
                        <list>
                            <value>ClientInterfaceStatus.clientInterfaceLanguage</value>
                            <value>ClientLoggingOptions.clientActivityLoggingLanguage</value>
                        </list>
                    </property>
                </bean>

                <bean parent="ENDP_GS_1000.GeneralOptionsSimpleSettingHandler">
                    <property name="prefix" value="policy.comparison.options"/>
                    <property name="formatter" ref="ENDP_GS_1000.GTIProxyTypeFormatter"/>
                    <property name="settingKeys">
                        <list>
                            <value>ClientGTIProxy.gtiProxyType</value>
                        </list>
                    </property>
                </bean>

                <bean parent="ENDP_GS_1000.GeneralOptionsSimpleSettingHandler">
                    <property name="prefix" value="policy.comparison.options"/>
                    <property name="formatter" ref="ENDP_GS_1000.enabledDisabledFormatter"/>
                    <property name="settingKeys">
                        <list>
                            <value>TimeBasedPassword.enableTimeBasedPassword</value>
                            <value>ClientInterfaceStatus.enableClientUI</value>
                        </list>
                    </property>
                </bean>

                <bean parent="ENDP_GS_1000.GeneralOptionsSimpleSettingHandler">
                    <property name="prefix" value="policy.comparison.options"/>
                    <property name="formatter" ref="ENDP_GS_1000.ClientUpdateLevelFormatter"/>
                    <property name="settingKeys">
                        <list>
                            <value>ClientUpdate.whatToUpdateLevel</value>
                        </list>
                    </property>
                </bean>

                <bean parent="ENDP_GS_1000.GeneralOptionsSimpleSettingHandler">
                    <property name="prefix" value="policy.comparison.options"/>
                    <property name="formatter" ref="ENDP_GS_1000.SelfProtectionActionFormatter"/>
                    <property name="settingKeys">
                        <list>
                            <value>SelfProtectionStatus.spFilesAction</value>
                            <value>SelfProtectionStatus.spRegistryAction</value>
                            <value>SelfProtectionStatus.spProcessesAction</value>
                            <value>SelfProtectionStatus.spServicesAction</value>
                        </list>
                    </property>
                </bean>
                <bean parent="ENDP_GS_1000.GeneralOptionsSimpleSettingHandler">
                    <property name="prefix" value="policy.comparison.options"/>
                    <property name="formatter" ref="ENDP_GS_1000.enabledDisabledFormatter"/>
                    <property name="settingKeys">
                        <list>
                            <value>ClientUninstall.enableClientUninstallPassword</value>
                            <value>SelfProtectionStatus.SelfProtectionStatus</value>
                            <value>SelfProtectionStatus.spEnable</value>
                            <value>SelfProtectionStatus.spFiles</value>
                            <value>SelfProtectionStatus.spRegistry</value>
                            <value>SelfProtectionStatus.spProcesses</value>
                            <value>SelfProtectionStatus.spServices</value>
                            <value>ClientLoggingOptions.enableMAMBOClientDebugLogging</value>
                            <value>ClientLoggingOptions.enableSPODSClientDebugLogging</value>
                            <value>ClientLoggingOptions.enableSPOASClientDebugLogging</value>
                            <value>ClientLoggingOptions.enableSPAPClientDebugLogging</value>
                            <value>ClientLoggingOptions.enableSPBOClientDebugLogging</value>
                            <value>ClientLoggingOptions.enableWPClientDebugLogging</value>
                            <value>ClientLoggingOptions.enableDFClientDebugLogging</value>
                            <value>ClientLoggingOptions.enableATPClientDebugLogging</value>
                            <value>ClientLoggingOptions.enableClientDebugLoggingSizeLimits</value>
                            <value>ClientLoggingOptions.enableClientActivityLogging</value>
                            <value>ClientLoggingOptions.enableClientActivityLoggingSizeLimits</value>
                            <value>ClientLoggingOptions.enableODSClientActivityLogging</value>
                            <value>ClientLoggingOptions.IsWindowsApplicationLoggingEnabled</value>
                            <value>ClientLoggingOptions.IsSendEventsToepoEnabled</value>
                            <value>ClientLoggingOptions.enableClientEventLoggingSizeLimits</value>
                            <value>ClientGTIProxy.enableHTTPAuth</value>
                            <value>ClientUpdate.enableUpdateNowButton</value>
                            <value>ClientUpdate.enableDefaultUpdateTask</value>
                        </list>
                    </property>
                </bean>
                <bean parent="ENDP_GS_1000.GeneralOptionsSimpleSettingHandler">
                    <property name="prefix" value="policy.comparison.options"/>
                    <property name="formatter" ref="ENDP_GS_1000.enabledDisabledFormatterEnabledDefault"/>
                    <property name="settingKeys">
                        <list>
                            <value>ClientInterfaceAccess.showManagedTasks</value>
                        </list>
                    </property>
                </bean>

                <bean parent="ENDP_GS_1000.GeneralOptionsSimpleSettingHandler">
                    <property name="prefix" value="policy.comparison.options.globalexclusions"/>
                    <property name="settingKeys">
                        <list>
                            <value>GlobalExclusions.dwExclCount</value>
                        </list>
                    </property>
                </bean>

                <bean class="com.mcafee.endpoint.policymgmt.ui.comparison.handler.GlobalExclusionsSettingHandler">
                    <property name="prefix" value="policy.comparison.options.globalexclusions"/>
                    <property name="resource" ref="ENDP_GS_1000.resource"/>
                </bean>
            </list>
        </property>
    </bean>
	<bean id="ENDP_GS_1000.SectionHandler" class="com.mcafee.epo.product.comparison.handler.SimpleSectionHandler">
        <property name="resource" ref="ENDP_GS_1000.resource"/>
        <property name="prefix" value="ENDP_AM_1000.Task"/>
        <property name="sectionKeys">
            <list>
                <value>UnlockClientUI</value>
                <value>General</value>
            </list>
        </property>
    </bean>

    <bean id="ENDP_GS_1000.SettingHandler" class="com.mcafee.epo.product.comparison.handler.SimpleSettingHandler">
        <property name="resource" ref="ENDP_GS_1000.resource"/>
        <property name="prefix" value="ENDP_AM_1000.Task"/>
        <property name="settingKeys">
            <list>
                <value>UnlockClientUI.EndpointUserName</value>
                <value>General.TaskType</value>
                <value>General.TaskCreationTime</value>
            </list>
        </property>
    </bean>

    <bean id="ENDP_GS_1000.compareTask" class="com.mcafee.epo.task.comparison.SimpleClientTaskComparator">
        <property name="id" value="ENDP_GS_1000.compareTask"/>
        <property name="taskTypeId" value="UnlockClientUI"/>
        <property name="productId" value="ENDP_GS_1000"/>
        <property name="resource" ref="ENDP_GS_1000.resource"/>
        <property name="sectionHandlers">
            <list>
                <ref bean="ENDP_GS_1000.SectionHandler"/>
            </list>
        </property>
        <property name="settingHandlers">
            <list>
                <ref bean="ENDP_GS_1000.SettingHandler"/>
            </list>
        </property>
    </bean>
	
</beans>
