<?xml version="1.0"?>
<mvc-action-config version="1.0">
    <action-set bean="ENDP_GS_1000.gsPolicyActions">
        <action name="loadGeneralSettingsPolicy.do" execute="executeLoadGeneralSettingsPolicy" permission="perm:ENDP_GS_1000.policy.view?featureID=ENDP_GS_1000" checkSecurityToken="false"/>
        <action name="saveGeneralSettingsPolicy.do" execute="executeSaveGeneralSettingsPolicy" permission="perm:ENDP_GS_1000.policy.edit?featureID=ENDP_GS_1000" checkSecurityToken="true"/>
        <action name="computeTimeBasedPassword.do" execute="executeComputeTimeBasedPassword" permission="perm:ENDP_GS_1000.policy.edit?featureID=ENDP_GS_1000" checkSecurityToken="true"/>
        <action name="saveCertificateDetails.do" execute="saveCertificateDetails" permission="perm:ENDP_GS_1000.policy.edit?featureID=ENDP_GS_1000" checkSecurityToken="true"/>
        <action name="deleteSelectedCert.do" execute="deleteSelectedCert" permission="perm:ENDP_GS_1000.policy.edit?featureID=ENDP_GS_1000" checkSecurityToken="true"/>
        <action name="launchUploadClientCertDialogBox.do" execute="launchUploadClientCertDialogBox" permission="perm:ENDP_GS_1000.policy.edit?featureID=ENDP_GS_1000" checkSecurityToken="true"/>
        <action name="setAllowCertificate.do" execute="setAllowCertificate" permission="perm:ENDP_GS_1000.policy.edit?featureID=ENDP_GS_1000" checkSecurityToken="false"/>
        <!--<action name="computeTimeBasedPassword.do" execute="executeComputeTimeBasedPassword" permission="perm:ENDP_GS_1000.policy.edit?featureID=ENDP_GS_1000" checkSecurityToken="true"/>-->
    </action-set>

    <action-set bean="ENDP_GS_1000.gsReportActions">
        <action name="unlockClientTask.do" execute="executeUnlockClientTask" permission="perm:ENDP_GS_1000.policy.edit?featureID=ENDP_GS_1000" checkSecurityToken="true"/>
        <action name="purgeAuditLogs.do" execute="executePurgeAuditLogs" permission="perm:ENDP_GS_1000.policy.edit?featureID=ENDP_GS_1000" checkSecurityToken="true" />
    </action-set>

    <action-set bean="ENDP_GS_1000.ExtendedEventActions">
        <action name="ExtendedEventsAction.do" execute="ShowExtendedEvents" permission="perm:epo.event.view" checkSecurityToken="false"/>
	</action-set>
    <action-set bean="ENDP_GS_1000.actions.role">
        <action name="editPermissions.do" execute="editPermissions" checkSecurityToken="false"/>
    </action-set>

    <action-set bean="ENDP_GS_1000.epotask.clientUILock">
        <action name="editClientTask.do" execute="editClientTask" permission="perm:ENDP_GS_1000.policy.edit?featureID=ENDP_GS_1000" checkSecurityToken="true"/>
        <action name="saveClientTask.do" execute="saveClientTask" permission="perm:ENDP_GS_1000.policy.edit?featureID=ENDP_GS_1000" checkSecurityToken="true"/>
    </action-set>

</mvc-action-config>
