<?xml version="1.0" encoding="UTF-8"?>
<!--
 Copyright (C) 2011-2018 McAfee, LLC
-->

<!-- This file contains bean definitions related to SQUID integration -->
<!-- PLEASE DO NOT MODIFY THE ORDER IN WHICH THE BEANS ARE LISTED IN THIS FILE -->

<beans xmlns="http://www.springframework.org/schema/beans"
       default-lazy-init="false" default-autowire="no" default-dependency-check="none"
       xmlns:xsi="http://www.w3.org/2001/XMLSchema-instance"
       xsi:schemaLocation="http://www.springframework.org/schema/beans http://www.springframework.org/schema/beans/spring-beans-2.0.xsd">

    <bean id="ENDP_GS_1000.query.target.group" class="com.mcafee.orion.core.ui.QueryTargetGroupInfo" scope="singleton">
        <property name="name" value="ENDP_GS_1000.query.target.group"/>
        <property name="displayNameKey" value="endpoint.security.query.target.group.display.name"/>
        <property name="resource" ref="ENDP_GS_1000.resource"/>
        <property name="displayOrder" value="10000"/>
    </bean>

    <bean id="ENDP_GS_1000.registeredInstallationStatusPropertyFormatter"
          class="com.mcafee.endpoint.chart.InstallationStatusPropertyFormatter">
        <property name="resource" ref="ENDP_GS_1000.resource"/>
    </bean>

    <bean id="ENDP_GS_1000.registeredTechnologyStatusPropertyFormatter"
          class="com.mcafee.endpoint.chart.TechnologyStatusPropertyFormatter">
        <property name="resource" ref="ENDP_GS_1000.resource"/>
    </bean>

    <bean id="ENDP_GS_1000.properties.displayer" class="com.mcafee.endpoint.common.CommonPropertiesDisplayAdapter">
        <constructor-arg index="0" value="Properties"/>
        <constructor-arg index="1" ref="ENDP_GS_1000.resource"/>
    </bean>

    <bean id="ENDP_GS_1000.rt.ArtemisLevel" class="com.mcafee.orion.core.ui.RegisteredType">
        <property name="name" value="rtartemislevel.name"/>
        <property name="description" value="rtartemislevel.description"/>
        <property name="resource" ref="ENDP_GS_1000.resource"/>
        <property name="UID" value="EPArtemisLevel"/>
    </bean>

    <bean id="ENDP_GS_1000.rt.InstallationStatus" class="com.mcafee.orion.core.ui.RegisteredType">
        <property name="name" value="endpInstallationStatus.Name"/>
        <property name="description" value="endpInstallationStatus.Description"/>
        <property name="resource" ref="ENDP_GS_1000.resource"/>
        <property name="UID" value="endpInstallationStatus"/>
        <property name="coloringScheme">
            <bean class="com.mcafee.endpoint.chart.InstallationStatusColoringScheme"/>
        </property>
    </bean>

    <bean id="ENDP_GS_1000.endpInstallationStatus" class="com.mcafee.orion.core.query.SquidTableInfo">
        <property name="resource" ref="ENDP_GS_1000.resource"/>
        <property name="tableName"  value="EndpointInstallationStatus_View"/>
        <property name="type" value="join"/>
        <property name="displayNameKey" value="endpInstallationStatus.Name"/>
        <property name="descriptionKey" value="endpInstallationStatus.Description"/>
        <property name="registeredTypeUID" value="endpInstallationStatus"/>
        <property name="propertyFormatter" ref="ENDP_GS_1000.properties.displayer"/>
        <property name="uidColumnName" value="autoId"/>
        <isMultiTenant>
            <property name="permissionUri" value="perm:ENDP_GS_1000_PERM.permission.viewSquidQuery"/>
        </isMultiTenant>
        <property name="columns">
            <list>
                <value>LeafNodeId              int                     none</value>
                <value>autoId                  string                  none</value>
                <value>ProductVersion          string                  all</value>
                <value>FamilyDispName          string                  all</value>
                <value>ProductCode             string                  none</value>
            </list>
        </property>

        <property name="foreignKeys">
            <list>
                <bean class="com.mcafee.orion.core.query.table.ForeignKey">
                    <property name="joinType" value="left"/>
                    <property name="sourceTable" value="EndpointInstallationStatus_View"/>
                    <property name="sourceColumns" value="LeafNodeId"/>
                    <property name="destinationTable" value="EPOLeafNode"/>
                    <property name="destinationColumns" value="AutoID"/>
                </bean>
            </list>
        </property>
    </bean>

    <bean id="ENDP_GS_1000.InstallationStatusQueryInjector"
          class="com.mcafee.endpoint.chart.InstallationStatusQueryInjector" scope="prototype">
        <property name="id" value="ENDP_GS_1000.InstallationStatusQueryInjector"/>
        <property name="licEntStore" ref="epoLicEnt.licEntStore"/>
        <property name="database" ref="core.db"/>
    </bean>




    <bean id="ENDP_GS_1000.rt.Technology" class="com.mcafee.orion.core.ui.RegisteredType">
        <property name="name" value="rt.Technology.Name"/>
        <property name="description" value="rt.Technology.Description"/>
        <property name="resource" ref="ENDP_GS_1000.resource"/>
        <property name="UID" value="endpTechnologyStatus"/>
        <property name="coloringScheme">
            <bean class="com.mcafee.endpoint.chart.TechnologyStatusColoringScheme"/>
        </property>
    </bean>

    <bean id="ENDP_GS_1000.endpTechnologyStatus" class="com.mcafee.orion.core.query.SquidTableInfo">
        <property name="resource" ref="ENDP_GS_1000.resource"/>
        <property name="tableName"  value="AM_EndpointTechnologyStatus_View"/>
        <property name="type" value="join"/>
        <property name="displayNameKey" value="endpTechnologyStatus.Name"/>
        <property name="descriptionKey" value="endpTechnologyStatus.Description"/>
        <property name="registeredTypeUID" value="endpTechnologyStatus"/>
        <property name="propertyFormatter">
            <bean class="com.mcafee.endpoint.reports.TechnologyDataDA">
                <constructor-arg index="0" value="ENDP_GS_1000.Technology.da"/>
                <constructor-arg index="1" ref="ENDP_GS_1000.resource"/>
            </bean>
        </property>
        <property name="uidColumnName" value="AutoID"/>
        <isMultiTenant>
            <property name="permissionUri" value="perm:ENDP_GS_1000_PERM.permission.viewSquidQuery"/>
        </isMultiTenant>
        <property name="columns">
            <list>
                <value>AutoID                  string                  none</value>
                <value>LeafNodeID              int                     none</value>
                <value>Enabled                 boolean                 all</value>
                <value>TechnologyType          enum                    all</value>
            </list>
        </property>

        <property name="enums">
            <list>
                <bean id="enum.TechnologyType" class="com.mcafee.orion.core.query.StaticEnum">
                    <property name="column" value="TechnologyType"/>
                    <property name="items">
                        <map>
                            <entry key="0" value="technologytype.ods"/>
                            <entry key="1" value="technologytype.oas"/>
                            <entry key="2" value="technologytype.ep"/>
                            <entry key="3" value="technologytype.ap"/>
                            <entry key="4" value="technologytype.ss"/>
                            <entry key="5" value="technologytype.sp"/>
                            <entry key="6" value="technologytype.fw"/>
                            <entry key="7" value="technologytype.wp"/>
                        </map>
                    </property>
                    <property name="resource" ref="ENDP_GS_1000.resource"/>
                </bean>
            </list>
        </property>

        <property name="foreignKeys">
            <list>
                <bean class="com.mcafee.orion.core.query.table.ForeignKey">
                    <property name="joinType" value="left"/>
                    <property name="sourceTable" value="AM_EndpointTechnologyStatus_View"/>
                    <property name="sourceColumns" value="LeafNodeID"/>
                    <property name="destinationTable" value="EPOLeafNode"/>
                    <property name="destinationColumns" value="AutoID"/>
                </bean>
            </list>
        </property>
    </bean>

    <!-- shared EPExtendedEvent enums -->
    <bean id="enum.BladeName" class="com.mcafee.orion.core.query.StaticEnum">
        <property name="column" value="BladeName"/>
        <property name="items">
            <map>
                <entry key="IDS_BLADE_NAME_SPB" value="bladename.SystemProtectionBlade"/>
                <entry key="IDS_BLADE_NAME_FW" value="bladename.FirewallBlade"/>
                <entry key="IDS_BLADE_NAME_WP" value="bladename.WebProtectionBlade"/>
                <entry key="IDS_BLADE_NAME_GEN" value="bladename.CommonBlade"/>
                <entry key="IDS_BLADE_NAME_TIE" value="bladename.ThreatIntelligenceBlade"/>
            </map>
        </property>
        <property name="resource" ref="ENDP_GS_1000.resource"/>
    </bean>

    <bean id="enum.AttackVectorType" class="com.mcafee.orion.core.query.StaticEnum">
        <property name="column" value="AttackVectorType"/>
        <property name="items">
            <map>
                <entry key="0" value="attackvectortype.none"/>
                <entry key="1" value="attackvectortype.web"/>
                <entry key="2" value="attackvectortype.externaldevice"/>
                <entry key="3" value="attackvectortype.network"/>
                <entry key="4" value="attackvectortype.localsystem"/>
                <entry key="5" value="attackvectortype.fileshare"/>
            </map>
        </property>
        <property name="resource" ref="ENDP_GS_1000.resource"/>
    </bean>

    <bean id="enum.Direction" class="com.mcafee.orion.core.query.StaticEnum">
        <property name="column" value="Direction"/>
        <property name="items">
            <map>
                <entry key="0" value="direction.incoming"/>
                <entry key="1" value="direction.outgoing"/>
            </map>
        </property>
        <property name="resource" ref="ENDP_GS_1000.resource"/>
    </bean>

    <bean id="ENDP_GS_1000.rt.ExtendedEvent" class="com.mcafee.orion.core.ui.RegisteredType">
        <property name="name" value="rt.ExtendedEvent.Name"/>
        <property name="description" value="rt.ExtendedEvent.Description"/>
        <property name="resource" ref="ENDP_GS_1000.resource"/>
        <property name="UID" value="EndpointExtendedEvent"/>
    </bean>

    <bean id="ENDP_GS_1000.ExtendedEvent" class="com.mcafee.orion.core.query.SquidTableInfo">
        <property name="resource" ref="ENDP_GS_1000.resource"/>
        <property name="tableName"  value="EPExtendedEvent"/>
        <property name="type" value="target"/>
        <property name="queryTargetGroup" ref="events.target.group"/>
        <property name="displayNameKey" value="ExtendedEvent.Name"/>
        <property name="descriptionKey" value="ExtendedEvent.Description"/>
        <property name="registeredTypeUID" value="EndpointExtendedEvent"/>
        <property name="propertyFormatter">
            <bean class="com.mcafee.endpoint.reports.DescriptiveAttackDataDA">
                <constructor-arg index="0" value="ENDP_GS_1000.EndpointExtendedEvent.da"/>
                <constructor-arg index="1" ref="ENDP_GS_1000.resource"/>
                <property name="eventsDA" ref="CommonEvents.EventsDA"/>
            </bean>
        </property>

        <property name="uidColumnName" value="EventAutoID"/>
        <isMultiTenant>
            <property name="permissionUri" value="perm:ENDP_GS_1000_PERM.permission.viewSquidQuery"/>
        </isMultiTenant>
		<isMultiTenant>		
			<extensionVersionIsGreaterThanOrEqual extension="console" version="5.9.38.41">
				<property name="allowCustomQueries" value="true"/>
			</extensionVersionIsGreaterThanOrEqual>
		</isMultiTenant>
        <property name="columns">
            <list>
                <isMultiTenant>
                    <value>EventAutoID              long        none</value>
                </isMultiTenant>
                <isNotMultiTenant>
                    <!-- If version is >= 5.4 then bigint. -->
                    <extensionVersionIsGreaterThanOrEqual extension="EPOCore" version="5.4">
                        <value>EventAutoID          long        none</value>
                    </extensionVersionIsGreaterThanOrEqual>
                    <!-- If version is < 5.4 then int. -->
                    <extensionVersionIsLessThan extension="EPOCore" version="5.4">
                        <value>EventAutoID          int         none</value>
                    </extensionVersionIsLessThan>
                </isNotMultiTenant>
                <value>Location                     string      select,group,cond</value>
                <value>BladeName                    string_enum ALL</value>
                <value>AnalyzerTechnologyVersion    string      select,group</value>
                <value>AnalyzerContentCreationDate  timestamp   select,group,cond</value>
                <value>AnalyzerContentVersion       string      select,group</value>
                <value>AMCoreContentVersion         string      select,group</value>
                <value>AnalyzerRuleID               string      select,group,cond</value>
                <value>AnalyzerRuleName             string      select,group</value>
                <value>AnalyzerRegInfo              string      select,group</value>
                <value>AnalyzerGTIQuery             boolean     select,group,cond</value>
                <value>ThreatDetectedOnCreation     boolean     select,group</value>
                <value>ThreatImpact                 string      select,group</value>
                <value>SourcePort                   int         select,group</value>
                <value>SourceShareName              string      select,group</value>
                <value>SourceProcessHash            string      select</value>
                <value>SourceProcessSigned          boolean     select,group</value>
                <value>SourceProcessSigner          string      select,group</value>
                <value>SourceParentProcessName      string      select,group</value>
                <value>SourceParentProcessHash      string      select</value>
                <value>SourceParentProcessSigned    boolean     select,group</value>
                <value>SourceParentProcessSigner    string      select,group</value>
                <value>SourceFilePath               string      select,group,cond</value>
                <value>SourceFileSize               long         select,group</value>
                <value>SourceHash                   string      select</value>
                <value>SourceSigned                 boolean     select,group</value>
                <value>SourceSigner                 string      select,group</value>
                <value>SourceModifyTime             timestamp   select,group,cond</value>
                <value>SourceAccessTime             timestamp   select,group,cond</value>
                <value>SourceCreateTime             timestamp   select,group,cond</value>
                <value>SourceDeviceDisplayName      string      select,group</value>
                <value>SourceDeviceSerialNumber     string      select,group</value>
                <value>SourceDeviceVID              string      select,group</value>
                <value>SourceDevicePID              string      select,group</value>
                <value>SourceDescription            string      select,group,cond</value>
                <value>SourceURLRatingCode          string      select,group</value>
                <value>SourceURLWebCategory         string      select,group</value>
                <value>TargetURL                    string      select,group</value>
                <value>TargetShareName              string      select,group</value>
                <value>TargetHash                   string      select,group,cond</value>
                <value>TargetSigned                 boolean     select,group</value>
                <value>TargetSigner                 string      select,group</value>
                <value>TargetParentProcessSigned    boolean     select,group</value>
                <value>TargetParentProcessSigner    string      select,group</value>
                <value>TargetParentProcessName      string      select,group</value>
                <value>TargetParentProcessHash      string      select</value>
                <value>TargetName                   string      select,group,cond</value>
                <value>TargetPath                   string      select,group,cond</value>
                <value>TargetFileSize               long         select,group</value>
                <value>TargetModifyTime             timestamp   select,group,cond</value>
                <value>TargetAccessTime             timestamp   select,group,cond</value>
                <value>TargetCreateTime             timestamp   select,group,cond</value>
                <value>TargetDeviceDisplayName      string      select,group</value>
                <value>TargetDeviceSerialNumber     string      select,group</value>
                <value>TargetDeviceVID              string      select,group</value>
                <value>TargetDevicePID              string      select,group</value>
                <value>TargetDescription            string      select,group</value>
                <value>Cleanable                    boolean     select,group</value>
                <value>TaskName                     string      select,group</value>
                <value>APIName                      string      select,group</value>
                <value>FirstAttemptedAction         string      select,group</value>
                <value>FirstActionStatus            boolean     select,group</value>
                <value>SecondAttemptedAction        string      select,group</value>
                <value>SecondActionStatus           boolean     select,group</value>
                <value>Topic                        string      select,group</value>
                <value>AttackVectorType             enum        ALL</value>
                <value>AccessRequested              string      select,group,cond</value>
                <value>DurationBeforeDetection      int         select,group,cond</value>
                <value>NaturalLangDescription       string      select,group</value>
                <value>Direction                    enum        select,group,cond</value>
            </list>
        </property>

        <property name="enums">
            <list>
                <ref bean="enum.BladeName"/>
                <ref bean="enum.AttackVectorType"/>
                <ref bean="enum.Direction"/>
            </list>
        </property>

        <property name="foreignKeys">
            <list>
                <bean class="com.mcafee.orion.core.query.table.ForeignKey">
                    <property name="joinType" value="left"/>
                    <property name="cardinality" value="one-to-one"/>
                    <property name="sourceTable" value="EPExtendedEvent"/>
                    <property name="sourceColumns" value="EventAutoID"/>
                    <property name="destinationTable" value="EPOEvents"/>
                    <property name="destinationColumns" value="AutoID"/>
                </bean>
            </list>
        </property>
    </bean>

    <!-- Custom Prop shared enums-->
    <bean id="enum.SPbComplianceStatus" class="com.mcafee.orion.core.query.StaticEnum">
        <property name="column" value="SPbComplianceStatus"/>
        <property name="items">
            <map>
                <entry key="0" value="Properties.Endpoint.Common.ComplianceStatus.0"/>
                <entry key="1" value="Properties.Endpoint.Common.ComplianceStatus.1"/>
            </map>
        </property>
        <property name="resource" ref="ENDP_GS_1000.resource"/>
    </bean>
    <bean id="enum.IsTimeBasedPasswordEnabled" class="com.mcafee.orion.core.query.StaticEnum">
        <property name="column" value="IsTimeBasedPasswordEnabled"/>
        <property name="items">
            <map>
                <entry key="0" value="Properties.Endpoint.Common.Enabled"/>
                <entry key="1" value="Properties.Endpoint.Common.Disabled"/>
            </map>
        </property>
        <property name="resource" ref="ENDP_GS_1000.resource"/>
    </bean>
    <bean id="enum.clientUIAccessLevel" class="com.mcafee.orion.core.query.StaticEnum">
        <property name="column" value="clientUIAccessLevel"/>
        <property name="items">
            <map>
                <entry key="0" value="policy.configure.client.interface.full.access.text"/>
                <entry key="1" value="policy.configure.client.interface.lock.client.interface.text"/>
                <entry key="2" value="policy.configure.client.interface.standard.access.text"/>
            </map>
        </property>
        <property name="resource" ref="ENDP_GS_1000.resource"/>
    </bean>
    <bean id="enum.gtiProxyType" class="com.mcafee.orion.core.query.StaticEnum">
        <property name="column" value="gtiProxyType"/>
        <property name="items">
            <map>
                <entry key="0" value="policy.configure.client.gti.no.proxy.server"/>
                <entry key="1" value="policy.configure.client.gti.use.system.proxy.settings"/>
                <entry key="2" value="policy.configure.client.gti.configure.proxy.server"/>
            </map>
        </property>
        <property name="resource" ref="ENDP_GS_1000.resource"/>
    </bean>
    <bean id="enum.APEventFilterlevel" class="com.mcafee.orion.core.query.StaticEnum">
        <property name="column" value="APEventFilterlevel"/>
        <property name="items">
            <map>
                <entry key="0" value="policy.client.AlertZero.text"/>
                <entry key="1" value="policy.client.AlertOne.text"/>
                <entry key="2" value="policy.client.AlertTwo.text"/>
                <entry key="3" value="policy.client.AlertThree.text"/>
                <entry key="4" value="policy.client.AlertFour.text"/>
                <entry key="5" value="policy.client.AlertFive.text"/>
            </map>
        </property>
        <property name="resource" ref="ENDP_GS_1000.resource"/>
    </bean>
    <bean id="enum.BOEventFilterlevel" class="com.mcafee.orion.core.query.StaticEnum">
        <property name="column" value="BOEventFilterlevel"/>
        <property name="items">
            <map>
                <entry key="0" value="policy.client.AlertZero.text"/>
                <entry key="1" value="policy.client.AlertOne.text"/>
                <entry key="2" value="policy.client.AlertTwo.text"/>
                <entry key="3" value="policy.client.AlertThree.text"/>
                <entry key="4" value="policy.client.AlertFour.text"/>
                <entry key="5" value="policy.client.AlertFive.text"/>
            </map>
        </property>
        <property name="resource" ref="ENDP_GS_1000.resource"/>
    </bean>
    <bean id="enum.FWEventFilterlevel" class="com.mcafee.orion.core.query.StaticEnum">
        <property name="column" value="FWEventFilterlevel"/>
        <property name="items">
            <map>
                <entry key="0" value="policy.client.AlertZero.text"/>
                <entry key="1" value="policy.client.AlertOne.text"/>
                <entry key="2" value="policy.client.AlertTwo.text"/>
                <entry key="3" value="policy.client.AlertThree.text"/>
                <entry key="4" value="policy.client.AlertFour.text"/>
                <entry key="5" value="policy.client.AlertFive.text"/>
            </map>
        </property>
        <property name="resource" ref="ENDP_GS_1000.resource"/>
    </bean>
    <bean id="enum.OASEventFilterlevel" class="com.mcafee.orion.core.query.StaticEnum">
        <property name="column" value="OASEventFilterlevel"/>
        <property name="items">
            <map>
                <entry key="0" value="policy.client.AlertZero.text"/>
                <entry key="1" value="policy.client.AlertOne.text"/>
                <entry key="2" value="policy.client.AlertTwo.text"/>
                <entry key="3" value="policy.client.AlertThree.text"/>
                <entry key="4" value="policy.client.AlertFour.text"/>
                <entry key="5" value="policy.client.AlertFive.text"/>
            </map>
        </property>
        <property name="resource" ref="ENDP_GS_1000.resource"/>
    </bean>
    <bean id="enum.ODSEventFilterlevel" class="com.mcafee.orion.core.query.StaticEnum">
        <property name="column" value="ODSEventFilterlevel"/>
        <property name="items">
            <map>
                <entry key="0" value="policy.client.AlertZero.text"/>
                <entry key="1" value="policy.client.AlertOne.text"/>
                <entry key="2" value="policy.client.AlertTwo.text"/>
                <entry key="3" value="policy.client.AlertThree.text"/>
                <entry key="4" value="policy.client.AlertFour.text"/>
                <entry key="5" value="policy.client.AlertFive.text"/>
            </map>
        </property>
        <property name="resource" ref="ENDP_GS_1000.resource"/>
    </bean>
    <bean id="enum.ATPEventFilterlevel" class="com.mcafee.orion.core.query.StaticEnum">
        <property name="column" value="ATPEventFilterlevel"/>
        <property name="items">
            <map>
                <entry key="0" value="policy.client.AlertZero.text"/>
                <entry key="1" value="policy.client.AlertOne.text"/>
                <entry key="2" value="policy.client.AlertTwo.text"/>
                <entry key="3" value="policy.client.AlertThree.text"/>
                <entry key="4" value="policy.client.AlertFour.text"/>
                <entry key="5" value="policy.client.AlertFive.text"/>
            </map>
        </property>
        <property name="resource" ref="ENDP_GS_1000.resource"/>
    </bean>
    <bean id="enum.WPEventFilterlevel" class="com.mcafee.orion.core.query.StaticEnum">
        <property name="column" value="WPEventFilterlevel"/>
        <property name="items">
            <map>
                <entry key="0" value="policy.client.AlertZero.text"/>
                <entry key="1" value="policy.client.AlertOne.text"/>
                <entry key="2" value="policy.client.AlertTwo.text"/>
                <entry key="3" value="policy.client.AlertThree.text"/>
                <entry key="4" value="policy.client.AlertFour.text"/>
                <entry key="5" value="policy.client.AlertFive.text"/>
            </map>
        </property>
        <property name="resource" ref="ENDP_GS_1000.resource"/>
    </bean>
    <bean id="enum.GlobalExclusionStatus" class="com.mcafee.orion.core.query.StaticEnum">
        <property name="resource" ref="ENDP_GS_1000.resource"/>
        <property name="column" value="GlobalExclusionStatus"/>
        <property name="items">
            <map>
                <entry key="-1" value="Properties.Endpoint.Common.Error"/>
                <entry key="0" value="Properties.Endpoint.Common.Disabled"/>
                <entry key="1" value="Properties.Endpoint.Common.Enabled"/>
            </map>
        </property>
    </bean>

    <bean id="ENDP_GS_1000.rt.GeneralCustomProps" class="com.mcafee.orion.core.ui.RegisteredType">
        <property name="name" value="rt.GeneralCustomProps.Name"/>
        <property name="description" value="rt.GeneralCustomProps.Description"/>
        <property name="resource" ref="ENDP_GS_1000.resource"/>
        <property name="UID" value="GeneralCustomProps"/>
    </bean>

    <!-- register the custom props table -->
    <bean id="ENDP_GS_1000.customProps.tableinfo" class="com.mcafee.orion.core.query.SquidTableInfo">
        <property name="tableName" value="GS_CustomProps"/>
        <property name="resource" ref="ENDP_GS_1000.resource"/>
        <property name="type" value="target"/>
        <property name="queryTargetGroup" ref="ENDP_GS_1000.query.target.group"/>
        <property name="displayNameKey" value="GeneralCustomProps.Name"/>
        <property name="descriptionKey" value="GeneralCustomProps.Description"/>
        <property name="registeredTypeUID" value="GeneralCustomProps"/>
        <property name="propertyFormatter">
            <bean class="com.mcafee.endpoint.reports.CommonDataDA">
                <constructor-arg index="0" value="ENDP_GS_1000.GeneralProtectionStatus.da"/>
                <constructor-arg index="1" ref="ENDP_GS_1000.resource"/>
            </bean>
        </property>
		<isMultiTenant>		
			<extensionVersionIsGreaterThanOrEqual extension="console" version="5.9.38.41">
				<property name="allowCustomQueries" value="true"/>
			</extensionVersionIsGreaterThanOrEqual>
		</isMultiTenant>
        <!-- see the installschema for the schema of the GS_CustomProps-->
        <property name="uidColumnName" value="AutoID"/>
        <isMultiTenant>
            <property name="permissionUri" value="perm:ENDP_GS_1000_PERM.permission.viewSquidQuery"/>
        </isMultiTenant>
        <property name="columns">          <!--columns of the GS_CustomProps-->
            <list>
                <value>AutoID                                   int none</value>
                <value>ParentID                                 int none</value>
                <value>LeafNodeID                               int none</value>
                <value>IsTimeBasedPasswordEnabled               enum all</value>
                <value>IsSPEnabled                              boolean all</value>
                <value>SPbComplianceStatus                      enum all</value>
                <value>SPComplianceStatus                       string all</value>
                <value>SPAdditionalComplianceStatus             string all</value>
                <value>UIPasswordChanged                        timestamp all</value>
                <value>clientUIAccessLevel                      enum all</value>
                <value>gtiProxyType                             enum all</value>
                <value>IsWindowsApplicationLoggingEnabled       boolean all</value>
                <value>IsSendEventsToepoEnabled                 boolean all</value>
                <value>APEventFilterlevel                       enum all</value>
                <value>BOEventFilterlevel                       enum all</value>
                <value>FWEventFilterlevel                       enum all</value>
                <value>OASEventFilterlevel                      enum all</value>
                <value>ODSEventFilterlevel                      enum all</value>
                <value>ATPEventFilterlevel                      enum all</value>
                <value>WPEventFilterlevel                       enum all</value>
                <value>IsClientActivityLoggingEnabled           boolean all</value>
                <value>IsODSScannedFileLoggingEnabled           boolean all</value>
                <value>IsAPClientDebugLoggingEnabled            boolean all</value>
                <value>IsBOClientDebugLoggingEnabled            boolean all</value>
                <value>IsOASClientDebugLoggingEnabled           boolean all</value>
                <value>IsODSClientDebugLoggingEnabled           boolean all</value>
                <value>IsFWClientDebugLoggingEnabled            boolean all</value>
                <value>IsWPClientDebugLoggingEnabled            boolean all</value>
                <value>IsATPClientDebugLoggingEnabled           boolean all</value>
                <value>ClientActivityLogSizeMB                  int all</value>
                <value>ClientDebugLogSizeMB                     int all</value>
                <value>ClientLogFilesLocation                   string all</value>
                <value>AacVersion                               string all</value>
                <value>Hotfixes                                 string all</value>
                <value>Patch                                    string all</value>
                <value>LicenseStatus                            string all</value>
                <value>Language                                 string all</value>
                <value>GlobalExclusionStatus                    enum all</value>
            </list>
        </property>
        <property name="foreignKeys">
            <list>
                <bean class="com.mcafee.orion.core.query.table.ForeignKey">
                    <property name="joinType" value="left"/>
                    <property name="cardinality" value="one-to-one"/>  <!-- IMPORTANT! This is what tells SQUID to add this Table to the sub-tables in the foreign query-able target -->
                    <property name="sourceColumns" value="LeafNodeID"/>
                    <property name="destinationTable" value="EPOLeafNode"/>
                    <property name="destinationColumns" value="AutoID"/>
                </bean>
            </list>
        </property>
        <property name="enums">
            <list>
                <ref bean="enum.SPbComplianceStatus"/>
                <ref bean="enum.IsTimeBasedPasswordEnabled"/>
                <ref bean="enum.clientUIAccessLevel"/>
                <ref bean="enum.gtiProxyType"/>
                <ref bean="enum.APEventFilterlevel"/>
                <ref bean="enum.BOEventFilterlevel"/>
                <ref bean="enum.FWEventFilterlevel"/>
                <ref bean="enum.OASEventFilterlevel"/>
                <ref bean="enum.ODSEventFilterlevel"/>
                <ref bean="enum.ATPEventFilterlevel"/>
                <ref bean="enum.WPEventFilterlevel"/>
                <ref bean="enum.GlobalExclusionStatus"/>
            </list>
        </property>
    </bean>

<!--========================= Rollup Squid ==========================-->
<isNotMultiTenant>
    <!-- rollup.events registered type -->
    <bean id="ENDP_GS_1000.rt.rollup.events" class="com.mcafee.orion.core.ui.RegisteredType">
        <property name="UID" value="ENDP_GS_1000.rt.rollup.events.id"/>
        <property name="resource" ref="ENDP_GS_1000.resource"/>
        <property name="name" value="rt.rollup.events.name"/>
        <property name="description" value="rt.rollup.events.description"/>
    </bean>

    <!-- rollup.props registered type -->
    <bean id="ENDP_GS_1000.rt.rollup.props" class="com.mcafee.orion.core.ui.RegisteredType">
        <property name="UID" value="ENDP_GS_1000.rt.rollup.props.id"/>
        <property name="resource" ref="ENDP_GS_1000.resource"/>
        <property name="name" value="rt.rollup.props.name"/>
        <property name="description" value="rt.rollup.props.description"/>
    </bean>

    <!-- rollup.events squid table -->
    <bean id="ENDP_GS_1000.squid.rollup.events" class="com.mcafee.orion.core.query.SquidTableInfo">
        <property name="resource" ref="ENDP_GS_1000.resource"/>
        <property name="displayNameKey" value="rollup.events.table.name"/>
        <property name="descriptionKey" value="rollup.events.table.description"/>
        <property name="type" value="rollup"/>
        <property name="registeredTypeUID" value="ENDP_GS_1000.rt.rollup.events.id"/>
        <property name="propertyFormatter">
            <bean class="com.mcafee.endpoint.reports.DescriptiveAttackDataDA">
                <constructor-arg index="0" value="ENDP_GS_1000.EndpointExtendedEvent.da"/>
                <constructor-arg index="1" ref="ENDP_GS_1000.resource"/>
                <property name="eventsDA" ref="CommonEvents.EventsDA"/>
            </bean>
        </property>

        <property name="tableName" value="ESPRollup_EPExtendedEvent"/>
        <property name="uidColumnName" value="EventAutoID"/>
        <property name="columns">
            <list>
                <value>RegSvrId                     int         none</value>
                <extensionVersionIsLessThan extension="EPOCore" version="5.4">
                    <value>EventAutoID              int         none</value>
                </extensionVersionIsLessThan>
                <extensionVersionIsGreaterThanOrEqual extension="EPOCore" version="5.4">
                    <value>EventAutoID              long        none</value>
                </extensionVersionIsGreaterThanOrEqual>
                <value>Location                     string      select,group,cond</value>
                <value>BladeName                    string_enum ALL</value>
                <value>AnalyzerTechnologyVersion    string      select,group</value>
                <value>AnalyzerContentCreationDate  timestamp   select,group,cond</value>
                <value>AnalyzerContentVersion       string      select,group</value>
                <value>AMCoreContentVersion         string      select,group</value>
                <value>AnalyzerRuleID               string      select,group</value>
                <value>AnalyzerRuleName             string      select,group</value>
                <value>AnalyzerRegInfo              string      select,group</value>
                <value>AnalyzerGTIQuery             boolean     select,group,cond</value>
                <value>ThreatDetectedOnCreation     boolean     select,group</value>
                <value>ThreatImpact                 string      select,group</value>
                <value>SourcePort                   int         select,group</value>
                <value>SourceShareName              string      select,group</value>
                <value>SourceProcessHash            string      select</value>
                <value>SourceProcessSigned          boolean     select,group</value>
                <value>SourceProcessSigner          string      select,group</value>
                <value>SourceParentProcessName      string      select,group</value>
                <value>SourceParentProcessHash      string      select</value>
                <value>SourceParentProcessSigned    boolean     select,group</value>
                <value>SourceParentProcessSigner    string      select,group</value>
                <value>SourceFilePath               string      select,group,cond</value>
                <value>SourceFileSize               long         select,group</value>
                <value>SourceHash                   string      select</value>
                <value>SourceSigned                 boolean     select,group</value>
                <value>SourceSigner                 string      select,group</value>
                <value>SourceModifyTime             timestamp   select,group,cond</value>
                <value>SourceAccessTime             timestamp   select,group,cond</value>
                <value>SourceCreateTime             timestamp   select,group,cond</value>
                <value>SourceDeviceDisplayName      string      select,group</value>
                <value>SourceDeviceSerialNumber     string      select,group</value>
                <value>SourceDeviceVID              string      select,group</value>
                <value>SourceDevicePID              string      select,group</value>
                <value>SourceDescription            string      select,group</value>
                <value>SourceURLRatingCode          string      select,group</value>
                <value>SourceURLWebCategory         string      select,group</value>
                <value>TargetURL                    string      select,group</value>
                <value>TargetShareName              string      select,group</value>
                <value>TargetHash                   string      select,group,cond</value>
                <value>TargetSigned                 boolean     select,group</value>
                <value>TargetSigner                 string      select,group</value>
                <value>TargetParentProcessSigned    boolean     select,group</value>
                <value>TargetParentProcessSigner    string      select,group</value>
                <value>TargetParentProcessName      string      select,group</value>
                <value>TargetParentProcessHash      string      select</value>
                <value>TargetName                   string      select,group,cond</value>
                <value>TargetPath                   string      select,group,cond</value>
                <value>TargetFileSize               long         select,group</value>
                <value>TargetModifyTime             timestamp   select,group,cond</value>
                <value>TargetAccessTime             timestamp   select,group,cond</value>
                <value>TargetCreateTime             timestamp   select,group,cond</value>
                <value>TargetDeviceDisplayName      string      select,group</value>
                <value>TargetDeviceSerialNumber     string      select,group</value>
                <value>TargetDeviceVID              string      select,group</value>
                <value>TargetDevicePID              string      select,group</value>
                <value>TargetDescription            string      select,group</value>
                <value>Cleanable                    boolean     select,group</value>
                <value>TaskName                     string      select,group</value>
                <value>APIName                      string      select,group</value>
                <value>FirstAttemptedAction         string      select,group</value>
                <value>FirstActionStatus            boolean     select,group</value>
                <value>SecondAttemptedAction        string      select,group</value>
                <value>SecondActionStatus           boolean     select,group</value>
                <value>Topic                        string      select,group</value>
                <value>AttackVectorType             enum        ALL</value>
                <value>AccessRequested              string      select,group,cond</value>
                <value>DurationBeforeDetection      int         select,group,cond</value>
                <value>NaturalLangDescription       string      select,group</value>
                <value>Direction                    enum        select,group,cond</value>
            </list>
        </property>
        <property name="foreignKeys">
            <list>
                <!-- OrionRegisteredServers.Id = .RegSvrId -->
                <bean class="com.mcafee.orion.core.query.table.ForeignKey">
                    <property name="joinType" value="left"/>
                    <property name="sourceTable" value="ESPRollup_EPExtendedEvent"/>
                    <property name="sourceColumns" value="RegSvrId"/>
                    <property name="destinationTable" value="OrionRegisteredServers"/>
                    <property name="destinationColumns" value="Id"/>
                </bean>

                <!-- EPORollup_Events(RegSvrId, AutoID) = ESPRollup_EPExtendedEvent(RegSvrId, EventAutoID) -->
                <bean class="com.mcafee.orion.core.query.table.ForeignKey">
                    <property name="joinType" value="left"/>
                    <property name="cardinality" value="one-to-one"/>
                    <property name="sourceTable" value="ESPRollup_EPExtendedEvent"/>
                    <property name="sourceColumns" value="RegSvrId,EventAutoID"/>
                    <property name="destinationTable" value="EPORollup_Events"/>
                    <property name="destinationColumns" value="RegSvrId,AutoID"/>
                </bean>
            </list>
        </property>
        <property name="enums">
            <list>
                <ref bean="enum.BladeName"/>
                <ref bean="enum.AttackVectorType"/>
                <ref bean="enum.Direction"/>
            </list>
        </property>
    </bean>

    <!-- rollup.props squid table -->
    <bean id="ENDP_GS_1000.squid.rollup.props" class="com.mcafee.orion.core.query.SquidTableInfo">
        <property name="resource" ref="ENDP_GS_1000.resource"/>
        <property name="displayNameKey" value="rollup.props.table.name"/>
        <property name="descriptionKey" value="rollup.props.table.description"/>
        <property name="type" value="rollup"/>
        <property name="registeredTypeUID" value="ENDP_GS_1000.rt.rollup.props.id"/>
        <property name="propertyFormatter">
            <bean class="com.mcafee.endpoint.reports.CommonDataDA">
                <constructor-arg index="0" value="ENDP_GS_1000.GeneralProtectionStatus.da"/>
                <constructor-arg index="1" ref="ENDP_GS_1000.resource"/>
            </bean>
        </property>

        <property name="tableName" value="ESPRollup_GS_CustomProps"/>
        <property name="uidColumnName" value="AutoID"/>
        <property name="columns">
            <list>
                <value>RegSvrId                                 int none</value>
                <value>AutoID                                   int none</value>
                <value>ParentID                                 int none</value>
                <value>IsTimeBasedPasswordEnabled               enum all</value>
                <value>IsSPEnabled                              boolean all</value>
                <value>SPbComplianceStatus                      enum all</value>
                <value>SPComplianceStatus                       string all</value>
                <value>SPAdditionalComplianceStatus             string all</value>
                <value>UIPasswordChanged                        timestamp all</value>
                <value>clientUIAccessLevel                      enum all</value>
                <value>gtiProxyType                             enum all</value>
                <value>IsWindowsApplicationLoggingEnabled       boolean all</value>
                <value>IsSendEventsToepoEnabled                 boolean all</value>
                <value>APEventFilterlevel                       enum all</value>
                <value>BOEventFilterlevel                       enum all</value>
                <value>FWEventFilterlevel                       enum all</value>
                <value>OASEventFilterlevel                      enum all</value>
                <value>ODSEventFilterlevel                      enum all</value>
                <value>ATPEventFilterlevel                      enum all</value>
                <value>WPEventFilterlevel                       enum all</value>
                <value>IsClientActivityLoggingEnabled           boolean all</value>
				<value>IsODSScannedFileLoggingEnabled           boolean all</value>
                <value>IsAPClientDebugLoggingEnabled            boolean all</value>
                <value>IsBOClientDebugLoggingEnabled            boolean all</value>
                <value>IsOASClientDebugLoggingEnabled           boolean all</value>
                <value>IsODSClientDebugLoggingEnabled           boolean all</value>
                <value>IsFWClientDebugLoggingEnabled            boolean all</value>
                <value>IsWPClientDebugLoggingEnabled            boolean all</value>
                <value>IsATPClientDebugLoggingEnabled           boolean all</value>
                <value>ClientActivityLogSizeMB                  int all</value>
                <value>ClientDebugLogSizeMB                     int all</value>
                <value>ClientLogFilesLocation                   string all</value>
                <value>AacVersion                               string all</value>
                <value>Hotfixes                                 string all</value>
                <value>Patch                                    string all</value>
                <value>LicenseStatus                            string all</value>
                <value>Language                                 string all</value>
                <value>GlobalExclusionStatus                    enum all</value>
            </list>
        </property>
        <property name="foreignKeys">
            <list>
                <!-- OrionRegisteredServers.Id = ESPRollup_GS_CustomProps.RegSvrId -->
                <bean class="com.mcafee.orion.core.query.table.ForeignKey">
                    <property name="joinType" value="left"/>
                    <property name="sourceTable" value="ESPRollup_GS_CustomProps"/>
                    <property name="sourceColumns" value="RegSvrId"/>
                    <property name="destinationTable" value="OrionRegisteredServers"/>
                    <property name="destinationColumns" value="Id"/>
                </bean>

                <!-- EPORollup_ProductProperties(ServerId, ExternalId) = ESPRollup_GS_CustomProps(RegSvrId, ParentID) -->
                <bean class="com.mcafee.orion.core.query.table.ForeignKey">
                    <property name="joinType" value="left"/>
                    <property name="cardinality" value="one-to-one"/>
                    <property name="sourceTable" value="ESPRollup_GS_CustomProps"/>
                    <property name="sourceColumns" value="RegSvrId,ParentID"/>
                    <property name="destinationTable" value="EPORollup_ProductPropertiesENDPOINTSECURITYPLATFORM"/>
                    <property name="destinationColumns" value="ServerId,ExternalId"/>
                </bean>
            </list>
        </property>
        <property name="enums">
            <list>
                <ref bean="enum.SPbComplianceStatus"/>
                <ref bean="enum.IsTimeBasedPasswordEnabled"/>
                <ref bean="enum.clientUIAccessLevel"/>
                <ref bean="enum.gtiProxyType"/>
                <ref bean="enum.APEventFilterlevel"/>
                <ref bean="enum.BOEventFilterlevel"/>
                <ref bean="enum.FWEventFilterlevel"/>
                <ref bean="enum.OASEventFilterlevel"/>
                <ref bean="enum.ODSEventFilterlevel"/>
                <ref bean="enum.ATPEventFilterlevel"/>
                <ref bean="enum.WPEventFilterlevel"/>
                <ref bean="enum.GlobalExclusionStatus"/>
            </list>
        </property>
    </bean>
</isNotMultiTenant>

<!--=========================  ==========================-->
    <bean id="ENDP_GS_1000.customProps.queryInjector" class="com.mcafee.endpoint.security.NodePermissionsQueryInjector">
        <property name="id" value="ENDP_GS_1000.customProps.queryInjector"/>
        <property name="injectableTables">
            <set>
                <value>GS_CustomProps</value>
                <value>EndpointInstallationStatus_View</value>
                <value>AM_EndpointTechnologyStatus_View</value>
            </set>
        </property>
    </bean>

    <!--=========================  ==========================-->

    <bean id="ENDP_GS_1000.rt.ClientUILockOutStatusTable" class="com.mcafee.orion.core.ui.RegisteredType"  scope="singleton">
        <property name="UID" value="ENDP_GS_1000.rt.ClientUILockOutStatusTable" />
        <property name="name" value="ENDP_GS_1000.rt.ClientUILockOutStatusTable.name" />
        <property name="description" value="ENDP_GS_1000.rt.ClientUILockOutStatusTable.description" />
        <property name="resource" ref="ENDP_GS_1000.resource" />
    </bean>

    <bean id="ENDP_GS_1000.squid.ClientUILockOutStatusTable" class="com.mcafee.orion.core.query.SquidTableInfo" scope="singleton">
        <property name="tableName" value="ClientUILockOutStatusTable_view" />
        <property name="type" value="target" />
        <property name="uidColumnName" value="AutoID" />
        <isMultiTenant>
            <property name="permissionUri" value="perm:ENDP_GS_1000_PERM.permission.viewSquidQuery"/>
        </isMultiTenant>
        <property name="columns">   <!-- declare all the column of your table -->
            <list>
                <value>Username string all</value>
                <value>AutoID int all</value>
                <value>FailedAttemptTimeStamp timestamp all</value>
                <value>FailedAttemptCount int all</value>
                <value>UiUnlockTime int all</value>
                <value>MaxAttemptCount int all</value>
                <value>AgentGuid string all</value>
            </list>
        </property>
        <property name="foreignKeys">
            <list>
                <bean class="com.mcafee.orion.core.query.table.ForeignKey">
                    <property name="joinType" value="left" />
                    <property name="cardinality" value="one-to-one" />
                    <property name="sourceTable" value="ClientUILockOutStatusTable_view" />
                    <property name="sourceColumns" value="AgentGuid" />
                    <property name="destinationTable" value="EPOLeafNode" />
                    <property name="destinationColumns" value="AgentGUID" />
                </bean>
            </list>
        </property>
        <property name="resource" ref="ENDP_GS_1000.resource" />
        <property name="registeredTypeUID" value="ENDP_GS_1000.rt.ClientUILockOutStatusTable" />
        <property name="displayNameKey" value="ENDP_GS_1000.rt.ClientUILockOutStatusTable.table.name" />
        <property name="descriptionKey" value="ENDP_GS_1000.rt.ClientUILockOutStatusTable.table.desc" />
        <!--<property name="queryTargetGroup" ref="ENDP_GS_1000.query.target.group" /> -->
    </bean>

    <bean id="ENDP_GS_1000.squid.ClientUICurrentLockOutStatus.tableaction" class="com.mcafee.orion.core.ui.UIActionInfo" scope="singleton">
        <property name="id" value="ENDP_GS_1000.rt.ClientUILockOutStatusTable.tableaction.name"/>
        <property name="registeredType" ref="ENDP_GS_1000.rt.ClientUILockOutStatusTable"/>
        <property name="resource" ref="ENDP_GS_1000.resource"/>
        <property name="displayNameKey" value="ENDP_GS_1000.rt.ClientUICurrentLockOutStatus.PurgeAuditLogs"/>
        <property name="input" value="0"/>
        <property name="preActionKey" value="ENDP_GS_1000.rt.ClientUILockOutStatusTable.preaction.txt"/>
        <property name="actionContext" value="/ENDP_GS_1000"/>
        <property name="actionURL" value="/purgeAuditLogs.do"/>
        <property name="actionMethod" value="POST"/>
        <property name="output" value="new"/>
    </bean>


    <!-- ==========================-->

    <bean id="ENDP_GS_1000.rt.ClientUICurrentLockOutStatus_View" class="com.mcafee.orion.core.ui.RegisteredType"  scope="singleton">
        <property name="UID" value="ENDP_GS_1000.rt.ClientUICurrentLockOutStatus_View" />
        <property name="name" value="ENDP_GS_1000.rt.ClientUICurrentLockOutStatus_View.name" />
        <property name="description" value="ENDP_GS_1000.rt.ClientUICurrentLockOutStatus_View.description" />
        <property name="resource" ref="ENDP_GS_1000.resource" />
    </bean>

    <bean id="ENDP_GS_1000.squid.ClientUICurrentLockOutStatusTable" class="com.mcafee.orion.core.query.SquidTableInfo" scope="singleton">
        <property name="tableName" value="ClientUICurrentLockOutStatus_View" />
        <property name="type" value="target" />
        <property name="uidColumnName" value="AutoID" />
        <isMultiTenant>
            <property name="permissionUri" value="perm:ENDP_GS_1000_PERM.permission.viewSquidQuery"/>
        </isMultiTenant>
        <property name="columns">
            <list>
                <value>AutoID int all</value>
                <value>Username string all</value>
                <value>FailedAttemptTimeStamp timestamp all</value>
                <value>FailedAttemptCount int all</value>
                <value>MaxAttemptCount int all</value>
                <value>AgentGuid string all</value>
            </list>
        </property>
        <property name="foreignKeys">
            <list>
                <bean class="com.mcafee.orion.core.query.table.ForeignKey">
                    <property name="joinType" value="left" />
                    <property name="cardinality" value="one-to-one" />
                    <property name="sourceTable" value="ClientUICurrentLockOutStatus_View" />
                    <property name="sourceColumns" value="AgentGuid" />
                    <property name="destinationTable" value="EPOLeafNode" />
                    <property name="destinationColumns" value="AgentGUID" />
                </bean>
            </list>
        </property>
        <property name="resource" ref="ENDP_GS_1000.resource" />
        <property name="registeredTypeUID" value="ENDP_GS_1000.rt.ClientUICurrentLockOutStatus_View" />
        <property name="displayNameKey" value="ENDP_GS_1000.rt.ClientUICurrentLockOutStatus_View.table.name" />
        <property name="descriptionKey" value="ENDP_GS_1000.rt.ClientUICurrentLockOutStatus_View.table.desc" />
        <!-- <property name="queryTargetGroup" ref="ENDP_GS_1000.query.target.group" /> -->
    </bean>

    <bean id="ENDP_GS_1000.squid.ClientUICurrentLockOutStatus_View.tableaction" class="com.mcafee.orion.core.ui.UIActionInfo" scope="singleton">
        <property name="id" value="ENDP_GS_1000.rt.ClientUICurrentLockOutStatus_View.tableaction.name"/>
        <property name="registeredType" ref="ENDP_GS_1000.rt.ClientUICurrentLockOutStatus_View"/>
        <property name="resource" ref="ENDP_GS_1000.resource"/>
        <property name="displayNameKey" value="ENDP_GS_1000.rt.ClientUICurrentLockOutStatus_View.UnLockClientTask"/>
        <property name="input" value="0"/>
        <property name="preActionKey" value="ENDP_GS_1000.rt.ClientUICurrentLockOutStatus_View.preaction.txt"/>
        <property name="actionContext" value="/ENDP_GS_1000"/>
        <property name="actionURL" value="/unlockClientTask.do"/>
        <property name="actionMethod" value="POST"/>
        <property name="output" value="new"/>
    </bean>
</beans>

