<project name='ENDPL_LIC' default='install' basedir='.'>
    <property file="extension.properties"/>
    <!-- Copyright (C) 2016 McAfee Inc.  All rights reserved.-->
    <!-- the context URL the webapp will be installed to -->
    <property name="context" value="/ENDPL_LIC"/>

    <target name="install">
        <echo message="Install called for ${extension.name} (version ${extension.version})"/>
        <install-webapp dir="webapp" context="${context}"/>
    </target>

    <target name="uninstall">
        <echo message="Uninstall called for ${extension.name} (version ${extension.version})"/>
        <remove-webapp context="${context}"/>
    </target>

    <target name="upgrade">
        <remove-webapp context="${context}"/>
        <install-webapp dir="webapp" context="${context}"/>
    </target>
    <target name="downgrade"/>
</project>
