<?xml version="1.0" encoding="UTF-8"?>
<beans xmlns="http://www.springframework.org/schema/beans"
       default-lazy-init="false" default-autowire="no" default-dependency-check="none"
       xmlns:xsi="http://www.w3.org/2001/XMLSchema-instance"
       xsi:schemaLocation="http://www.springframework.org/schema/beans http://www.springframework.org/schema/beans/spring-beans-2.0.xsd">
    <bean id="ENDP_AM_1000.ThreatMessageFormatter" class="com.mcafee.VirusScan.policies.comparator.ThreatMessageFormatter">
        <property name="resource" ref="ENDP_AM_1000.resource"/>
    </bean>
    <bean id="ENDP_AM_1000.trueFalseFormatter" class="com.mcafee.VirusScan.policies.comparator.TrueFalseFormatter">
        <property name="resource" ref="ENDP_AM_1000.resource"/>
    </bean>
    <bean id="ENDP_AM_1000.fileTypesToScanFormatter"
          class="com.mcafee.VirusScan.policies.comparator.FileTypesToScanFormatter">
        <property name="resource" ref="ENDP_AM_1000.resource"/>
    </bean>
    <bean id="ENDP_AM_1000.fileExtensionsFormatter"
          class="com.mcafee.VirusScan.policies.comparator.FileExtensionsFormatter">
        <property name="resource" ref="ENDP_AM_1000.resource"/>
    </bean>
    <bean id="ENDP_AM_1000.securitySettingsFormatter"
          class="com.mcafee.VirusScan.policies.comparator.SecuritySettingsFormatter">
        <property name="resource" ref="ENDP_AM_1000.resource"/>
    </bean>
    <bean id="ENDP_AM_1000.processSettingsFormatter"
          class="com.mcafee.VirusScan.policies.comparator.ProcessSettingsFormatter">
        <property name="resource" ref="ENDP_AM_1000.resource"/>
    </bean>
    <bean id="ENDP_AM_1000.enterceptModeFormatter"
          class="com.mcafee.VirusScan.policies.comparator.EnterceptModeFormatter">
        <property name="resource" ref="ENDP_AM_1000.resource"/>
    </bean>
    <bean id="ENDP_AM_1000.logFileSizeFormatter" class="com.mcafee.VirusScan.policies.comparator.LogFileSizeFormatter">
        <property name="resource" ref="ENDP_AM_1000.resource"/>
    </bean>
    <bean id="ENDP_AM_1000.logFileFormatFormatter"
          class="com.mcafee.VirusScan.policies.comparator.LogFileFormatFormatter">
        <property name="resource" ref="ENDP_AM_1000.resource"/>
    </bean>
    <bean id="ENDP_AM_1000.heuristicsFormatter"
          class="com.mcafee.VirusScan.policies.comparator.HeuristicsFormatter">
        <property name="resource" ref="ENDP_AM_1000.resource"/>
    </bean>
    <bean id="ENDP_AM_1000.OAScanOptionFormatter"
          class="com.mcafee.VirusScan.policies.comparator.OAScanOptionFormatter">
        <property name="resource" ref="ENDP_AM_1000.resource"/>
    </bean>
    <bean id="ENDP_AM_1000.processTypeFormatter"
          class="com.mcafee.VirusScan.policies.comparator.ProcessTypeFormatter">
        <property name="resource" ref="ENDP_AM_1000.resource"/>
    </bean>
    <bean id="ENDP_AM_1000.severityLevelFormatter"
          class="com.mcafee.VirusScan.policies.comparator.SeverityLevelFormatter">
        <property name="resource" ref="ENDP_AM_1000.resource"/>
    </bean>
    <bean id="ENDP_AM_1000.taskAttribFormatter"
          class="com.mcafee.VirusScan.policies.comparator.TaskAttribFormatter">
        <property name="resource" ref="ENDP_AM_1000.resource"/>
    </bean>
    <bean id="ENDP_AM_1000.uiTypeFormatter"
          class="com.mcafee.VirusScan.policies.comparator.UITypeFormatter">
        <property name="resource" ref="ENDP_AM_1000.resource"/>
    </bean>
    <bean id="ENDP_AM_1000.taskIdentifierFormatter"
          class="com.mcafee.VirusScan.policies.comparator.TaskIdentifierFormatter">
        <property name="resource" ref="ENDP_AM_1000.resource"/>
    </bean>
    <bean id="ENDP_AM_1000.taskTypeFormatter"
          class="com.mcafee.VirusScan.policies.comparator.TaskTypeFormatter">
        <property name="resource" ref="ENDP_AM_1000.resource"/>
    </bean>
    <bean id="ENDP_AM_1000.odsTaskActionFormatter"
          class="com.mcafee.VirusScan.policies.comparator.ODSTaskActionFormatter">
        <property name="resource" ref="ENDP_AM_1000.resource"/>
    </bean>
    <bean id="ENDP_AM_1000.logFileSizeKBFormatter"
          class="com.mcafee.VirusScan.policies.comparator.LogFileSizeKBFormatter">
        <property name="resource" ref="ENDP_AM_1000.resource"/>
    </bean>
    <bean id="ENDP_AM_1000.odsTaskPriorityFormatter"
          class="com.mcafee.VirusScan.policies.comparator.ODSTaskPriorityFormatter">
        <property name="resource" ref="ENDP_AM_1000.resource"/>
    </bean>
    <bean id="ENDP_AM_1000.yesNoFormatter"
          class="com.mcafee.VirusScan.policies.comparator.YesNoFormatter">
        <property name="resource" ref="ENDP_AM_1000.resource"/>
    </bean>
    <bean id="ENDP_AM_1000.enabledDisabledFormatter"
          class="com.mcafee.VirusScan.policies.comparator.EnabledDisabledFormatter">
        <property name="resource" ref="ENDP_AM_1000.resource"/>
    </bean>
    <bean id="ENDP_AM_1000.logLevelFormatter"
          class="com.mcafee.VirusScan.policies.comparator.LogLevelFormatter">
        <property name="resource" ref="ENDP_AM_1000.resource"/>
    </bean>
    <bean id="ENDP_AM_1000.deferMessageFormatter"
          class="com.mcafee.VirusScan.policies.comparator.DeferMessageFormatter">
        <property name="resource" ref="ENDP_AM_1000.resource"/>
    </bean>

    <!--Buffer Overflow Exploit Prevention policy-->
    <bean id="ENDP_AM_1000.bufferoverflow.simpleSectionHandler"
          class="com.mcafee.epo.product.comparison.handler.SimpleSectionHandler">
        <property name="resource" ref="ENDP_AM_1000.resource"/>
        <property name="sectionKeys">
            <list>
                <value>bopExclusions</value>
                <value>bopStatus</value>
            </list>
        </property>
    </bean>

    <bean id="ENDP_AM_1000.bufferoverflow.simpleSettingHandler"
          class="com.mcafee.epo.product.comparison.handler.SimpleSettingHandler">
        <property name="resource" ref="ENDP_AM_1000.resource"/>
    </bean>

    <bean id="ENDP_AM_1000.bufferoverflow.policyComparator"
          class="com.mcafee.VirusScan.policies.bufferoverflow.BufferOverflowPolicyComparator">
        <!--class="com.mcafee.epo.policy.comparison.SimplePolicyObjectComparator">-->
        <property name="id" value="ENDP_AM_1000.bufferoverflow.policyComparator"/>
        <property name="productId" value="ENDP_AM_1000"/>
        <property name="featureId" value="ENDP_AM_1000"/>
        <property name="categoryId" value="EAM_BufferOverflow_Policies"/>
        <property name="policyTypeService" ref="epo.policyTypeService"/>
        <property name="policyObjectService" ref="epo.policyObjectService"/>
        <property name="resource" ref="ENDP_AM_1000.resource"/>
        <!--<property name="sectionHandlers">-->
        <!--<list>-->
        <!--<ref bean="ENDP_AM_1000.bufferoverflow.simpleSectionHandler"/>-->
        <!--</list>-->
        <!--</property>-->
        <!--<property name="settingHandlers">-->
        <!--<list>-->
        <!--&lt;!&ndash;<bean class="com.mcafee.VirusScan.policies.comparator.SettingListHandler">&ndash;&gt;-->
        <!--&lt;!&ndash;<property name="prefix" value="EnterceptExclusionAPI"/>&ndash;&gt;-->
        <!--&lt;!&ndash;<property name="resource" ref="ENDP_AM_1000.resource"/>&ndash;&gt;-->
        <!--&lt;!&ndash;</bean>&ndash;&gt;-->
        <!--<bean class="com.mcafee.VirusScan.policies.comparator.SettingListHandler">-->
        <!--<property name="prefix" value="bopExclusionProcess"/>-->
        <!--<property name="resource" ref="ENDP_AM_1000.resource"/>-->
        <!--</bean>-->
        <!--<bean parent="ENDP_AM_1000.bufferoverflow.simpleSettingHandler">-->
        <!--<property name="prefix" value="BufferOverflow"/>-->
        <!--<property name="formatter" ref="ENDP_AM_1000.trueFalseFormatter"/>-->
        <!--<property name="settingKeys">-->
        <!--<list>-->
        <!--</list>-->
        <!--</property>-->
        <!--</bean>-->
        <!--<bean parent="ENDP_AM_1000.bufferoverflow.simpleSettingHandler">-->
        <!--<property name="prefix" value="BufferOverflow"/>-->
        <!--<property name="formatter" ref="ENDP_AM_1000.yesNoFormatter"/>-->
        <!--<property name="settingKeys">-->
        <!--<list>-->
        <!--</list>-->
        <!--</property>-->
        <!--</bean>-->
        <!--<bean parent="ENDP_AM_1000.bufferoverflow.simpleSettingHandler">-->
        <!--<property name="prefix" value="BufferOverflow"/>-->
        <!--<property name="formatter" ref="ENDP_AM_1000.enabledDisabledFormatter"/>-->
        <!--<property name="settingKeys">-->
        <!--<list>-->
        <!--<value>bopStatus.bopEnabled</value>-->
        <!--<value>bopStatus.bopUseGPEPEnabled</value>-->
        <!--<value>bopStatus.bopUseDEPEnabled</value>-->
        <!--<value>bopStatus.bopBlockEnabled</value>-->
        <!--<value>bopStatus.bopReportEnabled</value>-->
        <!--</list>-->
        <!--</property>-->
        <!--</bean>-->
        <!--<bean parent="ENDP_AM_1000.bufferoverflow.simpleSettingHandler">-->
        <!--<property name="prefix" value="BufferOverflow"/>-->
        <!--<property name="formatter" ref="ENDP_AM_1000.enterceptModeFormatter"/>-->
        <!--<property name="settingKeys">-->
        <!--<list>-->
        <!--<value>bopStatus.bopLevel</value>-->
        <!--</list>-->
        <!--</property>-->
        <!--</bean>-->
        <!--&lt;!&ndash;<bean parent="ENDP_AM_1000.bufferoverflow.simpleSettingHandler">&ndash;&gt;-->
        <!--&lt;!&ndash;<property name="prefix" value="BufferOverflow"/>&ndash;&gt;-->
        <!--&lt;!&ndash;<property name="formatter" ref="ENDP_AM_1000.logFileFormatFormatter"/>&ndash;&gt;-->
        <!--&lt;!&ndash;<property name="settingKeys">&ndash;&gt;-->
        <!--&lt;!&ndash;<list>&ndash;&gt;-->
        <!--&lt;!&ndash;<value>Wrkstn_EntReports.LogFileFormat_Ent</value>&ndash;&gt;-->
        <!--&lt;!&ndash;</list>&ndash;&gt;-->
        <!--&lt;!&ndash;</property>&ndash;&gt;-->
        <!--&lt;!&ndash;</bean>&ndash;&gt;-->
        <!--&lt;!&ndash;<bean parent="ENDP_AM_1000.bufferoverflow.simpleSettingHandler">&ndash;&gt;-->
        <!--&lt;!&ndash;<property name="prefix" value="BufferOverflow"/>&ndash;&gt;-->
        <!--&lt;!&ndash;<property name="formatter" ref="ENDP_AM_1000.logFileSizeFormatter"/>&ndash;&gt;-->
        <!--&lt;!&ndash;<property name="settingKeys">&ndash;&gt;-->
        <!--&lt;!&ndash;<list>&ndash;&gt;-->
        <!--&lt;!&ndash;<value>Wrkstn_EntReports.dwMaxLogSizeMB_Ent</value>&ndash;&gt;-->
        <!--&lt;!&ndash;</list>&ndash;&gt;-->
        <!--&lt;!&ndash;</property>&ndash;&gt;-->
        <!--&lt;!&ndash;</bean>&ndash;&gt;-->
        <!--<bean parent="ENDP_AM_1000.bufferoverflow.simpleSettingHandler">-->
        <!--<property name="prefix" value="BufferOverflow"/>-->
        <!--<property name="settingKeys">-->
        <!--<list>-->
        <!--<value>bopExclItems.bopProcessExclCount</value>-->
        <!--</list>-->
        <!--</property>-->
        <!--</bean>-->
        <!--</list>-->
        <!--</property>-->
    </bean>

    <!--OAS Policy-->
    <bean id="ENDP_AM_1000.oasgeneral.simpleSectionHandler"
          class="com.mcafee.epo.product.comparison.handler.SimpleSectionHandler">
        <property name="resource" ref="ENDP_AM_1000.resource"/>
        <property name="prefix" value="OASGeneral"/>
        <property name="sectionKeys">
            <list>
                <value>General</value>
                <value>ScriptScan</value>
                <value>ScriptScanURLExclItems</value>
                <value>Alerting</value>
                <value>Application</value>
                <value>Default-Detection</value>
                <value>Default-Detection_Exclusions</value>
                <value>GTI</value>
                <value>HighRisk-Detection</value>
                <value>HighRisk-Detection_Exclusions</value>
                <value>LowRisk-Detection</value>
                <value>LowRisk-Detection_Exclusions</value>
            </list>
        </property>
    </bean>

    <bean id="ENDP_AM_1000.oasgeneral.simpleSettingHandler"
          class="com.mcafee.epo.product.comparison.handler.SimpleSettingHandler">
        <property name="resource" ref="ENDP_AM_1000.resource"/>
    </bean>
    <bean id="ENDP_AM_1000.oasgeneral.policyComparator"
          class="com.mcafee.VirusScan.policies.comparator.PolicyObjectComparator">
        <!--class="com.mcafee.epo.policy.comparison.SimplePolicyObjectComparator">-->

        <property name="id" value="ENDP_AM_1000.oasgeneral.policyComparator"/>
        <property name="productId" value="ENDP_AM_1000"/>
        <property name="featureId" value="ENDP_AM_1000"/>
        <property name="categoryId" value="EAM_General_Policies"/>
        <property name="resource" ref="ENDP_AM_1000.resource"/>
        <property name="sectionHandlers">
            <list>
                <ref bean="ENDP_AM_1000.oasgeneral.simpleSectionHandler"/>
            </list>
        </property>
        <property name="settingHandlers">
            <list>
                <bean class="com.mcafee.VirusScan.policies.comparator.SettingListHandler">
                    <property name="prefix" value="ScriptScanExclusionProcess"/>
                    <property name="resource" ref="ENDP_AM_1000.resource"/>
                </bean>
                <bean class="com.mcafee.VirusScan.policies.comparator.SettingListHandler">
                    <property name="prefix" value="ScriptScanExclusionURL"/>
                    <property name="resource" ref="ENDP_AM_1000.resource"/>
                </bean>
                <bean class="com.mcafee.VirusScan.policies.comparator.SettingListHandler">
                    <property name="prefix" value="szApplicationItem"/>
                    <property name="resource" ref="ENDP_AM_1000.resource"/>
                </bean>
                <bean class="com.mcafee.VirusScan.policies.comparator.SettingListHandler">
                    <property name="prefix" value="TypeItem"/>
                    <property name="resource" ref="ENDP_AM_1000.resource"/>
                    <property name="formatter" ref="ENDP_AM_1000.processTypeFormatter"/>
                </bean>
                <bean class="com.mcafee.VirusScan.policies.comparator.SettingListHandlerExclusions">
                    <property name="resource" ref="ENDP_AM_1000.resource"/>
                    <property name="prefix" value="ExcludedItem"/>
                    <property name="stringTools" ref="ENDP_AM_1000.StringTools"/>
                </bean>
                <bean parent="ENDP_AM_1000.oasgeneral.simpleSettingHandler">
                    <property name="prefix" value="OASGeneral"/>
                    <property name="formatter" ref="ENDP_AM_1000.trueFalseFormatter"/>
                    <property name="settingKeys">
                        <list>
                            <value></value>
                        </list>
                    </property>
                </bean>
                <bean parent="ENDP_AM_1000.oasgeneral.simpleSettingHandler">
                    <property name="prefix" value="OASGeneral"/>
                    <property name="formatter" ref="ENDP_AM_1000.yesNoFormatter"/>
                    <property name="settingKeys">
                        <list>
                            <value>General.scanShadowCopyDisableStatus</value>
                        </list>
                    </property>
                </bean>
                <bean parent="ENDP_AM_1000.oasgeneral.simpleSettingHandler">
                    <property name="prefix" value="OASGeneral"/>
                    <property name="formatter" ref="ENDP_AM_1000.enabledDisabledFormatter"/>
                    <property name="settingKeys">
                        <list>
                            <value>ScriptScan.scriptScanEnabled</value>
                            <value>Alerting.bShowAlerts</value>
                            <value>Default-Detection.bApplyNVP</value>
                            <value>Default-Detection.bNetworkScanEnabled</value>
                            <value>Default-Detection.bScanArchives</value>
                            <value>Default-Detection.bUnknownProgramHeuristics</value>
                            <value>Default-Detection.bUnknownMacroHeuristics</value>
                            <value>Default-Detection.bScanBackupReads</value>
                            <value>Default-Detection.bScanMime</value>
                            <value>Default-Detection_Exclusions.bOverwriteExclusions</value>
                            <value>General.bEnforceMaxScanTime</value>
                            <value>General.bOASEnabled</value>
                            <value>General.bOnlyUseDefaultConfig</value>
                            <value>General.bScanBootSectors</value>
                            <value>General.bStartEnabled</value>
                            <value>General.scanProcessesOnEnable</value>
                            <value>General.scanTrustedInstallers</value>
                            <value>General.scanCopyLocalFolders</value>
                            <value>General.scanCopyNetworkRemovable</value>
                            <value>General.scanEmailAttachments</value>
                            <value>General.scanUsingAMSIHooks</value>
                            <value>General.enableAMSIObserveMode</value>
                            <value>General.bAllowDisableViaMcTray</value>
                            <value>HighRisk-Detection.bApplyNVP</value>
                            <value>HighRisk-Detection.bNetworkScanEnabled</value>
                            <value>HighRisk-Detection.bScanArchives</value>
                            <value>HighRisk-Detection.bUnknownProgramHeuristics</value>
                            <value>HighRisk-Detection.bUnknownMacroHeuristics</value>
                            <value>HighRisk-Detection.bScanBackupReads</value>
                            <value>HighRisk-Detection.bScanMime</value>
                            <value>HighRisk-Detection_Exclusions.bOverwriteExclusions</value>
                            <value>LowRisk-Detection.bApplyNVP</value>
                            <value>LowRisk-Detection.bNetworkScanEnabled</value>
                            <value>LowRisk-Detection.bScanArchives</value>
                            <value>LowRisk-Detection.bUnknownProgramHeuristics</value>
                            <value>LowRisk-Detection.bUnknownMacroHeuristics</value>
                            <value>LowRisk-Detection.bScanBackupReads</value>
                            <value>LowRisk-Detection.bScanMime</value>
                            <value>LowRisk-Detection_Exclusions.bOverwriteExclusions</value>
                        </list>
                    </property>
                </bean>
                <bean parent="ENDP_AM_1000.oasgeneral.simpleSettingHandler">
                    <property name="prefix" value="OASGeneral"/>
                    <property name="settingKeys">
                        <list>
                            <value>ScriptScanURLExclItems.dwScriptScanURLExclItemCount</value>
                            <value>Application.dwApplicationCount</value>
                            <value>Default-Detection_Exclusions.dwExclusionCount</value>
                            <value>General.dwScannerThreadTimeout</value>
                            <value>HighRisk-Detection_Exclusions.dwExclusionCount</value>
                            <value>LowRisk-Detection_Exclusions.dwExclusionCount</value>
                        </list>
                    </property>
                </bean>
                <bean parent="ENDP_AM_1000.oasgeneral.simpleSettingHandler">
                    <property name="prefix" value="OASGeneral"/>
                    <property name="formatter" ref="ENDP_AM_1000.ThreatMessageFormatter"/>
                    <property name="settingKeys">
                        <list>
                            <value>Alerting.szDialogMessage</value>
                        </list>
                    </property>
                </bean>
                <bean parent="ENDP_AM_1000.oasgeneral.simpleSettingHandler">
                    <property name="prefix" value="OASGeneral"/>
                    <property name="formatter" ref="ENDP_AM_1000.fileExtensionsFormatter"/>
                    <property name="settingKeys">
                        <list>
                            <value>Default-Detection.szProgExts</value>
                            <value>HighRisk-Detection.szProgExts</value>
                            <value>LowRisk-Detection.szProgExts</value>
                        </list>
                    </property>
                </bean>
                <bean parent="ENDP_AM_1000.oasgeneral.simpleSettingHandler">
                    <property name="prefix" value="OASGeneral"/>
                    <property name="formatter" ref="ENDP_AM_1000.fileTypesToScanFormatter"/>
                    <property name="settingKeys">
                        <list>
                            <value>Default-Detection.extensionMode</value>
                            <value>HighRisk-Detection.extensionMode</value>
                            <value>LowRisk-Detection.extensionMode</value>
                        </list>
                    </property>
                </bean>
                <bean parent="ENDP_AM_1000.oasgeneral.simpleSettingHandler">
                    <property name="prefix" value="OASGeneral"/>
                    <property name="formatter" ref="ENDP_AM_1000.odsTaskActionFormatter"/>
                    <property name="settingKeys">
                        <list>
                            <value>Default-Detection.uAction</value>
                            <value>Default-Detection.uAction_Program</value>
                            <value>Default-Detection.uSecAction</value>
                            <value>Default-Detection.uSecAction_Program</value>
                            <value>HighRisk-Detection.uAction</value>
                            <value>HighRisk-Detection.uAction_Program</value>
                            <value>HighRisk-Detection.uSecAction</value>
                            <value>HighRisk-Detection.uSecAction_Program</value>
                            <value>LowRisk-Detection.uAction</value>
                            <value>LowRisk-Detection.uAction_Program</value>
                            <value>LowRisk-Detection.uSecAction</value>
                            <value>LowRisk-Detection.uSecAction_Program</value>
                        </list>
                    </property>
                </bean>
                <bean parent="ENDP_AM_1000.oasgeneral.simpleSettingHandler">
                    <property name="prefix" value="OASGeneral"/>
                    <property name="formatter" ref="ENDP_AM_1000.heuristicsFormatter"/>
                    <property name="settingKeys">
                        <list>
                            <value>GTI.GTISensitivityLevel</value>
                        </list>
                    </property>
                </bean>
                <bean class="com.mcafee.VirusScan.policies.comparator.OASScanOptionHandler">
                    <property name="resource" ref="ENDP_AM_1000.resource"/>
                    <property name="prefix" value="OASGeneral"/>
                    <property name="formatter" ref="ENDP_AM_1000.OAScanOptionFormatter"/>
                    <property name="settingKeys">
                        <list>
                            <value>Default-Detection.bScanReading</value>
                            <value>Default-Detection.bScanWriting</value>
                            <value>Default-Detection.bScanReadingByPass</value>
                            <value>Default-Detection.bScanWritingByPass</value>
                            <value>HighRisk-Detection.bScanReading</value>
                            <value>HighRisk-Detection.bScanWriting</value>
                            <value>HighRisk-Detection.bScanReadingByPass</value>
                            <value>HighRisk-Detection.bScanWritingByPass</value>
                            <value>LowRisk-Detection.bScanReading</value>
                            <value>LowRisk-Detection.bScanWriting</value>
                            <value>LowRisk-Detection.bScanReadingByPass</value>
                            <value>LowRisk-Detection.bScanWritingByPass</value>
                        </list>
                    </property>
                </bean>
            </list>
        </property>
    </bean>

    <!--ODS Policy-->
    <bean id="ENDP_AM_1000.odspolicy.FS_ScanOptions"
          class="com.mcafee.VirusScan.policies.comparator.AMSectionHandler">
        <property name="resource" ref="ENDP_AM_1000.resource"/>
        <property name="sectionKey" value="FS_WhatToScan"/>
        <property name="settingKeys">
            <list>
                <value>FS_ScanOptions.bScanArchives</value>
                <value>FS_ScanOptions.bScanBootSectors</value>
                <value>FS_ScanOptions.bScanFilesMigratedToStorage</value>
                <value>FS_ScanOptions.bScanMime</value>
            </list>
        </property>
    </bean>

    <bean id="ENDP_AM_1000.odspolicy.QS_ScanOptions"
          class="com.mcafee.VirusScan.policies.comparator.AMSectionHandler">
        <property name="resource" ref="ENDP_AM_1000.resource"/>
        <property name="sectionKey" value="QS_WhatToScan"/>
        <property name="settingKeys">
            <list>
                <value>QS_ScanOptions.bScanArchives</value>
                <value>QS_ScanOptions.bScanBootSectors</value>
                <value>QS_ScanOptions.bScanFilesMigratedToStorage</value>
                <value>QS_ScanOptions.bScanMime</value>
            </list>
        </property>
    </bean>

    <bean id="ENDP_AM_1000.odspolicy.RS_ScanOptions"
          class="com.mcafee.VirusScan.policies.comparator.AMSectionHandler">
        <property name="resource" ref="ENDP_AM_1000.resource"/>
        <property name="sectionKey" value="RS_WhatToScan"/>
        <property name="settingKeys">
            <list>
                <value>RS_ScanOptions.bScanArchives</value>
                <value>RS_ScanOptions.bScanBootSectors</value>
                <value>RS_ScanOptions.bScanFilesMigratedToStorage</value>
                <value>RS_ScanOptions.bScanMime</value>
                <value>RS_ScanOptions.bScanSubDirs</value>
            </list>
        </property>
    </bean>

    <bean id="ENDP_AM_1000.odspolicy.FS_AdditionalScanOptions"
          class="com.mcafee.VirusScan.policies.comparator.AMSectionHandler">
        <property name="resource" ref="ENDP_AM_1000.resource"/>
        <property name="sectionKey" value="FS_AdditionalScanOptions"/>
        <property name="settingKeys">
            <list>
                <value>FS_ScanOptions.bDetectUnwantedPrograms</value>
                <value>FS_ScanOptions.bUnknownMacroHeuristics</value>
                <value>FS_ScanOptions.bUnknownProgramHeuristics</value>
            </list>
        </property>
    </bean>

    <bean id="ENDP_AM_1000.odspolicy.QS_AdditionalScanOptions"
          class="com.mcafee.VirusScan.policies.comparator.AMSectionHandler">
        <property name="resource" ref="ENDP_AM_1000.resource"/>
        <property name="sectionKey" value="QS_AdditionalScanOptions"/>
        <property name="settingKeys">
            <list>
                <value>QS_ScanOptions.bDetectUnwantedPrograms</value>
                <value>QS_ScanOptions.bUnknownMacroHeuristics</value>
                <value>QS_ScanOptions.bUnknownProgramHeuristics</value>
            </list>
        </property>
    </bean>

    <bean id="ENDP_AM_1000.odspolicy.RS_AdditionalScanOptions"
          class="com.mcafee.VirusScan.policies.comparator.AMSectionHandler">
        <property name="resource" ref="ENDP_AM_1000.resource"/>
        <property name="sectionKey" value="RS_AdditionalScanOptions"/>
        <property name="settingKeys">
            <list>
                <value>RS_ScanOptions.bDetectUnwantedPrograms</value>
                <value>RS_ScanOptions.bUnknownMacroHeuristics</value>
                <value>RS_ScanOptions.bUnknownProgramHeuristics</value>
            </list>
        </property>
    </bean>

    <bean id="ENDP_AM_1000.odspolicy.FS_ScanLocations"
          class="com.mcafee.VirusScan.policies.comparator.AMSectionHandler">
        <property name="resource" ref="ENDP_AM_1000.resource"/>
        <property name="sectionKey" value="FS_ScanLocations"/>
        <property name="settingKeys">
            <list>
                <value>FS_ScanOptions.bScanSubDirs</value>
                <value>FS_ScanOptions.szScanItem</value>
                <value>FS_ScanOptions.dwScanItemCount</value>
            </list>
        </property>
    </bean>

    <bean id="ENDP_AM_1000.odspolicy.QS_ScanLocations"
          class="com.mcafee.VirusScan.policies.comparator.AMSectionHandler">
        <property name="resource" ref="ENDP_AM_1000.resource"/>
        <property name="sectionKey" value="QS_ScanLocations"/>
        <property name="settingKeys">
            <list>
                <value>QS_ScanOptions.bScanSubDirs</value>
                <value>QS_ScanOptions.szScanItem</value>
                <value>QS_ScanOptions.dwScanItemCount</value>
            </list>
        </property>
    </bean>

    <bean id="ENDP_AM_1000.odspolicy.FS_FileTypesToScan"
          class="com.mcafee.VirusScan.policies.comparator.AMSectionHandler">
        <property name="resource" ref="ENDP_AM_1000.resource"/>
        <property name="sectionKey" value="FS_FileTypesToScan"/>
        <property name="settingKeys">
            <list>
                <value>FS_ScanOptions.ExtensionMode</value>
                <value>FS_ScanOptions.szProgExts</value>
            </list>
        </property>
    </bean>

    <bean id="ENDP_AM_1000.odspolicy.QS_FileTypesToScan"
          class="com.mcafee.VirusScan.policies.comparator.AMSectionHandler">
        <property name="resource" ref="ENDP_AM_1000.resource"/>
        <property name="sectionKey" value="QS_FileTypesToScan"/>
        <property name="settingKeys">
            <list>
                <value>QS_ScanOptions.ExtensionMode</value>
                <value>QS_ScanOptions.szProgExts</value>
            </list>
        </property>
    </bean>

    <bean id="ENDP_AM_1000.odspolicy.RS_FileTypesToScan"
          class="com.mcafee.VirusScan.policies.comparator.AMSectionHandler">
        <property name="resource" ref="ENDP_AM_1000.resource"/>
        <property name="sectionKey" value="RS_FileTypesToScan"/>
        <property name="settingKeys">
            <list>
                <value>RS_ScanOptions.ExtensionMode</value>
                <value>RS_ScanOptions.szProgExts</value>
            </list>
        </property>
    </bean>

    <bean id="ENDP_AM_1000.odspolicy.FS_Performance"
          class="com.mcafee.VirusScan.policies.comparator.AMSectionHandler">
        <property name="resource" ref="ENDP_AM_1000.resource"/>
        <property name="sectionKey" value="FS_Performance"/>
        <property name="settingKeys">
            <list>
                <value>FS_Performance.bUseCache</value>
                <value>FS_Performance.bSystemUtilization</value>
                <value>FS_Performance.SystemUtilization</value>
                <value>FS_Performance.CPUPercentage</value>
            </list>
        </property>
    </bean>

    <bean id="ENDP_AM_1000.odspolicy.QS_Performance"
          class="com.mcafee.VirusScan.policies.comparator.AMSectionHandler">
        <property name="resource" ref="ENDP_AM_1000.resource"/>
        <property name="sectionKey" value="QS_Performance"/>
        <property name="settingKeys">
            <list>
                <value>QS_Performance.bUseCache</value>
                <value>QS_Performance.bSystemUtilization</value>
                <value>QS_Performance.SystemUtilization</value>
                <value>QS_Performance.CPUPercentage</value>
            </list>
        </property>
    </bean>

    <bean id="ENDP_AM_1000.odspolicy.RS_Performance"
          class="com.mcafee.VirusScan.policies.comparator.AMSectionHandler">
        <property name="resource" ref="ENDP_AM_1000.resource"/>
        <property name="sectionKey" value="RS_Performance"/>
        <property name="settingKeys">
            <list>
                <value>RS_Performance.bUseCache</value>
                <value>RS_Performance.SystemUtilization</value>
            </list>
        </property>
    </bean>

    <bean id="ENDP_AM_1000.odspolicy.FS_ScheduledScanOptions"
          class="com.mcafee.VirusScan.policies.comparator.AMSectionHandler">
        <property name="resource" ref="ENDP_AM_1000.resource"/>
        <property name="sectionKey" value="FS_ScheduledScanOptions"/>
        <property name="settingKeys">
            <list>
                <value>FS_Performance.bInteractiveUserIsIdle</value>
                <value>FS_Performance.bResumePausedScans</value>
                <value>FS_Performance.bPermitUserDefer</value>
                <value>FS_Performance.uDeferTime</value>
                <value>FS_Performance.szDeferMessage</value>
                <value>FS_Performance.uMessageDuration</value>
                <value>FS_Performance.bPauseAndCancelScans</value>
                <value>FS_Performance.bDeferScanInFullScreen</value>
                <value>FS_Performance.bDeferScanOnBattery</value>
            </list>
        </property>
    </bean>

    <bean id="ENDP_AM_1000.odspolicy.QS_ScheduledScanOptions"
          class="com.mcafee.VirusScan.policies.comparator.AMSectionHandler">
        <property name="resource" ref="ENDP_AM_1000.resource"/>
        <property name="sectionKey" value="QS_ScheduledScanOptions"/>
        <property name="settingKeys">
            <list>
                <value>QS_Performance.bInteractiveUserIsIdle</value>
                <value>QS_Performance.bResumePausedScans</value>
                <value>QS_Performance.bPermitUserDefer</value>
                <value>QS_Performance.uDeferTime</value>
                <value>QS_Performance.szDeferMessage</value>
                <value>QS_Performance.uMessageDuration</value>
                <value>QS_Performance.bPauseAndCancelScans</value>
                <value>QS_Performance.bDeferScanInFullScreen</value>
                <value>QS_Performance.bDeferScanOnBattery</value>
            </list>
        </property>
    </bean>

    <!-- These sections mirror the policy structure, so we don't need to list which settings are in each section -->
    <bean id="ENDP_AM_1000.odspolicy.simpleSectionHandler"
          class="com.mcafee.epo.product.comparison.handler.SimpleSectionHandler">
        <property name="resource" ref="ENDP_AM_1000.resource"/>
        <property name="sectionKeys">
            <list>
                <value>FS_Account</value>
                <value>FS_Exclusions</value>
                <value>FS_GTI</value>
                <value>FS_Remediation</value>
                <value>QS_Account</value>
                <value>QS_Exclusions</value>
                <value>QS_GTI</value>
                <value>QS_Remediation</value>
                <value>RS_Exclusions</value>
                <value>RS_GTI</value>
                <value>RS_Remediation</value>
            </list>
        </property>
    </bean>


    <bean id="ENDP_AM_1000.odspolicy.simpleSettingHandler"
          class="com.mcafee.VirusScan.policies.comparator.AMSettingHandler">
        <property name="resource" ref="ENDP_AM_1000.resource"/>
    </bean>
    <bean id="ENDP_AM_1000.odspolicy.policyComparator"
          class="com.mcafee.VirusScan.policies.comparator.AdvPolicyObjectComparator">
        <!--class="com.mcafee.epo.policy.comparison.SimplePolicyObjectComparator">-->

        <property name="id" value="ENDP_AM_1000.odspolicy.policyComparator"/>
        <property name="productId" value="ENDP_AM_1000"/>
        <property name="featureId" value="ENDP_AM_1000"/>
        <property name="categoryId" value="EAM_OnDemandScan_Policies"/>
        <property name="resource" ref="ENDP_AM_1000.resource"/>
        <property name="sectionHandlers">
            <list>
                <ref bean="ENDP_AM_1000.odspolicy.simpleSectionHandler"/>
                <ref bean="ENDP_AM_1000.odspolicy.FS_ScanOptions"/>
                <ref bean="ENDP_AM_1000.odspolicy.QS_ScanOptions"/>
                <ref bean="ENDP_AM_1000.odspolicy.RS_ScanOptions"/>
                <ref bean="ENDP_AM_1000.odspolicy.FS_AdditionalScanOptions"/>
                <ref bean="ENDP_AM_1000.odspolicy.QS_AdditionalScanOptions"/>
                <ref bean="ENDP_AM_1000.odspolicy.RS_AdditionalScanOptions"/>
                <ref bean="ENDP_AM_1000.odspolicy.FS_ScanLocations"/>
                <ref bean="ENDP_AM_1000.odspolicy.QS_ScanLocations"/>
                <ref bean="ENDP_AM_1000.odspolicy.FS_FileTypesToScan"/>
                <ref bean="ENDP_AM_1000.odspolicy.QS_FileTypesToScan"/>
                <ref bean="ENDP_AM_1000.odspolicy.RS_FileTypesToScan"/>
                <ref bean="ENDP_AM_1000.odspolicy.FS_Performance"/>
                <ref bean="ENDP_AM_1000.odspolicy.QS_Performance"/>
                <ref bean="ENDP_AM_1000.odspolicy.RS_Performance"/>
                <ref bean="ENDP_AM_1000.odspolicy.FS_ScheduledScanOptions"/>
                <ref bean="ENDP_AM_1000.odspolicy.QS_ScheduledScanOptions"/>
            </list>
        </property>
        <property name="settingHandlers">
            <list>
                <bean class="com.mcafee.VirusScan.policies.comparator.SettingListHandlerScanItems">
                    <property name="resource" ref="ENDP_AM_1000.resource"/>
                    <property name="prefix" value="szScanItem"/>
                    <property name="stringTools" ref="ENDP_AM_1000.StringTools"/>
                </bean>
                <bean class="com.mcafee.VirusScan.policies.comparator.SettingListHandlerExclusions">
                    <property name="resource" ref="ENDP_AM_1000.resource"/>
                    <property name="prefix" value="ExcludedItem"/>
                    <property name="stringTools" ref="ENDP_AM_1000.StringTools"/>
                </bean>

                <!--
                <bean parent="ENDP_AM_1000.odspolicy.simpleSettingHandler">
                    <property name="prefix" value="OASGeneral"/>
                    <property name="formatter" ref="ENDP_AM_1000.trueFalseFormatter"/>
                    <property name="settingKeys">
                        <list>
                            <value></value>
                        </list>
                    </property>
                </bean>
                <bean parent="ENDP_AM_1000.odspolicy.simpleSettingHandler">
                    <property name="prefix" value="OASGeneral"/>
                    <property name="formatter" ref="ENDP_AM_1000.yesNoFormatter"/>
                    <property name="settingKeys">
                        <list>
                        </list>
                    </property>
                </bean>
                -->

                <bean parent="ENDP_AM_1000.odspolicy.simpleSettingHandler">
                    <property name="prefix" value="ODSGeneral"/>
                    <property name="formatter" ref="ENDP_AM_1000.enabledDisabledFormatter"/>
                    <property name="settingKeys">
                        <list>
                            <!--fs-->
                            <value>FS_ScanOptions.bScanArchives</value>
                            <value>FS_ScanOptions.bScanBootSectors</value>
                            <value>FS_ScanOptions.bScanFilesMigratedToStorage</value>
                            <value>FS_ScanOptions.bScanMime</value>
                            <value>FS_ScanOptions.bScanSubDirs</value>
                            <value>QS_ScanOptions.bScanArchives</value>
                            <value>QS_ScanOptions.bScanBootSectors</value>
                            <value>QS_ScanOptions.bScanFilesMigratedToStorage</value>
                            <value>QS_ScanOptions.bScanMime</value>
                            <value>QS_ScanOptions.bScanSubDirs</value>
                            <value>RS_ScanOptions.bScanArchives</value>
                            <value>RS_ScanOptions.bScanBootSectors</value>
                            <value>RS_ScanOptions.bScanFilesMigratedToStorage</value>
                            <value>RS_ScanOptions.bScanMime</value>
                            <value>RS_ScanOptions.bScanSubDirs</value>
                            <value>FS_Performance.bSystemUtilization</value>
                            <value>QS_Performance.bSystemUtilization</value>
                        </list>
                    </property>
                </bean>

                <bean parent="ENDP_AM_1000.odspolicy.simpleSettingHandler">
                    <property name="prefix" value="OASGeneral"/>
                    <property name="formatter" ref="ENDP_AM_1000.enabledDisabledFormatter"/>
                    <property name="settingKeys">
                        <list>
                            <!--fs-->
                            <value>FS_Exclusions.bOverwriteExclusions</value>
                            <value>FS_Performance.bDeferScanInFullScreen</value>
                            <value>FS_Performance.bDeferScanOnBattery</value>
                            <value>FS_Performance.bInteractiveUserIsIdle</value>
                            <value>FS_Performance.bPauseAndCancelScans</value>
                            <value>FS_Performance.bPermitUserDefer</value>
                            <value>FS_Performance.bResumePausedScans</value>
                            <value>FS_Performance.bUseCache</value>
                            <value>FS_ScanOptions.bDetectUnwantedPrograms</value>
                            <value>FS_ScanOptions.bUnknownMacroHeuristics</value>
                            <value>FS_ScanOptions.bUnknownProgramHeuristics</value>
                            <!--qs-->
                            <value>QS_Exclusions.bOverwriteExclusions</value>
                            <value>QS_Performance.bDeferScanInFullScreen</value>
                            <value>QS_Performance.bDeferScanOnBattery</value>
                            <value>QS_Performance.bInteractiveUserIsIdle</value>
                            <value>QS_Performance.bPauseAndCancelScans</value>
                            <value>QS_Performance.bPermitUserDefer</value>
                            <value>QS_Performance.bResumePausedScans</value>
                            <value>QS_Performance.bUseCache</value>
                            <value>QS_ScanOptions.bDetectUnwantedPrograms</value>
                            <value>QS_ScanOptions.bUnknownMacroHeuristics</value>
                            <value>QS_ScanOptions.bUnknownProgramHeuristics</value>
                            <!--rs-->
                            <value>RS_Exclusions.bOverwriteExclusions</value>
                            <value>RS_Performance.bDeferScanInFullScreen</value>
                            <value>RS_Performance.bDeferScanOnBattery</value>
                            <value>RS_Performance.bInteractiveUserIsIdle</value>
                            <value>RS_Performance.bPauseAndCancelScans</value>
                            <value>RS_Performance.bPermitUserDefer</value>
                            <value>RS_Performance.bResumePausedScans</value>
                            <value>RS_Performance.bUseCache</value>
                            <value>RS_ScanOptions.bDetectUnwantedPrograms</value>
                            <value>RS_ScanOptions.bUnknownMacroHeuristics</value>
                            <value>RS_ScanOptions.bUnknownProgramHeuristics</value>
                        </list>
                    </property>
                </bean>
                <bean parent="ENDP_AM_1000.odspolicy.simpleSettingHandler">
                    <property name="prefix" value="OASGeneral"/>
                    <property name="settingKeys">
                        <list>
                            <value>FS_Account.szDomainName</value>

                            <value>FS_Account.szUserName</value>
                            <value>FS_Exclusions.dwExclusionCount</value>
                            <value>FS_Performance.uDeferTime</value>
                            <value>FS_Performance.uMessageDuration</value>
                            <value>FS_ScanOptions.dwScanItemCount</value>
                            <!--QS-->
                            <value>QS_Account.szDomainName</value>
                            <value>QS_Account.szUserName</value>
                            <value>QS_Exclusions.dwExclusionCount</value>
                            <value>QS_Performance.uDeferTime</value>
                            <value>QS_Performance.uMessageDuration</value>
                            <value>QS_ScanOptions.dwScanItemCount</value>
                            <!--RS-->
                            <value>RS_Exclusions.dwExclusionCount</value>
                            <value>RS_Performance.uDeferTime</value>
                            <value>RS_Performance.uMessageDuration</value>
                            <value>RS_ScanOptions.dwScanItemCount</value>
                        </list>
                    </property>
                </bean>
                <bean parent="ENDP_AM_1000.odspolicy.simpleSettingHandler">
                    <property name="prefix" value="ODSGeneral"/>
                    <property name="settingKeys">
                        <list>
                            <value>FS_Performance.CPUPercentage</value>
                            <value>QS_Performance.CPUPercentage</value>
                        </list>
                    </property>
                </bean>
                <bean parent="ENDP_AM_1000.odspolicy.simpleSettingHandler">
                    <property name="prefix" value="OASGeneral"/>
                    <property name="formatter" ref="ENDP_AM_1000.deferMessageFormatter"/>
                    <property name="settingKeys">
                        <list>
                            <value>FS_Performance.szDeferMessage</value>
                            <value>QS_Performance.szDeferMessage</value>
                            <value>RS_Performance.szDeferMessage</value>
                        </list>
                    </property>
                </bean>
                <bean parent="ENDP_AM_1000.odspolicy.simpleSettingHandler">
                    <property name="prefix" value="OASGeneral"/>
                    <property name="exclude" value="true"/>
                    <property name="settingKeys">
                        <list>
                            <value>FS_Account.szPassword</value>
                            <value>QS_Account.szPassword</value>
                        </list>
                    </property>
                </bean>
                <bean parent="ENDP_AM_1000.odspolicy.simpleSettingHandler">
                <property name="prefix" value="OASGeneral"/>
                <property name="formatter" ref="ENDP_AM_1000.fileTypesToScanFormatter"/>
                <property name="settingKeys">
                    <list>
                        <value>FS_ScanOptions.ExtensionMode</value>
                        <value>QS_ScanOptions.ExtensionMode</value>
                        <value>RS_ScanOptions.ExtensionMode</value>
                    </list>
                </property>
            </bean>
                <bean parent="ENDP_AM_1000.odspolicy.simpleSettingHandler">
                    <property name="prefix" value="OASGeneral"/>
                    <property name="formatter" ref="ENDP_AM_1000.fileExtensionsFormatter"/>
                    <property name="settingKeys">
                        <list>
                            <value>FS_ScanOptions.szProgExts</value>
                            <value>QS_ScanOptions.szProgExts</value>
                            <value>RS_ScanOptions.szProgExts</value>
                        </list>
                    </property>
                </bean>
                <bean parent="ENDP_AM_1000.odspolicy.simpleSettingHandler">
                    <property name="prefix" value="OASGeneral"/>
                    <property name="formatter" ref="ENDP_AM_1000.odsTaskActionFormatter"/>
                    <property name="settingKeys">
                        <list>
                            <value>FS_Remediation.uAction</value>
                            <value>FS_Remediation.uAction_Program</value>
                            <value>FS_Remediation.uSecAction</value>
                            <value>FS_Remediation.uSecAction_Program</value>
                            <value>QS_Remediation.uAction</value>
                            <value>QS_Remediation.uAction_Program</value>
                            <value>QS_Remediation.uSecAction</value>
                            <value>QS_Remediation.uSecAction_Program</value>
                            <value>RS_Remediation.uAction</value>
                            <value>RS_Remediation.uAction_Program</value>
                            <value>RS_Remediation.uSecAction</value>
                            <value>RS_Remediation.uSecAction_Program</value>
                        </list>
                    </property>
                </bean>
                <bean parent="ENDP_AM_1000.odspolicy.simpleSettingHandler">
                    <property name="prefix" value="OASGeneral"/>
                    <property name="formatter" ref="ENDP_AM_1000.heuristicsFormatter"/>
                    <property name="settingKeys">
                        <list>
                            <value>FS_GTI.GTISensitivityLevel</value>
                            <value>QS_GTI.GTISensitivityLevel</value>
                            <value>RS_GTI.GTISensitivityLevel</value>
                        </list>
                    </property>
                </bean>
                <bean parent="ENDP_AM_1000.odspolicy.simpleSettingHandler">
                    <property name="prefix" value="OASGeneral"/>
                    <property name="formatter" ref="ENDP_AM_1000.odsTaskPriorityFormatter"/>
                    <property name="settingKeys">
                        <list>
                            <value>FS_Performance.SystemUtilization</value>
                            <value>QS_Performance.SystemUtilization</value>
                            <value>RS_Performance.SystemUtilization</value>
                        </list>
                    </property>
                </bean>
            </list>
        </property>
    </bean>

    <!--Access Protection Policy-->
    <bean id="ENDP_AM_1000.behaviorblock.simpleSectionHandler"
          class="com.mcafee.epo.product.comparison.handler.SimpleSectionHandler">
        <property name="resource" ref="ENDP_AM_1000.resource"/>
        <property name="sectionKeys">
            <list>
                <value>BehaviorBlockAP</value>
                <value>APRules</value>
            </list>
        </property>
    </bean>

    <bean id="ENDP_AM_1000.behaviorblock.simpleSettingHandler"
          class="com.mcafee.epo.product.comparison.handler.SimpleSettingHandler">
        <property name="resource" ref="ENDP_AM_1000.resource"/>
    </bean>

    <bean id="ENDP_AM_1000.behaviorblock.policyComparator"
          class="com.mcafee.VirusScan.policies.accessprotection.AccessProtectionPolicyComparator">
        <!--class="com.mcafee.epo.policy.comparison.SimplePolicyObjectComparator">-->
        <property name="id" value="ENDP_AM_1000.behaviorblock.policyComparator"/>
        <property name="productId" value="ENDP_AM_1000"/>
        <property name="featureId" value="ENDP_AM_1000"/>
        <property name="categoryId" value="EAM_BehaviorBlock_Policies"/>
        <property name="policyTypeService" ref="epo.policyTypeService"/>
        <property name="policyObjectService" ref="epo.policyObjectService"/>
        <property name="resource" ref="ENDP_AM_1000.resource"/>
        <property name="accessProtectionPolicyMapper" ref="ENDP_AM_1000.apPolicyMapper"/>
        <property name="defaultLocaleService" ref="core.locale.service"/>
        <!--<property name="sectionHandlers">
            <list>
                <ref bean="ENDP_AM_1000.behaviorblock.simpleSectionHandler"/>
            </list>
        </property>
        <property name="settingHandlers">
            <list>
                <bean class="com.mcafee.VirusScan.policies.comparator.SettingsListHandlerRules">
                    <property name="resource" ref="ENDP_AM_1000.resource"/>
                    <property name="prefix" value="Rule"/>
                    <property name="stringTools" ref="ENDP_AM_1000.StringTools"/>
                </bean>
                <bean parent="ENDP_AM_1000.behaviorblock.simpleSettingHandler">
                    <property name="prefix" value="AccessProtection"/>
                    <property name="formatter" ref="ENDP_AM_1000.trueFalseFormatter"/>
                    <property name="settingKeys">
                        <list>
                            <value></value>
                        </list>
                    </property>
                </bean>
                <bean parent="ENDP_AM_1000.behaviorblock.simpleSettingHandler">
                    <property name="prefix" value="AccessProtection"/>
                    <property name="formatter" ref="ENDP_AM_1000.yesNoFormatter"/>
                    <property name="settingKeys">
                        <list>
                        </list>
                    </property>
                </bean>
                <bean parent="ENDP_AM_1000.behaviorblock.simpleSettingHandler">
                    <property name="prefix" value="AccessProtection"/>
                    <property name="formatter" ref="ENDP_AM_1000.enabledDisabledFormatter"/>
                    <property name="settingKeys">
                        <list>
                            <value>BehaviorBlockAP.APEnabled</value>
                        </list>
                    </property>
                </bean>
                <bean parent="ENDP_AM_1000.oasgeneral.simpleSettingHandler">
                    <property name="prefix" value="AccessProtection"/>
                    <property name="settingKeys">
                        <list>
                            <value>APRules.dwAPRuleBlocks</value>
                            <value>BehaviorBlockAP.szGlobalExcludedProcesses</value>
                        </list>
                    </property>
                </bean>
            </list>
        </property>-->
    </bean>

    <!--Options policy-->
    <bean id="ENDP_AM_1000.options.simpleSectionHandler"
          class="com.mcafee.epo.product.comparison.handler.SimpleSectionHandler">
        <property name="resource" ref="ENDP_AM_1000.resource"/>
        <property name="prefix" value="Options"/>
        <property name="sectionKeys">
            <list>
                <value>DetectionItems</value>
                <value>General</value>
                <value>QuarantineManager</value>
                <value>SpyExclItems</value>
                <value>DataAnalysis</value>
            </list>
        </property>
    </bean>

    <bean id="ENDP_AM_1000.options.simpleSettingHandler"
          class="com.mcafee.epo.product.comparison.handler.SimpleSettingHandler">
        <property name="resource" ref="ENDP_AM_1000.resource"/>
    </bean>
    <bean id="ENDP_AM_1000.options.policyComparator"
          class="com.mcafee.VirusScan.policies.comparator.PolicyObjectComparator">
        <!--class="com.mcafee.epo.policy.comparison.SimplePolicyObjectComparator">-->
        <property name="id" value="ENDP_AM_1000.options.policyComparator"/>
        <property name="productId" value="ENDP_AM_1000"/>
        <property name="featureId" value="ENDP_AM_1000"/>
        <property name="categoryId" value="EAM_CommonScan_Policies"/>
        <property name="resource" ref="ENDP_AM_1000.resource"/>
        <property name="sectionHandlers">
            <list>
                <ref bean="ENDP_AM_1000.options.simpleSectionHandler"/>
            </list>
        </property>
        <property name="settingHandlers">
            <list>
                <bean class="com.mcafee.VirusScan.policies.comparator.SettingListHandlerPUPExclusions">
                    <property name="prefix" value="UserDefinedDetection"/>
                    <property name="resource" ref="ENDP_AM_1000.resource"/>
                    <property name="stringTools" ref="ENDP_AM_1000.StringTools"/>
                </bean>
                <bean class="com.mcafee.VirusScan.policies.comparator.SettingListHandler">
                    <property name="prefix" value="SpywareItem"/>
                    <property name="resource" ref="ENDP_AM_1000.resource"/>
                </bean>
                <bean class="com.mcafee.VirusScan.policies.comparator.SettingListHandler">
                    <property name="prefix" value="DescriptionSpywareItem"/>
                    <property name="resource" ref="ENDP_AM_1000.resource"/>
                </bean>
                <bean parent="ENDP_AM_1000.options.simpleSettingHandler">
                    <property name="prefix" value="OASGeneral"/>
                    <property name="formatter" ref="ENDP_AM_1000.trueFalseFormatter"/>
                    <property name="settingKeys">
                        <list>
                        </list>
                    </property>
                </bean>
                <bean parent="ENDP_AM_1000.options.simpleSettingHandler">
                    <property name="prefix" value="OASGeneral"/>
                    <property name="formatter" ref="ENDP_AM_1000.yesNoFormatter"/>
                    <property name="settingKeys">
                        <list>
                        </list>
                    </property>
                </bean>
                <bean parent="ENDP_AM_1000.options.simpleSettingHandler">
                    <property name="prefix" value="OASGeneral"/>
                    <property name="formatter" ref="ENDP_AM_1000.enabledDisabledFormatter"/>
                    <property name="settingKeys">
                        <list>
                            <value>General.overwriteClientDetectionExclusions</value>
                            <value>DataAnalysis.bDATReputation</value>
                            <value>DataAnalysis.bGTIFeedback</value>
                            <value>DataAnalysis.bSafetyPulse</value>
                        </list>
                    </property>
                </bean>
                <bean parent="ENDP_AM_1000.options.simpleSettingHandler">
                    <property name="prefix" value="OASGeneral"/>
                    <property name="settingKeys">
                        <list>
                            <value>DetectionItems.dwDetectionItemCount</value>
                            <value>QuarantineManager.dwQuarantineAge</value>
                            <value>QuarantineManager.szQuarantineDirectory</value>
                            <value>SpyExclItems.dwSpywareExclCount</value>
                        </list>
                    </property>
                </bean>
            </list>
        </property>
    </bean>

    <!--Client TaskComparison -->
    <!--Quarantine Task -->
    <bean id="ENDP_AM_1000.TaskQuarantineSimpleSectionHandler"
          class="com.mcafee.VirusScan.policies.comparator.AMSectionHandler">
        <property name="resource" ref="ENDP_AM_1000.resource"/>
        <property name="sectionKeys">
            <list>
                <value>General</value>
                <value>Restore</value>
                <value>VSE7_Scheduler</value>
            </list>
        </property>
    </bean>

    <bean id="ENDP_AM_1000.TaskQuarantineSimpleSettingHandler"
          class="com.mcafee.VirusScan.policies.comparator.AMSettingHandler">
        <property name="resource" ref="ENDP_AM_1000.resource"/>
    </bean>

    <bean id="ENDP_AM_1000.TaskQuarantinePolicyComparator"
          class="com.mcafee.VirusScan.policies.comparator.TaskObjectComparator">
        <property name="id" value="ENDP_AM_1000.TaskQuarantinePolicyComparator"/>
        <property name="productId" value="ENDP_AM_1000"/>
        <property name="taskTypeId" value="EAM_Quarantine_Restore"/>
        <property name="sectionHandlers">
            <list>
                <ref bean="ENDP_AM_1000.TaskQuarantineSimpleSectionHandler"/>
            </list>
        </property>
        <property name="settingHandlers">
            <list>
                <bean parent="ENDP_AM_1000.TaskQuarantineSimpleSettingHandler">
                    <property name="prefix" value="ENDP_AM_1000.Task"/>
                    <property name="settingKeys">
                        <list>
                            <value>General.szTaskName</value>
                            <value>Restore.szDetectionName</value>
                            <value>VSE7_Scheduler.VSE7_DomainName</value>
                            <value>VSE7_Scheduler.VSE7_UserName</value>
                        </list>
                    </property>
                </bean>
                <bean parent="ENDP_AM_1000.TaskQuarantineSimpleSettingHandler">
                    <property name="prefix" value="ENDP_AM_1000.Task"/>
                    <property name="exclude" value="true"/>
                    <property name="settingKeys">
                        <list>
                            <value>VSE7_Scheduler.VSE7_Password</value>
                        </list>
                    </property>
                </bean>

                <!--<bean parent="ENDP_AM_1000.TaskQuarantineSimpleSettingHandler">
                    <property name="prefix" value="ENDP_AM_1000.Task"/>
                    <property name="formatter" ref="ENDP_AM_1000.trueFalseFormatter"/>
                    <property name="settingKeys">
                        <list>
                            <value></value>
                        </list>
                    </property>
                </bean>
                <bean parent="ENDP_AM_1000.TaskQuarantineSimpleSettingHandler">
                    <property name="prefix" value="ENDP_AM_1000.Task"/>
                    <property name="formatter" ref="ENDP_AM_1000.yesNoFormatter"/>
                    <property name="settingKeys">
                        <list>
                        </list>
                    </property>
                </bean>-->
                <bean parent="ENDP_AM_1000.TaskQuarantineSimpleSettingHandler">
                    <property name="prefix" value="ENDP_AM_1000.Task"/>
                    <property name="formatter" ref="ENDP_AM_1000.enabledDisabledFormatter"/>
                    <property name="settingKeys">
                        <list>
                            <value>General.bAlwaysExit</value>
                            <value>General.bAutoExit</value>
                            <value>General.bAutoStart</value>
                            <value>General.bEnableSplash</value>
                        </list>
                    </property>
                </bean>
                <bean parent="ENDP_AM_1000.TaskQuarantineSimpleSettingHandler">
                    <property name="prefix" value="ENDP_AM_1000.Task"/>
                    <property name="formatter" ref="ENDP_AM_1000.uiTypeFormatter"/>
                    <property name="settingKeys">
                        <list>
                            <value>General.UIType</value>
                        </list>
                    </property>
                </bean>
                <bean parent="ENDP_AM_1000.TaskQuarantineSimpleSettingHandler">
                    <property name="prefix" value="ENDP_AM_1000.Task"/>
                    <property name="formatter" ref="ENDP_AM_1000.taskTypeFormatter"/>
                    <property name="settingKeys">
                        <list>
                            <value>General.TaskType</value>
                        </list>
                    </property>
                </bean>
                <bean parent="ENDP_AM_1000.TaskQuarantineSimpleSettingHandler">
                    <property name="prefix" value="ENDP_AM_1000.Task"/>
                    <property name="formatter" ref="ENDP_AM_1000.taskAttribFormatter"/>
                    <property name="settingKeys">
                        <list>
                            <value>General.wTaskAttrib</value>
                        </list>
                    </property>
                </bean>
            </list>
        </property>
    </bean>

    <!--ODS Task -->
    <bean id="ENDP_AM_1000.TaskODS.WhatToScan"
          class="com.mcafee.VirusScan.policies.comparator.AMSectionHandler">
        <property name="prefix" value="ENDP_AM_1000.Task"/>
        <property name="resource" ref="ENDP_AM_1000.resource"/>
        <property name="sectionKey" value="WhatToScan"/>
        <property name="settingKeys">
            <list>
                <value>ScanOptions.bScanArchives</value>
                <value>ScanOptions.bScanBootSectors</value>
                <value>ScanOptions.bScanFilesMigratedToStorage</value>
                <value>ScanOptions.bScanMime</value>
            </list>
        </property>
    </bean>

    <bean id="ENDP_AM_1000.taskODS.AdditionalScanOptions"
          class="com.mcafee.VirusScan.policies.comparator.AMSectionHandler">
        <property name="prefix" value="ENDP_AM_1000.Task"/>
        <property name="resource" ref="ENDP_AM_1000.resource"/>
        <property name="sectionKey" value="AdditionalScanOptions"/>
        <property name="settingKeys">
            <list>
                <value>ScanOptions.bDetectUnwantedPrograms</value>
                <value>ScanOptions.bUnknownMacroHeuristics</value>
                <value>ScanOptions.bUnknownProgramHeuristics</value>
            </list>
        </property>
    </bean>

    <bean id="ENDP_AM_1000.taskODS.ScanLocations"
          class="com.mcafee.VirusScan.policies.comparator.AMSectionHandler">
        <property name="prefix" value="ENDP_AM_1000.Task"/>
        <property name="resource" ref="ENDP_AM_1000.resource"/>
        <property name="sectionKey" value="ScanLocations"/>
        <property name="settingKeys">
            <list>
                <value>ScanOptions.bScanSubDirs</value>
                <value>ScanOptions.szScanItem</value>
                <value>ScanOptions.dwScanItemCount</value>
            </list>
        </property>
    </bean>

    <bean id="ENDP_AM_1000.taskODS.FileTypesToScan"
          class="com.mcafee.VirusScan.policies.comparator.AMSectionHandler">
        <property name="prefix" value="ENDP_AM_1000.Task"/>
        <property name="resource" ref="ENDP_AM_1000.resource"/>
        <property name="sectionKey" value="FileTypesToScan"/>
        <property name="settingKeys">
            <list>
                <value>ScanOptions.ExtensionMode</value>
                <value>ScanOptions.szProgExts</value>
            </list>
        </property>
    </bean>

    <bean id="ENDP_AM_1000.TaskODSsimpleSectionHandler"
          class="com.mcafee.VirusScan.policies.comparator.AMSectionHandler">
        <property name="resource" ref="ENDP_AM_1000.resource"/>
        <property name="sectionKey" value=""/>
        <property name="sectionKeys">
            <list>
                <!--<value>ScanOptions</value>-->
                <value>GTI</value>
                <value>Exclusions</value>
                <value>Remediation</value>
                <value>Performance</value>
                <value>Account</value>
            </list>
        </property>
    </bean>

    <bean id="ENDP_AM_1000.TaskODSexcludedSectionHandler"
          class="com.mcafee.VirusScan.policies.comparator.AMSectionHandler">
        <property name="resource" ref="ENDP_AM_1000.resource"/>
        <property name="sectionKey" value=""/>
        <property name="exclude" value="true"/>
        <property name="sectionKeys">
            <list>
                <value>General</value>
            </list>
        </property>
    </bean>

    <bean id="ENDP_AM_1000.TaskODSsimpleSettingHandler"
          class="com.mcafee.VirusScan.policies.comparator.AMSettingHandler">
        <property name="resource" ref="ENDP_AM_1000.resource"/>
    </bean>

    <bean id="ENDP_AM_1000.TaskODSTaskComparator" class="com.mcafee.VirusScan.policies.comparator.AdvTaskObjectComparator">
        <property name="id" value="ENDP_AM_1000.TaskODSTaskComparator"/>
        <property name="productId" value="ENDP_AM_1000"/>
        <property name="taskTypeId" value="EAM_Scan_Task"/>
        <property name="sectionHandlers">
            <list>
                <ref bean="ENDP_AM_1000.TaskODS.WhatToScan"/>
                <ref bean="ENDP_AM_1000.taskODS.AdditionalScanOptions"/>
                <ref bean="ENDP_AM_1000.taskODS.ScanLocations"/>
                <ref bean="ENDP_AM_1000.taskODS.FileTypesToScan"/>
                <ref bean="ENDP_AM_1000.TaskODSsimpleSectionHandler"/>
                <ref bean="ENDP_AM_1000.TaskODSexcludedSectionHandler"/>
            </list>
        </property>
        <property name="settingHandlers">
            <list>
                <bean parent="ENDP_AM_1000.TaskODSsimpleSettingHandler">
                    <property name="prefix" value="ENDP_AM_1000.Task"/>
                    <property name="settingKeys">
                        <list>
                            <value>General.szTaskName</value>
                            <value>ScanOptions.dwScanItemCount</value>
                            <value>Exclusions.dwExclusionCount</value>
                            <value>Performance.uDeferTime</value>
                            <value>Performance.szDeferMessage</value>
                            <value>Performance.uMessageDuration</value>
                            <value>Performance.CPUPercentage</value>
                            <value>Account.szDomainName</value>
                            <value>Account.szUserName</value>
                        </list>
                    </property>
                </bean>
                <bean parent="ENDP_AM_1000.TaskODSsimpleSettingHandler">
                    <property name="prefix" value="ENDP_AM_1000.Task"/>
                    <property name="exclude" value="true"/>
                    <property name="settingKeys">
                        <list>
                            <value>Account.szPassword</value>
                        </list>
                    </property>
                </bean>
                <bean parent="ENDP_AM_1000.TaskODSsimpleSettingHandler">
                    <property name="prefix" value="ENDP_AM_1000.Task"/>
                    <property name="formatter" ref="ENDP_AM_1000.taskTypeFormatter"/>
                    <property name="settingKeys">
                        <list>
                            <value>General.TaskType</value>
                        </list>
                    </property>
                </bean>
                <bean parent="ENDP_AM_1000.TaskODSsimpleSettingHandler">
                    <property name="prefix" value="ENDP_AM_1000.Task"/>
                    <property name="formatter" ref="ENDP_AM_1000.fileExtensionsFormatter"/>
                    <property name="settingKeys">
                        <list>
                            <value>ScanOptions.szProgExts</value>
                        </list>
                    </property>
                </bean>
                <bean parent="ENDP_AM_1000.TaskODSsimpleSettingHandler">
                    <property name="prefix" value="ENDP_AM_1000.Task"/>
                    <property name="formatter" ref="ENDP_AM_1000.odsTaskActionFormatter"/>
                    <property name="settingKeys">
                        <list>
                            <value>Remediation.uAction</value>
                            <value>Remediation.uSecAction</value>
                            <value>Remediation.uAction_Program</value>
                            <value>Remediation.uSecAction_Program</value>
                        </list>
                    </property>
                </bean>
                <bean parent="ENDP_AM_1000.TaskODSsimpleSettingHandler">
                    <property name="prefix" value="ENDP_AM_1000.Task"/>
                    <property name="formatter" ref="ENDP_AM_1000.heuristicsFormatter"/>
                    <property name="settingKeys">
                        <list>
                            <value>GTI.GTISensitivityLevel</value>
                        </list>
                    </property>
                </bean>
                <bean parent="ENDP_AM_1000.TaskODSsimpleSettingHandler">
                    <property name="prefix" value="ENDP_AM_1000.Task"/>
                    <property name="formatter" ref="ENDP_AM_1000.uiTypeFormatter"/>
                    <property name="settingKeys">
                        <list>
                            <value>General.UIType</value>
                        </list>
                    </property>
                </bean>
                <bean parent="ENDP_AM_1000.TaskODSsimpleSettingHandler">
                    <property name="prefix" value="ENDP_AM_1000.Task"/>
                    <property name="formatter" ref="ENDP_AM_1000.taskAttribFormatter"/>
                    <property name="settingKeys">
                        <list>
                            <value>General.wTaskAttrib</value>
                        </list>
                    </property>
                </bean>
                <bean parent="ENDP_AM_1000.TaskODSsimpleSettingHandler">
                    <property name="prefix" value="ENDP_AM_1000.Task"/>
                    <property name="formatter" ref="ENDP_AM_1000.odsTaskPriorityFormatter"/>
                    <property name="settingKeys">
                        <list>
                            <value>Performance.SystemUtilization</value>
                        </list>
                    </property>
                </bean>
                <bean parent="ENDP_AM_1000.TaskODSsimpleSettingHandler">
                    <property name="prefix" value="ENDP_AM_1000.Task"/>
                    <property name="formatter" ref="ENDP_AM_1000.fileTypesToScanFormatter"/>
                    <property name="settingKeys">
                        <list>
                            <value>ScanOptions.ExtensionMode</value>
                        </list>
                    </property>
                </bean>
                <!--
                <bean parent="ENDP_AM_1000.TaskODSsimpleSettingHandler">
                    <property name="prefix" value="ENDP_AM_1000.Task"/>
                    <property name="formatter" ref="ENDP_AM_1000.trueFalseFormatter"/>
                    <property name="settingKeys">
                        <list>
                            <value></value>
                        </list>
                    </property>
                </bean>
                <bean parent="ENDP_AM_1000.TaskODSsimpleSettingHandler">
                    <property name="prefix" value="ENDP_AM_1000.Task"/>
                    <property name="formatter" ref="ENDP_AM_1000.yesNoFormatter"/>
                    <property name="settingKeys">
                        <list>
                        </list>
                    </property>
                </bean>
                -->
                <bean parent="ENDP_AM_1000.TaskODSsimpleSettingHandler">
                    <property name="prefix" value="ENDP_AM_1000.Task"/>
                    <property name="formatter" ref="ENDP_AM_1000.enabledDisabledFormatter"/>
                    <property name="settingKeys">
                        <list>
                            <value>Performance.bInteractiveUserIsIdle</value>
                            <value>Performance.bUseCache</value>
                            <value>Performance.bSystemUtilization</value>
                            <value>General.bEnableSplash</value>
                            <value>ScanOptions.bDetectUnwantedPrograms</value>
                            <value>ScanOptions.bScanMime</value>
                            <value>ScanOptions.bScanArchives</value>
                            <value>ScanOptions.bScanFilesMigratedToStorage</value>
                            <value>ScanOptions.bUnknownProgramHeuristics</value>
                            <value>ScanOptions.bUnknownMacroHeuristics</value>
                            <value>ScanOptions.bScanSubDirs</value>
                            <value>ScanOptions.bScanBootSectors</value>
                            <value>Exclusions.bOverwriteExclusions</value>
                            <value>Performance.bPermitUserDefer</value>
                            <value>Performance.bDeferScanInFullScreen</value>
                            <value>Performance.bDeferScanOnBattery</value>
                            <value>General.bAlwaysExit</value>
                            <value>General.bAutoExit</value>
                            <value>General.bAutoStart</value>
                            <value>General.bSkipSplash</value>
                            <value>What.bScanAllFiles</value>
                            <value>What.bScanAllOle</value>
                            <value>What.bScanDefaultFiles</value>
                        </list>
                    </property>
                </bean>
                <bean class="com.mcafee.VirusScan.policies.comparator.SettingListHandlerScanItems">
                    <property name="resource" ref="ENDP_AM_1000.resource"/>
                    <property name="prefix" value="szScanItem"/>
                    <property name="stringTools" ref="ENDP_AM_1000.StringTools"/>
                </bean>
                <bean class="com.mcafee.VirusScan.policies.comparator.SettingListHandlerExclusions">
                    <property name="resource" ref="ENDP_AM_1000.resource"/>
                    <property name="prefix" value="ExcludedItem"/>
                    <property name="stringTools" ref="ENDP_AM_1000.StringTools"/>
                </bean>
            </list>
        </property>
    </bean>

    <!--Rollback amcore content Task -->
    <bean id="ENDP_AM_1000.TaskRollbackAmcoresimpleSectionHandler"
          class="com.mcafee.VirusScan.policies.comparator.AMSectionHandler">
        <property name="resource" ref="ENDP_AM_1000.resource"/>
        <property name="sectionKeys">
            <list>
                <value>General</value>
            </list>
        </property>
    </bean>

    <bean id="ENDP_AM_1000.TaskRollbackAmcoresimpleSettingHandler"
          class="com.mcafee.VirusScan.policies.comparator.AMSettingHandler">
        <property name="resource" ref="ENDP_AM_1000.resource"/>
    </bean>

    <bean id="ENDP_AM_1000.TaskRollbackAmcorePolicyComparator" class="com.mcafee.VirusScan.policies.comparator.TaskObjectComparator">
        <property name="id" value="ENDP_AM_1000.TaskRollbackAmcorePolicyComparator"/>
        <property name="productId" value="ENDP_AM_1000"/>
        <property name="taskTypeId" value="EAM_Rollback_Content"/>
        <property name="sectionHandlers">
            <list>
                <ref bean="ENDP_AM_1000.TaskRollbackAmcoresimpleSectionHandler"/>
            </list>
        </property>
        <property name="settingHandlers">
            <list>
                <bean parent="ENDP_AM_1000.TaskRollbackAmcoresimpleSettingHandler">
                    <property name="prefix" value="ENDP_AM_1000.Task"/>
                    <property name="settingKeys">
                        <list>
                            <value>General.szBadContentVersions</value>
                            <value>General.szTaskName</value>
                        </list>
                    </property>
                </bean>
                <bean parent="ENDP_AM_1000.TaskRollbackAmcoresimpleSettingHandler">
                    <property name="prefix" value="ENDP_AM_1000.Task"/>
                    <property name="formatter" ref="ENDP_AM_1000.taskTypeFormatter"/>
                    <property name="settingKeys">
                        <list>
                            <value>General.TaskType</value>
                        </list>
                    </property>
                </bean>
            </list>
        </property>
    </bean>

    <!--Policy Based ODS Tasks comparator -->
    <bean id="ENDP_AM_1000.TaskPolicyBasedODSsimpleSectionHandler"
          class="com.mcafee.VirusScan.policies.comparator.AMSectionHandler">
        <property name="resource" ref="ENDP_AM_1000.resource"/>
        <property name="sectionKeys">
            <list>
                <value>General</value>
            </list>
        </property>
    </bean>

    <bean id="ENDP_AM_1000.TaskPolicyBasedODSsimpleSettingHandler"
          class="com.mcafee.VirusScan.policies.comparator.AMSettingHandler">
        <property name="resource" ref="ENDP_AM_1000.resource"/>
    </bean>

    <bean id="ENDP_AM_1000.TaskPolicyBasedODSPolicyComparator" class="com.mcafee.VirusScan.policies.comparator.TaskObjectComparator">
        <property name="id" value="ENDP_AM_1000.TaskPolicyBasedODSPolicyComparator"/>
        <property name="productId" value="ENDP_AM_1000"/>
        <property name="taskTypeId" value="EAM_PolicyBased_Scans"/>
        <property name="sectionHandlers">
            <list>
                <ref bean="ENDP_AM_1000.TaskPolicyBasedODSsimpleSectionHandler"/>
            </list>
        </property>
        <property name="settingHandlers">
            <list>
                <bean parent="ENDP_AM_1000.TaskPolicyBasedODSsimpleSettingHandler">
                    <property name="prefix" value="ENDP_AM_1000.Task"/>
                    <property name="formatter" ref="ENDP_AM_1000.taskIdentifierFormatter"/>
                    <property name="settingKeys">
                        <list>
                            <value>General.szGuid</value>
                        </list>
                    </property>
                </bean>
                <bean parent="ENDP_AM_1000.TaskPolicyBasedODSsimpleSettingHandler">
                    <property name="prefix" value="ENDP_AM_1000.Task"/>
                    <property name="formatter" ref="ENDP_AM_1000.taskTypeFormatter"/>
                    <property name="settingKeys">
                        <list>
                            <value>General.TaskType</value>
                        </list>
                    </property>
                </bean>
            </list>
        </property>
    </bean>
</beans>
