<?xml version="1.0"?>
<mvc-action-config version="1.0">
    <action-set bean="ENDP_AM_1000.oasPolicyActions">
        <action name="EditOASGeneralPolicy.do" execute="EditPolicy" permission="perm:ENDP_AM_1000.policy.view?featureID=ENDP_AM_1000" checkSecurityToken="false"/>
        <action name="SaveOASGeneralPolicy.do" execute="SavePolicy" permission="perm:ENDP_AM_1000.policy.edit?featureID=ENDP_AM_1000" checkSecurityToken="true"/>
    </action-set>
    <action-set bean="ENDP_AM_1000.odsPolicyActions">
        <action name="EditODSGeneralPolicy.do" execute="EditPolicy" permission="perm:ENDP_AM_1000.policy.view?featureID=ENDP_AM_1000" checkSecurityToken="false"/>
        <action name="SaveODSGeneralPolicy.do" execute="SavePolicy" permission="perm:ENDP_AM_1000.policy.edit?featureID=ENDP_AM_1000" checkSecurityToken="true"/>
    </action-set>
    <action-set class="com.mcafee.VirusScan.policies.accessprotection.AccessProtectionActions">
        <action name="EditAccessProtectionPolicy.do" execute="EditPolicy" permission="perm:ENDP_AM_1000.policy.view?featureID=ENDP_AM_1000" checkSecurityToken="false"/>
        <action name="SaveAccessProtectionPolicy.do" execute="SavePolicy" permission="perm:ENDP_AM_1000.policy.edit?featureID=ENDP_AM_1000" checkSecurityToken="true"/>
        <action name="filterAPExclusions.do" execute="filterAPExclusions" permission="perm:ENDP_AM_1000.policy.edit?featureID=ENDP_AM_1000" checkSecurityToken="true"/>
        <action name="viewAPExclusion.do" execute="viewAPExclusion" permission="perm:ENDP_AM_1000.policy.view?featureID=ENDP_AM_1000" checkSecurityToken="true"/>
        <action name="addOrEditAPExclusion.do" execute="addOrEditAPExclusion" permission="perm:ENDP_AM_1000.policy.edit?featureID=ENDP_AM_1000" checkSecurityToken="true"/>
        <action name="updateAPExclusion.do" execute="updateAPExclusion" permission="perm:ENDP_AM_1000.policy.edit?featureID=ENDP_AM_1000" checkSecurityToken="true"/>
        <action name="cancelViewAPExclusion.do" execute="cancelViewAPExclusion" permission="perm:ENDP_AM_1000.policy.view?featureID=ENDP_AM_1000" checkSecurityToken="true"/>
        <action name="cancelAPExclusion.do" execute="cancelAPExclusion" permission="perm:ENDP_AM_1000.policy.edit?featureID=ENDP_AM_1000" checkSecurityToken="true"/>
        <action name="deleteAPExclusion.do" execute="deleteAPExclusion" permission="perm:ENDP_AM_1000.policy.edit?featureID=ENDP_AM_1000" checkSecurityToken="true"/>
        <action name="duplicateAPExclusion.do" execute="duplicateAPExclusion" permission="perm:ENDP_AM_1000.policy.edit?featureID=ENDP_AM_1000" checkSecurityToken="true"/>
        <action name="addOrEditRule.do" execute="addOrEditRule" permission="perm:ENDP_AM_1000.policy.edit?featureID=ENDP_AM_1000" checkSecurityToken="true"/>
        <action name="viewRule.do" execute="viewRule" permission="perm:ENDP_AM_1000.policy.view?featureID=ENDP_AM_1000" checkSecurityToken="true"/>
        <action name="updateRule.do" execute="updateRule" permission="perm:ENDP_AM_1000.policy.edit?featureID=ENDP_AM_1000" checkSecurityToken="true"/>
        <action name="cancelViewRule.do" execute="cancelViewRule" permission="perm:ENDP_AM_1000.policy.view?featureID=ENDP_AM_1000" checkSecurityToken="true"/>
        <action name="cancelEditRule.do" execute="cancelEditRule" permission="perm:ENDP_AM_1000.policy.edit?featureID=ENDP_AM_1000" checkSecurityToken="true"/>
        <action name="duplicateRule.do" execute="duplicateRule" permission="perm:ENDP_AM_1000.policy.edit?featureID=ENDP_AM_1000" checkSecurityToken="true"/>
        <action name="reEditAccessProtectionPolicy.do" execute="reEditAccessProtectionPolicy" permission="perm:ENDP_AM_1000.policy.edit?featureID=ENDP_AM_1000" checkSecurityToken="true"/>
        <action name="addOrEditRuleExecutable.do" execute="addOrEditRuleExecutable" permission="perm:ENDP_AM_1000.policy.edit?featureID=ENDP_AM_1000" checkSecurityToken="true"/>
        <action name="deleteRuleExecutable.do" execute="deleteRuleExecutable" permission="perm:ENDP_AM_1000.policy.edit?featureID=ENDP_AM_1000" checkSecurityToken="true"/>
        <action name="updateRuleExecutable.do" execute="updateRuleExecutable" permission="perm:ENDP_AM_1000.policy.edit?featureID=ENDP_AM_1000" checkSecurityToken="true"/>
        <action name="duplicateRuleExecutable.do" execute="duplicateRuleExecutable" permission="perm:ENDP_AM_1000.policy.edit?featureID=ENDP_AM_1000" checkSecurityToken="true"/>
        <action name="toggleInclusionStatus.do" execute="toggleInclusionStatus" permission="perm:ENDP_AM_1000.policy.edit?featureID=ENDP_AM_1000" checkSecurityToken="true"/>
        <action name="cancelEditRuleExecutable.do" execute="cancelEditRuleExecutable" permission="perm:ENDP_AM_1000.policy.edit?featureID=ENDP_AM_1000" checkSecurityToken="true"/>
        <action name="viewSubrule.do" execute="viewSubrule" permission="perm:ENDP_AM_1000.policy.view?featureID=ENDP_AM_1000" checkSecurityToken="true"/>
        <action name="addOrEditSubrule.do" execute="addOrEditSubrule" permission="perm:ENDP_AM_1000.policy.edit?featureID=ENDP_AM_1000" checkSecurityToken="true"/>
        <action name="deleteSubrule.do" execute="deleteSubrule" permission="perm:ENDP_AM_1000.policy.edit?featureID=ENDP_AM_1000" checkSecurityToken="true"/>
        <action name="duplicateSubrule.do" execute="duplicateSubrule" permission="perm:ENDP_AM_1000.policy.edit?featureID=ENDP_AM_1000" checkSecurityToken="true"/>
        <action name="cancelViewSubrule.do" execute="cancelViewSubrule" permission="perm:ENDP_AM_1000.policy.view?featureID=ENDP_AM_1000" checkSecurityToken="true"/>
        <action name="cancelEditSubrule.do" execute="cancelEditSubrule" permission="perm:ENDP_AM_1000.policy.edit?featureID=ENDP_AM_1000" checkSecurityToken="true"/>
        <action name="updateSubrule.do" execute="updateSubrule" permission="perm:ENDP_AM_1000.policy.edit?featureID=ENDP_AM_1000" checkSecurityToken="true"/>

        <action name="addOrEditUserName.do" execute="addOrEditUserName" permission="perm:ENDP_AM_1000.policy.edit?featureID=ENDP_AM_1000" checkSecurityToken="true"/>
        <action name="deleteUserName.do" execute="deleteUserName" permission="perm:ENDP_AM_1000.policy.edit?featureID=ENDP_AM_1000" checkSecurityToken="true"/>
        <action name="toggleUserNameInclusionStatus.do" execute="toggleUserNameInclusionStatus" permission="perm:ENDP_AM_1000.policy.edit?featureID=ENDP_AM_1000" checkSecurityToken="true"/>
        <action name="duplicateUserName.do" execute="duplicateUserName" permission="perm:ENDP_AM_1000.policy.edit?featureID=ENDP_AM_1000" checkSecurityToken="true"/>
        <action name="cancelEditUserName.do" execute="cancelEditUserName" permission="perm:ENDP_AM_1000.policy.edit?featureID=ENDP_AM_1000" checkSecurityToken="true"/>
        <action name="updateUserName.do" execute="updateUserName" permission="perm:ENDP_AM_1000.policy.edit?featureID=ENDP_AM_1000" checkSecurityToken="true"/>

        <action name="subRuleClassChanged.do" execute="subRuleClassChanged" permission="perm:ENDP_AM_1000.policy.edit?featureID=ENDP_AM_1000" checkSecurityToken="true"/>
        <action name="addOrEditSubruleParameter.do" execute="addOrEditSubruleParameter" permission="perm:ENDP_AM_1000.policy.edit?featureID=ENDP_AM_1000" checkSecurityToken="true"/>
        <action name="updateSubruleParameter.do" execute="updateSubruleParameter" permission="perm:ENDP_AM_1000.policy.edit?featureID=ENDP_AM_1000" checkSecurityToken="true"/>
        <action name="cancelEditSubruleParameter.do" execute="cancelEditSubruleParameter" permission="perm:ENDP_AM_1000.policy.edit?featureID=ENDP_AM_1000" checkSecurityToken="true"/>
        <action name="deleteSubruleParameter.do" execute="deleteSubruleParameter" permission="perm:ENDP_AM_1000.policy.edit?featureID=ENDP_AM_1000" checkSecurityToken="true"/>
        <action name="duplicateSubruleParameter.do" execute="duplicateSubruleParameter" permission="perm:ENDP_AM_1000.policy.edit?featureID=ENDP_AM_1000" checkSecurityToken="true"/>
        <action name="addOrEditTargetExecutable.do" execute="addOrEditTargetExecutable" permission="perm:ENDP_AM_1000.policy.edit?featureID=ENDP_AM_1000" checkSecurityToken="true"/>
        <action name="updateSubruleTargetExecutable.do" execute="updateSubruleTargetExecutable" permission="perm:ENDP_AM_1000.policy.edit?featureID=ENDP_AM_1000" checkSecurityToken="true"/>
        <action name="cancelEditTargetExecutable.do" execute="cancelEditTargetExecutable" permission="perm:ENDP_AM_1000.policy.edit?featureID=ENDP_AM_1000" checkSecurityToken="true"/>
        <action name="deleteTargetExecutable.do" execute="deleteTargetExecutable" permission="perm:ENDP_AM_1000.policy.edit?featureID=ENDP_AM_1000" checkSecurityToken="true"/>
        <action name="duplicateTargetExecutable.do" execute="duplicateTargetExecutable" permission="perm:ENDP_AM_1000.policy.edit?featureID=ENDP_AM_1000" checkSecurityToken="true"/>
        <action name="toggleInclusionTargetExecutable.do" execute="toggleInclusionTargetExecutable" permission="perm:ENDP_AM_1000.policy.edit?featureID=ENDP_AM_1000" checkSecurityToken="true"/>
        <action name="toggleInclusionStatusParameter.do" execute="toggleInclusionStatusParameter" permission="perm:ENDP_AM_1000.policy.edit?featureID=ENDP_AM_1000" checkSecurityToken="true"/>
        <action name="ExecutableValidateSignerName.do" execute="validateSigner" permission="perm:ENDP_AM_1000.policy.view?featureID=ENDP_AM_1000" checkSecurityToken="false"/>
    </action-set>
    <action-set bean="ENDP_AM_1000.bopPolicyActions">
        <action name="EditBufferOverflowPolicy.do" execute="EditPolicy" permission="perm:ENDP_AM_1000.policy.view?featureID=ENDP_AM_1000" checkSecurityToken="false"/>
        <action name="SaveBufferOverflowPolicy.do" execute="SavePolicy" permission="perm:ENDP_AM_1000.policy.edit?featureID=ENDP_AM_1000" checkSecurityToken="true"/>

        <action name="addOrEditBOExclusion.do" execute="addOrEditBOExclusion" permission="perm:ENDP_AM_1000.policy.edit?featureID=ENDP_AM_1000" checkSecurityToken="true"/>
        <action name="viewBOExclusion.do" execute="viewBOExclusion" permission="perm:ENDP_AM_1000.policy.view?featureID=ENDP_AM_1000" checkSecurityToken="true"/>
        <action name="updateBOExclusion.do" execute="updateBOExclusion" permission="perm:ENDP_AM_1000.policy.edit?featureID=ENDP_AM_1000" checkSecurityToken="true"/>
        <action name="cancelBOExclusion.do" execute="cancelBOExclusion" permission="perm:ENDP_AM_1000.policy.edit?featureID=ENDP_AM_1000" checkSecurityToken="true"/>
        <action name="cancelViewBOExclusion.do" execute="cancelBOExclusion" permission="perm:ENDP_AM_1000.policy.view?featureID=ENDP_AM_1000" checkSecurityToken="true"/>
        <action name="deleteBOExclusion.do" execute="deleteBOExclusion" permission="perm:ENDP_AM_1000.policy.edit?featureID=ENDP_AM_1000" checkSecurityToken="true"/>
        <action name="duplicateBOExclusion.do" execute="duplicateBOExclusion" permission="perm:ENDP_AM_1000.policy.edit?featureID=ENDP_AM_1000" checkSecurityToken="true"/>
        <action name="reEditBufferOverflowPolicy.do" execute="reEditBufferOverflowPolicy" permission="perm:ENDP_AM_1000.policy.view?featureID=ENDP_AM_1000" checkSecurityToken="true"/>

        <action name="filterBOSignatures.do" execute="filterBOSignatures" permission="perm:ENDP_AM_1000.policy.edit?featureID=ENDP_AM_1000" checkSecurityToken="true"/>
        <action name="setPolicyItemBlockReport.do" execute="setPolicyItemBlockReport" permission="perm:ENDP_AM_1000.policy.edit?featureID=ENDP_AM_1000" checkSecurityToken="true"/>
        <action name="setBOSignatureBlockReportAll.do" execute="setBOSignatureBlockReportAll" permission="perm:ENDP_AM_1000.policy.edit?featureID=ENDP_AM_1000" checkSecurityToken="false"/>

        <action name="addOrEditApplicationProtectionRule.do" execute="addOrEditBOApplicationProtection" permission="perm:ENDP_AM_1000.policy.view?featureID=ENDP_AM_1000" checkSecurityToken="true"/>
        <action name="updateApplicationProtectionRule.do" execute="updateBOAppProtection" permission="perm:ENDP_AM_1000.policy.edit?featureID=ENDP_AM_1000" checkSecurityToken="true"/>
        <action name="cancelBOAppProtection.do" execute="cancelBOAppProtection" permission="perm:ENDP_AM_1000.policy.edit?featureID=ENDP_AM_1000" checkSecurityToken="true"/>
        <action name="cancelViewBOAppProtection.do" execute="cancelBOAppProtection" permission="perm:ENDP_AM_1000.policy.view?featureID=ENDP_AM_1000" checkSecurityToken="true"/>
        <action name="deleteApplicationProtectionRule.do" execute="deleteBOAppProtection" permission="perm:ENDP_AM_1000.policy.edit?featureID=ENDP_AM_1000" checkSecurityToken="true"/>
        <action name="duplicateBOApplicationProtection.do" execute="duplicateBOApplicationProtection" permission="perm:ENDP_AM_1000.policy.edit?featureID=ENDP_AM_1000" checkSecurityToken="true"/>
        <action name="deleteBOApplicationProtectionExecutable.do" execute="deleteBOAppProtectionExecutable" permission="perm:ENDP_AM_1000.policy.edit?featureID=ENDP_AM_1000" checkSecurityToken="true"/>
        <action name="addOrEditBOApplicationProtectionExecutable.do" execute="addOrEditBOApplicationProtectionExecutable" permission="perm:ENDP_AM_1000.policy.edit?featureID=ENDP_AM_1000" checkSecurityToken="true"/>
        <action name="viewBOApplicationProtectionExecutable.do" execute="viewBOApplicationProtectionExecutable" permission="perm:ENDP_AM_1000.policy.view?featureID=ENDP_AM_1000" checkSecurityToken="true"/>
        <action name="cancelEditXpAppProtectionExecutable.do" execute="cancelEditBOAppProtectionExecutable" permission="perm:ENDP_AM_1000.policy.edit?featureID=ENDP_AM_1000" checkSecurityToken="true"/>
        <action name="cancelViewXpAppProtectionExecutable.do" execute="cancelEditBOAppProtectionExecutable" permission="perm:ENDP_AM_1000.policy.view?featureID=ENDP_AM_1000" checkSecurityToken="true"/>

        <action name="duplicateBOApplicationProtectionExecutable.do" execute="duplicateBOApplicationProtectionExecutable" permission="perm:ENDP_AM_1000.policy.edit?featureID=ENDP_AM_1000" checkSecurityToken="false"/>
        <action name="updateBOApplicationProtectionExecutable.do" execute="updateBOApplicationProtectionExecutable" permission="perm:ENDP_AM_1000.policy.edit?featureID=ENDP_AM_1000" checkSecurityToken="true"/>

        <!-- Expert Rules Actions !-->
        <action name="addOrEditExpertRules.do" execute="addOrEditExpertRules"  permission="perm:ENDP_AM_1000.policy.edit?featureID=ENDP_AM_1000" checkSecurityToken="true"/>
        <action name="ViewExpertRules.do" execute="viewExpertRules"  permission="perm:ENDP_AM_1000.policy.view?featureID=ENDP_AM_1000" checkSecurityToken="true"/>
        <action name="updateExpertRules.do" execute="updateExpertRules" permission="perm:ENDP_AM_1000.policy.edit?featureID=ENDP_AM_1000" checkSecurityToken="true"/>
        <action name="cancelExpertRule.do" execute="cancelExpertRule" permission="perm:ENDP_AM_1000.policy.edit?featureID=ENDP_AM_1000" checkSecurityToken="true"/>
        <action name="deleteExpertRule.do" execute="deleteExpertRule" permission="perm:ENDP_AM_1000.policy.edit?featureID=ENDP_AM_1000" checkSecurityToken="true"/>
        <action name="getSignatureDetail.do" execute="getSignatureDetail" permission="perm:ENDP_AM_1000.policy.view?featureID=ENDP_AM_1000" checkSecurityToken="false"/>

    </action-set>
    <action-set bean="ENDP_AM_1000.amPolicyActions">
        <action name="EditCommonScanPolicy.do" execute="EditPolicy" permission="perm:ENDP_AM_1000.policy.view?featureID=ENDP_AM_1000" checkSecurityToken="false"/>
        <action name="SaveCommonScanPolicy.do" execute="SavePolicy" permission="perm:ENDP_AM_1000.policy.edit?featureID=ENDP_AM_1000" checkSecurityToken="true"/>
    </action-set>




    <action-set bean="ENDP_AM_1000.ODSTaskActions">
        <action name="EditODSTaskSettings.do" execute="EditTaskSettings" checkSecurityToken="false"/>
        <action name="SaveODSTaskSettings.do" execute="SaveTaskSettings" checkSecurityToken="true"/>
    </action-set>
    <action-set class="com.mcafee.VirusScan.tasks.QuarantineRestore.QRTaskActions">
        <action name="EditQRSettings.do" execute="EditTaskSettings" checkSecurityToken="false"/>
        <action name="SaveQRSettings.do" execute="SaveTaskSettings" checkSecurityToken="true"/>
    </action-set>
    <action-set class="com.mcafee.VirusScan.tasks.FullScan.FullScanTaskActions">
        <action name="EditFullScanTaskSettings.do" execute="EditTaskSettings" checkSecurityToken="false"/>
        <action name="SaveFullScanTaskSettings.do" execute="SaveTaskSettings" checkSecurityToken="true"/>
    </action-set>
    <action-set class="com.mcafee.VirusScan.tasks.RollbackContent.RBCTaskActions">
        <action name="EditRBCSettings.do" execute="EditTaskSettings" checkSecurityToken="false"/>
        <action name="SaveRBCSettings.do" execute="SaveTaskSettings" checkSecurityToken="true"/>
    </action-set>

    <action-set bean="ENDP_AM_1000.actions.role">
        <action name="editPermissions.do" execute="editPermissions" checkSecurityToken="false"/>
    </action-set>

    <action-set bean="ENDP_AM_1000.loggingActions">
        <action name="loadDebugLogging.do" execute="getDebugLoggingUI" permission="perm:ENDP_GS_1000.policy.view?featureID=ENDP_GS_1000" checkSecurityToken="false"/>
        <action name="loadEventForwarding.do" execute="getEventForwardingUI" permission="perm:ENDP_GS_1000.policy.view?featureID=ENDP_GS_1000" checkSecurityToken="false"/>
    </action-set>



    <!--  TODO check permissions -->
    <action-set bean="ENDP_AM_1000.EventManagementActions">
        <action name="EventManagement.do" execute="EventManagement"
                permission="perm:ENDP_AM_1000.policy.view?featureID=ENDP_AM_1000" checkSecurityToken="false"/>

        <action name="UpdateEventTreeSelection.do" execute="UpdateEventTreeSelection"
                permission="perm:ENDP_AM_1000.policy.view?featureID=ENDP_AM_1000"  checkSecurityToken="true"/>

        <action name="ListTPEventsColumns.do" execute="ListItemColumns"
                permission="perm:ENDP_AM_1000.policy.view?featureID=ENDP_AM_1000" checkSecurityToken="false"/>

        <action name="saveAggregateColumns.do" execute="saveAggregateColumns"
                permission="perm:ENDP_AM_1000.policy.view?featureID=ENDP_AM_1000" checkSecurityToken="false"/>
        <!--<action name="UpdateEventTreeSelection.do" execute="UpdateEventTreeSelection"-->
        <!--permission="perm:ENDP_AM_1000.policy.view?featureID=ENDP_AM_1000"  checkSecurityToken="true"/>-->

        <!--<action name="ListTPEventsColumns.do" execute="ListItemColumns"-->
        <!--permission="perm:ENDP_AM_1000.policy.view?featureID=ENDP_AM_1000" checkSecurityToken="true"/>-->

        <!--<action name="saveAggregateColumns.do" execute="saveAggregateColumns"-->
        <!--permission="perm:ENDP_AM_1000.policy.view?featureID=ENDP_AM_1000" checkSecurityToken="true"/>-->
        <action name="displayAggregatedRowDrillDown.do" execute="displayAggregatedRowDrillDown"
                permission="perm:ENDP_AM_1000.policy.view?featureID=ENDP_AM_1000" checkSecurityToken="false"/>

        <action name="showAggregatedRowDrillDown.do" execute="showAggregatedRowDrillDown"
                permission="perm:ENDP_AM_1000.policy.view?featureID=ENDP_AM_1000" checkSecurityToken="false"/>

    </action-set>


    <action-set bean="ENDP_AM_1000.TPEventsActions">
        <action name="ListTPTargetPolicies.do" execute="ListTPTargetPolicies"
                permission="perm:ENDP_AM_1000.policy.view?featureID=ENDP_AM_1000" checkSecurityToken="true"/>

        <action name="ListOptionsTargetPolicies.do" execute="ListOptionsTargetPolicies"
                permission="perm:ENDP_AM_1000.policy.view?featureID=ENDP_AM_1000" checkSecurityToken="true"/>

        <action name="CreateTPRulesConfig.do" execute="CreateTPRulesConfig"
                permission="perm:ENDP_AM_1000.policy.edit?featureID=ENDP_AM_1000" checkSecurityToken="true"/>

        <action name="CreateAMSIExclusionConfig.do" execute="CreateAMSIExclusionConfig"
                permission="perm:ENDP_AM_1000.policy.edit?featureID=ENDP_AM_1000" checkSecurityToken="true"/>

        <action name="CreateAMSISuppressionConfig.do" execute="CreateAMSISuppressionConfig"
                permission="perm:ENDP_AM_1000.policy.edit?featureID=ENDP_AM_1000" checkSecurityToken="true"/>

        <action name="CreateXPExclusionsFromEvents.do" execute="CreateXPExclusionsFromEvents"
                permission="perm:ENDP_AM_1000.policy.view?featureID=ENDP_AM_1000" checkSecurityToken="true"/>

        <action name="CreateAMSIExclusionsFromEvents.do" execute="CreateAMSIExclusionsFromEvents"
                permission="perm:ENDP_AM_1000.policy.view?featureID=ENDP_AM_1000" checkSecurityToken="true"/>
    </action-set>

</mvc-action-config>