<?xml version="1.0" encoding="UTF-8"?>
<!--
 Copyright (C) 2011-2018 McAfee, LLC
-->

<!-- This file contains bean definitions related to SQUID integration -->
<!-- PLEASE DO NOT MODIFY THE ORDER IN WHICH THE BEANS ARE LISTED IN THIS FILE -->

<beans xmlns="http://www.springframework.org/schema/beans"
       xmlns:xsi="http://www.w3.org/2001/XMLSchema-instance"
       xsi:schemaLocation="http://www.springframework.org/schema/beans http://www.springframework.org/schema/beans/spring-beans-2.0.xsd">

    <bean id="ENDP_AM_1000.rt.EndpointProtectionCustomProps" class="com.mcafee.orion.core.ui.RegisteredType">
        <property name="name" value="rt.EndpointProtectionCustomProps.Name"/>
        <property name="description" value="rt.EndpointProtectionCustomProps.Description"/>
        <property name="resource" ref="ENDP_AM_1000.resource"/>
        <property name="UID" value="EndpointProtectionCustomProps"/>
    </bean>

    <!-- custom props enums -->
    <bean id="enum.OASbComplianceStatus" class="com.mcafee.orion.core.query.StaticEnum">
        <property name="column" value="OASbComplianceStatus"/>
        <property name="items">
            <map>
                <entry key="0" value="Properties.Endpoint.SystemProtection.ComplianceStatus.0"/>
                <entry key="1" value="Properties.Endpoint.SystemProtection.ComplianceStatus.1"/>
            </map>
        </property>
        <property name="resource" ref="ENDP_AM_1000.resource"/>
    </bean>
    <bean id="enum.ODSbComplianceStatus" class="com.mcafee.orion.core.query.StaticEnum">
        <property name="column" value="ODSbComplianceStatus"/>
        <property name="items">
            <map>
                <entry key="0" value="Properties.Endpoint.SystemProtection.ComplianceStatus.0"/>
                <entry key="1" value="Properties.Endpoint.SystemProtection.ComplianceStatus.1"/>
            </map>
        </property>
        <property name="resource" ref="ENDP_AM_1000.resource"/>
    </bean>
    <!--<bean id="enum.EmailScannerbComplianceStatus" class="com.mcafee.orion.core.query.StaticEnum">-->
        <!--<property name="column" value="EmailScannerbComplianceStatus"/>-->
        <!--<property name="items">-->
            <!--<map>-->
                <!--<entry key="0" value="Properties.Endpoint.SystemProtection.ComplianceStatus.0"/>-->
                <!--<entry key="1" value="Properties.Endpoint.SystemProtection.ComplianceStatus.1"/>-->
            <!--</map>-->
        <!--</property>-->
        <!--<property name="resource" ref="ENDP_AM_1000.resource"/>-->
    <!--</bean>-->
    <bean id="enum.AVCMGRbComplianceStatus" class="com.mcafee.orion.core.query.StaticEnum">
        <property name="column" value="AVCMGRbComplianceStatus"/>
        <property name="items">
            <map>
                <entry key="0" value="Properties.Endpoint.SystemProtection.ComplianceStatus.0"/>
                <entry key="1" value="Properties.Endpoint.SystemProtection.ComplianceStatus.1"/>
            </map>
        </property>
        <property name="resource" ref="ENDP_AM_1000.resource"/>
    </bean>
    <bean id="enum.BObComplianceStatus" class="com.mcafee.orion.core.query.StaticEnum">
        <property name="column" value="BObComplianceStatus"/>
        <property name="items">
            <map>
                <entry key="0" value="Properties.Endpoint.SystemProtection.ComplianceStatus.0"/>
                <entry key="1" value="Properties.Endpoint.SystemProtection.ComplianceStatus.1"/>
            </map>
        </property>
        <property name="resource" ref="ENDP_AM_1000.resource"/>
    </bean>
    <bean id="enum.SSbComplianceStatus" class="com.mcafee.orion.core.query.StaticEnum">
        <property name="column" value="SSbComplianceStatus"/>
        <property name="items">
            <map>
                <entry key="0" value="Properties.Endpoint.SystemProtection.ComplianceStatus.0"/>
                <entry key="1" value="Properties.Endpoint.SystemProtection.ComplianceStatus.1"/>
            </map>
        </property>
        <property name="resource" ref="ENDP_AM_1000.resource"/>
    </bean>
    <bean id="enum.APbComplianceStatus" class="com.mcafee.orion.core.query.StaticEnum">
        <property name="column" value="APbComplianceStatus"/>
        <property name="items">
            <map>
                <entry key="0" value="Properties.Endpoint.SystemProtection.ComplianceStatus.0"/>
                <entry key="1" value="Properties.Endpoint.SystemProtection.ComplianceStatus.1"/>
            </map>
        </property>
        <property name="resource" ref="ENDP_AM_1000.resource"/>
    </bean>
    <!-- GTI Sensitivity Levels -->
    <bean id="enum.OASGTILevel" class="com.mcafee.orion.core.query.StaticEnum">
        <property name="column" value="OASGTILevel"/>
        <property name="items">
            <map>
                <entry key="0" value="Global.HeuristicOff"/>
                <entry key="1" value="Global.HeuristicVeryLow"/>
                <entry key="2" value="Global.HeuristicLow"/>
                <entry key="3" value="Global.HeuristicMedium"/>
                <entry key="4" value="Global.HeuristicHigh"/>
                <entry key="5" value="Global.HeuristicVeryHigh"/>
            </map>
        </property>
        <property name="resource" ref="ENDP_AM_1000.resource"/>
    </bean>
    <bean id="enum.ODSFullScanGTILevel" class="com.mcafee.orion.core.query.StaticEnum">
        <property name="column" value="ODSFullScanGTILevel"/>
        <property name="items">
            <map>
                <entry key="0" value="Global.HeuristicOff"/>
                <entry key="1" value="Global.HeuristicVeryLow"/>
                <entry key="2" value="Global.HeuristicLow"/>
                <entry key="3" value="Global.HeuristicMedium"/>
                <entry key="4" value="Global.HeuristicHigh"/>
                <entry key="5" value="Global.HeuristicVeryHigh"/>
            </map>
        </property>
        <property name="resource" ref="ENDP_AM_1000.resource"/>
    </bean>
    <bean id="enum.ODSQuickScanGTILevel" class="com.mcafee.orion.core.query.StaticEnum">
        <property name="column" value="ODSQuickScanGTILevel"/>
        <property name="items">
            <map>
                <entry key="0" value="Global.HeuristicOff"/>
                <entry key="1" value="Global.HeuristicVeryLow"/>
                <entry key="2" value="Global.HeuristicLow"/>
                <entry key="3" value="Global.HeuristicMedium"/>
                <entry key="4" value="Global.HeuristicHigh"/>
                <entry key="5" value="Global.HeuristicVeryHigh"/>
            </map>
        </property>
        <property name="resource" ref="ENDP_AM_1000.resource"/>
    </bean>
    <bean id="enum.ODSRightClickScanGTILevel" class="com.mcafee.orion.core.query.StaticEnum">
        <property name="column" value="ODSRightClickScanGTILevel"/>
        <property name="items">
            <map>
                <entry key="0" value="Global.HeuristicOff"/>
                <entry key="1" value="Global.HeuristicVeryLow"/>
                <entry key="2" value="Global.HeuristicLow"/>
                <entry key="3" value="Global.HeuristicMedium"/>
                <entry key="4" value="Global.HeuristicHigh"/>
                <entry key="5" value="Global.HeuristicVeryHigh"/>
            </map>
        </property>
        <property name="resource" ref="ENDP_AM_1000.resource"/>
    </bean>
    <bean id="enum.Language" class="com.mcafee.orion.core.query.StaticEnum">
        <property name="column" value="Language"/>
        <property name="items">
            <map>
                <entry key="000" value="Properties.Endpoint.SystemProtection.Language_Automatic"/>
                <entry key="404" value="Properties.Endpoint.SystemProtection.Chinese_Trad"/>
                <entry key="804" value="Properties.Endpoint.SystemProtection.Language_Chinese_Simp"/>
                <entry key="413" value="Properties.Endpoint.SystemProtection.Language_Dutch"/>
                <entry key="409" value="Properties.Endpoint.SystemProtection.Language_English"/>
                <entry key="40C" value="Properties.Endpoint.SystemProtection.Language_French"/>
                <entry key="407" value="Properties.Endpoint.SystemProtection.Language_German"/>
                <entry key="40D" value="Properties.Endpoint.SystemProtection.Language_Hebrew"/>
                <entry key="410" value="Properties.Endpoint.SystemProtection.Language_Italian"/>
                <entry key="411" value="Properties.Endpoint.SystemProtection.Language_Japanese"/>
                <entry key="412" value="Properties.Endpoint.SystemProtection.Language_Korean"/>
                <entry key="415" value="Properties.Endpoint.SystemProtection.Language_Polish"/>
                <entry key="416" value="Properties.Endpoint.SystemProtection.Language_Portuguese_Br"/>
                <entry key="419" value="Properties.Endpoint.SystemProtection.Language_Russian"/>
                <entry key="C0A" value="Properties.Endpoint.SystemProtection.Language_Spanish"/>
                <entry key="41D" value="Properties.Endpoint.SystemProtection.Language_Swedish"/>
            </map>
        </property>
        <property name="resource" ref="ENDP_AM_1000.resource"/>
    </bean>
    <bean id="enum.LicenseStatus" class="com.mcafee.orion.core.query.StaticEnum">
        <property name="column" value="LicenseStatus"/>
        <property name="items">
            <map>
                <entry key="0" value="Properties.Endpoint.SystemProtection.unlicensed"/>
                <entry key="1" value="Properties.Endpoint.SystemProtection.licensed"/>
            </map>
        </property>
        <property name="resource" ref="ENDP_AM_1000.resource"/>
    </bean>
	<bean id="enum.TPAMSISupportedStatus" class="com.mcafee.orion.core.query.StaticEnum">
        <property name="column" value="TPAMSISupportedStatus"/>
        <property name="items">
            <map>
                <entry key="0" value="Global.no"/>
                <entry key="1" value="Global.yes"/>
            </map>
        </property>
        <property name="resource" ref="ENDP_AM_1000.resource"/>
    </bean>
    <!--<bean id="enum.ODSCustomScanGTILevel" class="com.mcafee.orion.core.query.StaticEnum">-->
        <!--<property name="column" value="ODSCustomScanGTILevel"/>-->
        <!--<property name="items">-->
            <!--<map>-->
                <!--<entry key="0" value="Global.HeuristicOff"/>-->
                <!--<entry key="1" value="Global.HeuristicVeryLow"/>-->
                <!--<entry key="2" value="Global.HeuristicLow"/>-->
                <!--<entry key="3" value="Global.HeuristicMedium"/>-->
                <!--<entry key="4" value="Global.HeuristicHigh"/>-->
                <!--<entry key="5" value="Global.HeuristicVeryHigh"/>-->
            <!--</map>-->
        <!--</property>-->
        <!--<property name="resource" ref="ENDP_AM_1000.resource"/>-->
    <!--</bean>-->

    <!--&lt;!&ndash; register the custom props table &ndash;&gt;-->
    <bean id="ENDP_AM_1000.customProps.tableinfo" class="com.mcafee.orion.core.query.SquidTableInfo">
        <property name="tableName" value="AM_CustomProps"/>
        <property name="resource" ref="ENDP_AM_1000.resource"/>
        <property name="type" value="target"/>
        <property name="queryTargetGroup" ref="ENDP_GS_1000.query.target.group"/>
        <property name="displayNameKey" value="EndpointProtectionCustomProps.Name"/>
        <property name="descriptionKey" value="EndpointProtectionCustomProps.Description"/>
        <property name="registeredTypeUID" value="EndpointProtectionCustomProps"/>
        <!--<property name="propertyFormatter" ref="VIRUSCANREPORTS.properties.displayer"/>-->
        <property name="propertyFormatter">
            <!--<bean class="com.mcafee.orion.core.ui.DefaultDisplayAdapter">-->
            <bean class="com.mcafee.VirusScan.reports.EndpointSystemProtectionPropsDA">
                <constructor-arg index="0" value="ENDP_AM_1000.SystemProtectionProtectionStatus.da"/>
                <constructor-arg index="1" ref="ENDP_AM_1000.resource"/>
            </bean>
        </property>
		<isMultiTenant>		
			<extensionVersionIsGreaterThanOrEqual extension="console" version="5.9.38.41">
				<property name="allowCustomQueries" value="true"/>
			</extensionVersionIsGreaterThanOrEqual>
		</isMultiTenant>
        <!-- see the installschema for the schema of the AMCustomProps-->
        <property name="uidColumnName" value="AutoID"/>
        <isMultiTenant>
            <property name="permissionUri" value="perm:ENDP_AM_1000_PERM.permission.viewSquidQuery"/>
        </isMultiTenant>
        <property name="columns">          <!--columns of the AMCustomProps-->
            <list>
                <value>AutoID                                 int none</value>
                <value>ParentID                               int none</value>
                <value>LeafNodeID                             int none</value>
                <value>bOASEnabled                            boolean all</value>
                <value>bAPEnabled                             boolean all</value>
                <value>bBOEnabled                             boolean all</value>
                <value>bScriptScanEnabled                     boolean all</value>
                <!--<value>EmailEnabled                           string none</value>-->
                <value>AVCMComplianceDays                     string all</value>
                <value>OASbComplianceStatus                   enum all</value>
                <value>OASComplianceStatus                    string all</value>
                <value>OASAdditionalComplianceStatus          string all</value>
                <value>OASGTILevel                            enum all</value>
                <value>ODSbComplianceStatus                   enum all</value>
                <value>ODSComplianceStatus                    string all</value>
                <value>ODSAdditionalComplianceStatus          string all</value>
                <value>ODSFullAverageScanDuration             string all</value>
                <value>ODSQuickAverageScanDuration            string all</value>
                <value>ODSLastFullScanDate                    timestamp all</value>
                <value>ODSLastQuickScanDate                   timestamp all</value>
                <value>ODSFullScanGTILevel                    enum all</value>
                <value>ODSQuickScanGTILevel                   enum all</value>
                <value>ODSRightClickScanGTILevel              enum all</value>
                <!--<value>ODSCustomScanGTILevel                  enum all</value>-->
                <!--<value>EmailScannerbComplianceStatus          enum all</value>-->
                <!--<value>EmailScannerComplianceStatus           string all</value>-->
                <!--<value>EmailScannerAdditionalComplianceStatus string all</value>-->
                <value>AVCMGRbComplianceStatus                enum all</value>
                <value>AVCMGRComplianceStatus                 string all</value>
                <value>AVCMGRAdditionalComplianceStatus       string all</value>
                <value>BObComplianceStatus                    enum all</value>
                <value>BOComplianceStatus                     string all</value>
                <value>BOAdditionalComplianceStatus           string all</value>
                <value>ExploitPreventionContentCreated        string select,group</value>
                <value>ExploitPreventionContentVersion        string all</value>
                <value>SSbComplianceStatus                    enum all</value>
                <value>SSComplianceStatus                     string all</value>
                <value>SSAdditionalComplianceStatus           string all</value>
                <value>scanUsingAMSIHooks                     boolean all</value>
                <value>enableAMSIObserveMode                  boolean all</value>
                <value>APbComplianceStatus                    enum all</value>
                <value>APComplianceStatus                     string all</value>
                <value>APAdditionalComplianceStatus           string all</value>
                <value>V2DATVersion                           string all</value>
                <value>ManifestVersion                        string all</value>
                <value>EngineVersion                          string all</value>
                <value>Hotfixes                               string all</value>
                <value>Patch                                  string all</value>
                <value>LicenseStatus                          string_enum all</value>
                <value>Language                               string_enum all</value>
                <value>szExtraDATNames                        string all</value>
                <value>AMCoreContentDate                      timestamp all</value>
				<value>TPAMSISupportedStatus                    enum all</value>
                <value>TPAMSISupportedStatusReason                     string all</value>
            </list>
        </property>
        <property name="foreignKeys">
            <list>
                <bean class="com.mcafee.orion.core.query.table.ForeignKey">
                    <property name="joinType" value="left"/>
                    <property name="cardinality" value="one-to-one"/>  <!-- IMPORTANT! This is what tells SQUID to add this Table to the sub-tables in the foreign query-able target -->
                    <property name="sourceColumns" value="LeafNodeID"/>
                    <property name="destinationTable" value="EPOLeafNode"/>
                    <property name="destinationColumns" value="AutoID"/>
                </bean>
            </list>
        </property>
        <property name="enums">
            <list>
                <ref bean="enum.OASbComplianceStatus"/>
                <ref bean="enum.ODSbComplianceStatus"/>
                <ref bean="enum.AVCMGRbComplianceStatus"/>
                <ref bean="enum.BObComplianceStatus"/>
                <ref bean="enum.SSbComplianceStatus"/>
                <ref bean="enum.APbComplianceStatus"/>
                <ref bean="enum.OASGTILevel"/>
                <ref bean="enum.ODSFullScanGTILevel"/>
                <ref bean="enum.ODSQuickScanGTILevel"/>
                <ref bean="enum.ODSRightClickScanGTILevel"/>
                <ref bean="enum.Language"/>
                <ref bean="enum.LicenseStatus"/>
				<ref bean="enum.TPAMSISupportedStatus"/>
            </list>
        </property>
    </bean>

    <bean id="ENDP_AM_1000.customProps.queryInjector" class="com.mcafee.endpoint.security.NodePermissionsQueryInjector">
        <property name="id" value="ENDP_AM_1000.customProps.queryInjector"/>
        <property name="injectableTables">
            <set>
                <value>AM_CustomProps</value>
            </set>
        </property>
    </bean>

    <bean id="ENDP_AM_1000.TP_Events" class="com.mcafee.orion.core.query.SquidTableInfo">
        <property name="resource" ref="ENDP_AM_1000.resource"/>
        <property name="tableName"  value="TP_Events"/>
        <!--<property name="type" value="target"/>-->
        <property name="queryTargetGroup" ref="events.target.group"/>
        <property name="displayNameKey" value="TPEvents.Name"/>
        <property name="descriptionKey" value="TPEvents.Description"/>
        <property name="registeredTypeUID" value="TP_Events"/>
        <property name="propertyFormatter">
            <bean class="com.mcafee.VirusScan.events.TPEventsDA">
                <constructor-arg index="0" value="ENDP_AM_1000.TPEvent.da"/>
                <constructor-arg index="1" ref="ENDP_AM_1000.resource"/>
                <property name="eventsDA" ref="CommonEvents.EventsDA"/>
                <property name="extendedEventsDA" ref="ENDP_GS_1000.dad.displayadapter"/>
            </bean>
        </property>
        <!--<property name="permissionUri" value="perm:ENDP_FW_META.policy.view?featureID=ENDP_FW_META_FW"/>-->
        <property name="uidColumnName" value="AutoID"/>
        <isMultiTenant>
            <property name="permissionUri" value="perm:ENDP_AM_1000_PERM.permission.viewSquidQuery"/>
        </isMultiTenant>

        <property name="columns">
            <list>
                <value>AutoID long NONE</value>
                <value>AutoGUID string NONE</value>

                <isMultiTenant>
                    <value>ServerID string NONE</value>
                </isMultiTenant>
                <isNotMultiTenant>
                    <value>ServerID string select</value>
                </isNotMultiTenant>

                <value>ReceivedUTC timestamp SELECT,COND,GROUP</value>
                <value>DetectedUTC timestamp ALL</value>
                <value>AgentGUID string SELECT</value>

                <value>Analyzer string_lookup SELECT,COND,GROUP</value>
                <value>AnalyzerName string_lookup SELECT,COND,GROUP</value>
                <value>AnalyzerVersion string_lookup SELECT,COND,GROUP</value>
                <value>AnalyzerHostName string SELECT,COND,GROUP</value>
                <value>AnalyzerIPV4 ipv4 SELECT,COND,GROUP</value>
                <value>AnalyzerIPV6 ipv6 SELECT,COND,GROUP</value>
                <value>AnalyzerMAC string SELECT,COND,GROUP</value>
                <value>AnalyzerDATVersion string SELECT,COND,GROUP</value>
                <value>AnalyzerEngineVersion string_lookup SELECT,COND,GROUP</value>

                <value>SourceHostName string SELECT,COND,GROUP</value>
                <value>SourceIPV4 ipv4 SELECT,COND,GROUP</value>
                <value>SourceIPV6 ipv6 SELECT,COND,GROUP</value>
                <value>SourceMAC string SELECT,COND,GROUP</value>
                <value>SourceUserName string SELECT,COND,GROUP</value>
                <value>SourceProcessName string SELECT,COND,GROUP</value>
                <value>SourceURL string SELECT,COND,GROUP</value>

                <value>TargetHostName string ALL</value>
                <value>TargetIPV4 ipv4 SELECT,COND,GROUP</value>
                <value>TargetIPV6 ipv6 SELECT,COND,GROUP</value>
                <value>TargetMAC string SELECT,COND,GROUP</value>
                <value>TargetUserName string SELECT,COND,GROUP</value>
                <value>TargetPort int SELECT,COND,GROUP</value>
                <value>TargetProtocol string_lookup SELECT,COND,GROUP</value>
                <value>TargetProcessName string SELECT,COND,GROUP</value>
                <value>TargetFileName string SELECT,COND,GROUP</value>

                <value>ThreatCategory threatcategory SELECT,COND,GROUP</value>
                <value>ThreatEventID eventIdInt SELECT,COND,GROUP</value>
                <value>TenantId int none</value>
                <value>leafNodeId int none</value>
                <!--<value>ParentID int none</value>-->
                <value>count long none</value>  <!-- Note: This is just a dummy columns so that we can aggregate data -->

                <!--value>ThreatSeverity enum ALL</value-->
                <bean class="com.mcafee.orion.core.query.SquidColInfo">
                    <property name="name" value="ThreatSeverity"/>
                    <property name="type" value="enum"/>
                    <property name="queryFlags" value="select,cond,group"/>
                    <property name="operators">
                        <list>
                            <bean class="com.mcafee.orion.core.query.SquidOperatorInfo">
                                <property name="nameKey" value="gt"/>
                                <property name="operatorType" value="lt"/>
                                <property name="displayType" value="enum"/>
                                <property name="resource" ref="ComputerMgmt.resource"/>
                            </bean>
                            <bean class="com.mcafee.orion.core.query.SquidOperatorInfo">
                                <property name="nameKey" value="lt"/>
                                <property name="operatorType" value="gt"/>
                                <property name="displayType" value="enum"/>
                                <property name="resource" ref="ComputerMgmt.resource"/>
                            </bean>
                        </list>
                    </property>
                </bean>

                <value>ThreatName string_lookup ALL</value>
                <!-- it is an enum but because it used to be a String - we add the string operators -->
                <bean class="com.mcafee.orion.core.query.SquidColInfo">
                    <property name="name" value="ThreatType"/>
                    <property name="type" value="string_enum"/>
                    <property name="queryFlags" value="select,cond,group"/>
                    <property name="operators">
                        <list>
                            <bean class="com.mcafee.orion.core.query.SquidOperatorInfo">
                                <property name="nameKey" value="contains"/>
                                <property name="operatorType" value="contains"/>
                                <property name="displayType" value="text_lookup"/>
                                <property name="resource" ref="core.resource"/>
                            </bean>
                            <bean class="com.mcafee.orion.core.query.SquidOperatorInfo">
                                <property name="nameKey" value="notContains"/>
                                <property name="operatorType" value="notContains"/>
                                <property name="displayType" value="text_lookup"/>
                                <property name="resource" ref="core.resource"/>
                            </bean>
                            <bean class="com.mcafee.orion.core.query.SquidOperatorInfo">
                                <property name="nameKey" value="startsWith"/>
                                <property name="operatorType" value="startsWith"/>
                                <property name="displayType" value="text_lookup"/>
                                <property name="resource" ref="core.resource"/>
                            </bean>
                            <bean class="com.mcafee.orion.core.query.SquidOperatorInfo">
                                <property name="nameKey" value="endsWith"/>
                                <property name="operatorType" value="endsWith"/>
                                <property name="displayType" value="text_lookup"/>
                                <property name="resource" ref="core.resource"/>
                            </bean>
                            <bean class="com.mcafee.orion.core.query.SquidOperatorInfo">
                                <property name="nameKey" value="like"/>
                                <property name="operatorType" value="like"/>
                                <property name="displayType" value="text_lookup"/>
                                <property name="resource" ref="core.resource"/>
                            </bean>
                            <bean class="com.mcafee.orion.core.query.SquidOperatorInfo">
                                <property name="nameKey" value="isBlank"/>
                                <property name="operatorType" value="isBlank"/>
                                <property name="displayType" value="blank"/>
                                <property name="resource" ref="core.resource"/>
                            </bean>
                            <bean class="com.mcafee.orion.core.query.SquidOperatorInfo">
                                <property name="nameKey" value="not_isBlank"/>
                                <property name="operatorType" value="not_isBlank"/>
                                <property name="displayType" value="blank"/>
                                <property name="resource" ref="core.resource"/>
                            </bean>
                        </list>
                    </property>
                </bean>

                <bean class="com.mcafee.orion.core.query.SquidColInfo">
                    <property name="name" value="ThreatActionTaken"/>
                    <property name="type" value="string_enum"/>
                    <property name="queryFlags" value="select,cond,group"/>
                    <property name="operators">
                        <list>
                            <bean class="com.mcafee.orion.core.query.SquidOperatorInfo">
                                <property name="nameKey" value="contains"/>
                                <property name="operatorType" value="contains"/>
                                <property name="displayType" value="text_lookup"/>
                                <property name="resource" ref="core.resource"/>
                            </bean>
                            <bean class="com.mcafee.orion.core.query.SquidOperatorInfo">
                                <property name="nameKey" value="notContains"/>
                                <property name="operatorType" value="notContains"/>
                                <property name="displayType" value="text_lookup"/>
                                <property name="resource" ref="core.resource"/>
                            </bean>
                            <bean class="com.mcafee.orion.core.query.SquidOperatorInfo">
                                <property name="nameKey" value="startsWith"/>
                                <property name="operatorType" value="startsWith"/>
                                <property name="displayType" value="text_lookup"/>
                                <property name="resource" ref="core.resource"/>
                            </bean>
                            <bean class="com.mcafee.orion.core.query.SquidOperatorInfo">
                                <property name="nameKey" value="endsWith"/>
                                <property name="operatorType" value="endsWith"/>
                                <property name="displayType" value="text_lookup"/>
                                <property name="resource" ref="core.resource"/>
                            </bean>
                            <bean class="com.mcafee.orion.core.query.SquidOperatorInfo">
                                <property name="nameKey" value="like"/>
                                <property name="operatorType" value="like"/>
                                <property name="displayType" value="text_lookup"/>
                                <property name="resource" ref="core.resource"/>
                            </bean>
                            <bean class="com.mcafee.orion.core.query.SquidOperatorInfo">
                                <property name="nameKey" value="isBlank"/>
                                <property name="operatorType" value="isBlank"/>
                                <property name="displayType" value="blank"/>
                                <property name="resource" ref="core.resource"/>
                            </bean>
                            <bean class="com.mcafee.orion.core.query.SquidOperatorInfo">
                                <property name="nameKey" value="not_isBlank"/>
                                <property name="operatorType" value="not_isBlank"/>
                                <property name="displayType" value="blank"/>
                                <property name="resource" ref="core.resource"/>
                            </bean>
                        </list>
                    </property>
                </bean>

                <value>ThreatHandled boolean SELECT,COND,GROUP</value>

                <value>AnalyzerDetectionMethod string_lookup SELECT,COND,GROUP</value>
                <!--columns from EPExtendedEvent view/table-->
                <value>Location                     string      select,group,cond</value>
                <value>BladeName                    string_enum ALL</value>
                <value>AnalyzerTechnologyVersion    string      select,group</value>
                <value>AnalyzerContentCreationDate  timestamp   select,group,cond</value>
                <value>AnalyzerContentVersion       string      select,group</value>
                <value>AMCoreContentVersion         string      select,group</value>
                <value>AnalyzerRuleID               string      select,group</value>
                <value>AnalyzerRuleName             string      select,group</value>
                <value>AnalyzerRegInfo              string      select,group</value>
                <value>AnalyzerGTIQuery             boolean     select,group,cond</value>
                <value>ThreatDetectedOnCreation     boolean     select,group</value>
                <value>ThreatImpact                 string      select,group</value>
                <value>SourcePort                   int         select,group</value>
                <value>SourceShareName              string      select,group</value>
                <value>SourceProcessHash            string      select</value>
                <value>SourceProcessSigned          boolean     select,group</value>
                <value>SourceProcessSigner          string      select,group</value>
                <value>SourceParentProcessName      string      select,group</value>
                <value>SourceParentProcessHash      string      select</value>
                <value>SourceParentProcessSigned    boolean     select,group</value>
                <value>SourceParentProcessSigner    string      select,group</value>
                <value>SourceFilePath               string      select,group,cond</value>
                <value>SourceFileSize               int         select,group</value>
                <value>SourceHash                   string      select</value>
                <value>SourceSigned                 boolean     select,group</value>
                <value>SourceSigner                 string      select,group</value>
                <value>SourceModifyTime             timestamp   select,group,cond</value>
                <value>SourceAccessTime             timestamp   select,group,cond</value>
                <value>SourceCreateTime             timestamp   select,group,cond</value>
                <value>SourceDeviceDisplayName      string      select,group</value>
                <value>SourceDeviceSerialNumber     string      select,group</value>
                <value>SourceDeviceVID              string      select,group</value>
                <value>SourceDevicePID              string      select,group</value>
                <value>SourceDescription            string      select,group</value>
                <value>SourceURLRatingCode          string      select,group</value>
                <value>SourceURLWebCategory         string      select,group</value>
                <value>TargetURL                    string      select,group</value>
                <value>TargetShareName              string      select,group</value>
                <value>TargetHash                   string      select,group,cond</value>
                <value>TargetSigned                 boolean     select,group</value>
                <value>TargetSigner                 string      select,group</value>
                <value>TargetParentProcessSigned    boolean     select,group</value>
                <value>TargetParentProcessSigner    string      select,group</value>
                <value>TargetParentProcessName      string      select,group</value>
                <value>TargetParentProcessHash      string      select</value>
                <value>TargetName                   string      select,group,cond</value>
                <value>TargetPath                   string      select,group,cond</value>
                <value>TargetFileSize               int         select,group</value>
                <value>TargetModifyTime             timestamp   select,group,cond</value>
                <value>TargetAccessTime             timestamp   select,group,cond</value>
                <value>TargetCreateTime             timestamp   select,group,cond</value>
                <value>TargetDeviceDisplayName      string      select,group</value>
                <value>TargetDeviceSerialNumber     string      select,group</value>
                <value>TargetDeviceVID              string      select,group</value>
                <value>TargetDevicePID              string      select,group</value>
                <value>TargetDescription            string      select,group</value>
                <value>Cleanable                    boolean     select,group</value>
                <value>TaskName                     string      select,group</value>
                <value>APIName                      string      select,group</value>
                <value>FirstAttemptedAction         string      select,group</value>
                <value>FirstActionStatus            boolean     select,group</value>
                <value>SecondAttemptedAction        string      select,group</value>
                <value>SecondActionStatus           boolean     select,group</value>
                <value>Topic                        string      select,group</value>
                <value>AttackVectorType             enum        ALL</value>
                <value>AccessRequested              string      select,group,cond</value>
                <value>DurationBeforeDetection      int         select,group,cond</value>
                <value>NaturalLangDescription       string      select,group</value>
                <value>Direction                    enum        select,group,cond</value>
            </list>
        </property>
        <property name="enums">
            <list>
                <ref bean="CommonEvents.enum.priority"/>
                <ref bean="CommonEvents.enum.threatType"/>
                <ref bean="CommonEvents.enum.threatActionTaken"/>
                <!--<ref bean="enum.threatcategory"/>-->
                <!--columns from EPExtendedEvent view/table-->
                <bean id="enum.BladeName" class="com.mcafee.orion.core.query.StaticEnum">
                    <property name="column" value="BladeName"/>
                    <property name="items">
                        <map>
                            <entry key="IDS_BLADE_NAME_SPB" value="bladename.SystemProtectionBlade"/>
                            <entry key="IDS_BLADE_NAME_FW" value="bladename.FirewallBlade"/>
                            <entry key="IDS_BLADE_NAME_WP" value="bladename.WebProtectionBlade"/>
                            <entry key="IDS_BLADE_NAME_GEN" value="bladename.CommonBlade"/>
                            <entry key="IDS_BLADE_NAME_TIE" value="bladename.ThreatIntelligenceBlade"/>
                        </map>
                    </property>
                    <property name="resource" ref="ENDP_GS_1000.resource"/>
                </bean>
                <bean id="enum.AttackVectorType" class="com.mcafee.orion.core.query.StaticEnum">
                    <property name="column" value="AttackVectorType"/>
                    <property name="items">
                        <map>
                            <entry key="0" value="attackvectortype.none"/>
                            <entry key="1" value="attackvectortype.web"/>
                            <entry key="2" value="attackvectortype.externaldevice"/>
                            <entry key="3" value="attackvectortype.network"/>
                            <entry key="4" value="attackvectortype.localsystem"/>
                            <entry key="5" value="attackvectortype.fileshare"/>
                        </map>
                    </property>
                    <property name="resource" ref="ENDP_GS_1000.resource"/>
                </bean>
                <bean id="enum.Direction" class="com.mcafee.orion.core.query.StaticEnum">
                    <property name="column" value="Direction"/>
                    <property name="items">
                        <map>
                            <entry key="0" value="direction.incoming"/>
                            <entry key="1" value="direction.outgoing"/>
                        </map>
                    </property>
                    <property name="resource" ref="ENDP_GS_1000.resource"/>
                </bean>
            </list>
        </property>
        <property name="foreignKeys">
            <list>
                <bean class="com.mcafee.orion.core.query.table.ForeignKey">
                    <property name="sourceColumns" value="leafNodeId"/>
                    <property name="destinationTable" value="EPOLeafNode"/>
                    <property name="destinationColumns" value="AutoID"/>
                </bean>
                <!--<bean class="com.mcafee.orion.core.query.table.ForeignKey">-->
                    <!--<property name="sourceColumns" value="leafNodeId"/>-->
                    <!--<property name="destinationTable" value="EPOComputerProperties"/>-->
                    <!--<property name="destinationColumns" value="ParentID"/>-->
                <!--</bean>-->
            </list>
        </property>
    </bean>

    <!--========================= Rollup Squid ==========================-->
    <isNotMultiTenant>

    <!-- rollup.props registered type -->
    <bean id="ENDP_AM_1000.rt.rollup.props" class="com.mcafee.orion.core.ui.RegisteredType">
        <property name="UID" value="ENDP_AM_1000.rt.rollup.props.id"/>
        <property name="resource" ref="ENDP_AM_1000.resource"/>
        <property name="name" value="rt.rollup.props.name"/>
        <property name="description" value="rt.rollup.props.description"/>
    </bean>

    <!-- rollup.props squid table -->
    <bean id="ENDP_AM_1000.squid.rollup.props" class="com.mcafee.orion.core.query.SquidTableInfo">
        <property name="resource" ref="ENDP_AM_1000.resource"/>
        <property name="displayNameKey" value="rollup.props.table.name"/>
        <property name="descriptionKey" value="rollup.props.table.description"/>
        <property name="type" value="rollup"/>
        <property name="registeredTypeUID" value="ENDP_AM_1000.rt.rollup.props.id"/>
        <property name="propertyFormatter">
            <bean class="com.mcafee.VirusScan.reports.EndpointSystemProtectionPropsDA">
                <constructor-arg index="0" value="ENDP_AM_1000.SystemProtectionProtectionStatus.da"/>
                <constructor-arg index="1" ref="ENDP_AM_1000.resource"/>
            </bean>
        </property>

        <property name="tableName" value="ENSRollup_AM_CustomProps"/>
        <property name="uidColumnName" value="AutoID"/>
        <property name="columns">          <!--columns of the AMCustomProps-->
            <list>
                <value>RegSvrId                               int none</value>
                <value>AutoID                                 int none</value>
                <value>ParentID                               int none</value>
                <value>bOASEnabled                            boolean all</value>
                <value>bAPEnabled                             boolean all</value>
                <value>bBOEnabled                             boolean all</value>
                <value>bScriptScanEnabled                     boolean all</value>
                <value>AVCMComplianceDays                     string all</value>
                <value>OASbComplianceStatus                   enum all</value>
                <value>OASComplianceStatus                    string all</value>
                <value>OASAdditionalComplianceStatus          string all</value>
                <value>OASGTILevel                            enum all</value>
                <value>ODSbComplianceStatus                   enum all</value>
                <value>ODSComplianceStatus                    string all</value>
                <value>ODSAdditionalComplianceStatus          string all</value>
                <value>ODSLastFullScanDuration                int all</value>
                <value>ODSLastQuickScanDuration               int all</value>
                <value>ODSLastFullScanDate                    timestamp all</value>
                <value>ODSLastQuickScanDate                   timestamp all</value>
                <value>ODSFullScanGTILevel                    enum all</value>
                <value>ODSQuickScanGTILevel                   enum all</value>
                <value>ODSRightClickScanGTILevel              enum all</value>
                <value>AVCMGRbComplianceStatus                enum all</value>
                <value>AVCMGRComplianceStatus                 string all</value>
                <value>AVCMGRAdditionalComplianceStatus       string all</value>
                <value>BObComplianceStatus                    enum all</value>
                <value>BOComplianceStatus                     string all</value>
                <value>BOAdditionalComplianceStatus           string all</value>
                <value>ExploitPreventionContentCreated        string select,group</value>
                <value>ExploitPreventionContentVersion        string all</value>
                <value>SSbComplianceStatus                    enum all</value>
                <value>SSComplianceStatus                     string all</value>
                <value>SSAdditionalComplianceStatus           string all</value>
                <value>scanUsingAMSIHooks                     boolean all</value>
                <value>enableAMSIObserveMode                  boolean all</value>
                <value>APbComplianceStatus                    enum all</value>
                <value>APComplianceStatus                     string all</value>
                <value>APAdditionalComplianceStatus           string all</value>
                <value>V2DATVersion                           string all</value>
                <value>ManifestVersion                        string all</value>
                <value>EngineVersion                          string all</value>
                <value>Hotfixes                               string all</value>
                <value>Patch                                  string all</value>
                <value>LicenseStatus                          string_enum all</value>
                <value>Language                               string_enum all</value>
                <value>szExtraDATNames                        string all</value>
                <value>AMCoreContentDate                      timestamp all</value>
				<value>TPAMSISupportedStatus                  enum all</value>
                <value>TPAMSISupportedStatusReason            string all</value>
            </list>
        </property>
        <property name="foreignKeys">
            <list>
                <!-- EPORollup_ProductProperties(ServerId, ExternalId) = ENSRollup_AM_CustomProps(RegSvrId, ParentID) -->
                <bean class="com.mcafee.orion.core.query.table.ForeignKey">
                    <property name="joinType" value="left"/>
                    <property name="cardinality" value="one-to-one"/>
                    <property name="sourceTable" value="ENSRollup_AM_CustomProps"/>
                    <property name="sourceColumns" value="RegSvrId,ParentID"/>
                    <property name="destinationTable" value="EPORollup_ProductPropertiesTHREATPREVENTION"/>
                    <property name="destinationColumns" value="ServerId,ExternalId"/>
                </bean>
            </list>
        </property>
        <property name="enums">
            <list>
                <ref bean="enum.OASbComplianceStatus"/>
                <ref bean="enum.ODSbComplianceStatus"/>
                <ref bean="enum.AVCMGRbComplianceStatus"/>
                <ref bean="enum.BObComplianceStatus"/>
                <ref bean="enum.SSbComplianceStatus"/>
                <ref bean="enum.APbComplianceStatus"/>
                <ref bean="enum.OASGTILevel"/>
                <ref bean="enum.ODSFullScanGTILevel"/>
                <ref bean="enum.ODSQuickScanGTILevel"/>
                <ref bean="enum.ODSRightClickScanGTILevel"/>
                <ref bean="enum.Language"/>
                <ref bean="enum.LicenseStatus"/>
				<ref bean="enum.TPAMSISupportedStatus"/>
            </list>
        </property>
    </bean>
    </isNotMultiTenant>

    <!--=========================  ==========================-->
</beans>