﻿<?xml version="1.0" encoding="UTF-8"?>
<epo:EPOTaskSchema xmlns:epo="mcafee-epo-task" xmlns:xsi="http://www.w3.org/2001/XMLSchema-instance">
    <EPOTaskVerInfo vermjr="4" vermin="0" verrel="0" verbld="0"/>

    <EPOTaskLocaleString productid="ENDP_WP_1000" token="WP_WebReporterTransmitData_Task">
        <Translation codepage="1033">Send Content Security Reporter Logs</Translation>
        <Translation codepage="1031">Content Security Reporter-Protokolle senden</Translation>
        <Translation codepage="1034">Enviar registros de Content Security Reporter</Translation>
        <Translation codepage="1036">Envoyer des journaux Content Security Reporter</Translation>
        <Translation codepage="1040">Invia registri Content Security Reporter</Translation>
        <Translation codepage="1041">Content Security Reporter ログを送信する</Translation>
        <Translation codepage="1042">Content Security Reporter 로그 보내기</Translation>
        <Translation codepage="1046">Enviar logs do Content Security Reporter</Translation>
        <Translation codepage="2052">发送 Content Security Reporter 日志</Translation>
        <Translation codepage="1028">傳送 Content Security Reporter 記錄</Translation>
        <Translation codepage="1049">Отправить журналы Content Security Reporter</Translation>
    </EPOTaskLocaleString>

    <EPOTaskType
        productid="ENDP_WP_1000"
        typeid="WP_WebReporterTransmitData_Task"
        platforms="WXPHE:5:1:1|WXPW:5:1:1|WXPE:5:1:2|WXPS:5:2:1|WVST|WVSTS|WNT7W|WIN8W|WIN8S|WINXW|WINXS"
        editurl="EditWebReporterSendLogsTask.do"
        saveurl="SaveWebReporterSendLogsTask.do"
        singleton="false"
        hidden="false"
        taskpermission="true"/>

    <EPOTaskObject name="" productid="ENDP_WP_1000" typeid="WP_WebReporterTransmitData_Task">
        <Section name="General">
            <Setting name="TaskType" value="TransmitData"/>
        </Section>
    </EPOTaskObject>

</epo:EPOTaskSchema>
