<?xml version="1.0" encoding="UTF-8"?>
<epo:EPOPolicySchema xmlns:epo="mcafee-epo-policy" xmlns:xsi="http://www.w3.org/2001/XMLSchema-instance">
  <EPOPolicyVerInfo vermjr="4" vermin="6" verbld="0" verrel="0"/>

  <EPOPolicyLocaleString token="ENDP_WP_1000">
    <Translation codepage="1033"> Policy Category</Translation>
    <Translation codepage="1031"> Richtlinienkategorie</Translation>
    <Translation codepage="1034"> Categoría de directivas</Translation>
    <Translation codepage="1036"> Catégorie de stratégie</Translation>
    <Translation codepage="1040"> Categoria policy</Translation>
    <Translation codepage="1041"> ポリシー カテゴリ</Translation>
    <Translation codepage="1042"> 정책 범주</Translation>
    <Translation codepage="1046"> Categoria da política</Translation>
    <Translation codepage="2052"> 策略类别</Translation>
    <Translation codepage="1028"> 原則類別</Translation>
    <Translation codepage="1049"> Категория политики</Translation>
  </EPOPolicyLocaleString>

  <EPOPolicyLocaleString token="EWC_General">
    <Translation codepage="1033">Options</Translation>
    <Translation codepage="1031">Optionen</Translation>
    <Translation codepage="1034">Opciones</Translation>
    <Translation codepage="1036">Options</Translation>
    <Translation codepage="1040">Opzioni</Translation>
    <Translation codepage="1041">オプション</Translation>
    <Translation codepage="1042">옵션</Translation>
    <Translation codepage="1046">Opções</Translation>
    <Translation codepage="2052">选项</Translation>
    <Translation codepage="1028">選項</Translation>
    <Translation codepage="1049">Параметры</Translation>
  </EPOPolicyLocaleString>

  <EPOPolicyLocaleString token="EWC_EnforcementMessaging">
    <Translation codepage="1033">Enforcement Messaging</Translation>
    <Translation codepage="1031">Erzwingungsmeldungen</Translation>
    <Translation codepage="1034">Mensajes de implementación</Translation>
    <Translation codepage="1036">Message de mise en œuvre</Translation>
    <Translation codepage="1040">Messaggi di imposizione</Translation>
    <Translation codepage="1041">施行メッセージ</Translation>
    <Translation codepage="1042">실시 메시징</Translation>
    <Translation codepage="1046">Mensagem de imposição</Translation>
    <Translation codepage="2052">强制实施消息传递</Translation>
    <Translation codepage="1028">強制執行訊息</Translation>
    <Translation codepage="1049">Сообщения о принудительном применении</Translation>
  </EPOPolicyLocaleString>

  <EPOPolicyLocaleString token="EWC_BlockAndAllowList">
    <Translation codepage="1033">Block and Allow List</Translation>
    <Translation codepage="1031">Sperr- und Zulassungsliste</Translation>
    <Translation codepage="1034">Lista de bloqueo y lista de permisos</Translation>
    <Translation codepage="1036">Liste d'autorisation et de blocage</Translation>
    <Translation codepage="1040">Elenco Blocca e Consenti</Translation>
    <Translation codepage="1041">ブロック リストと許可リスト</Translation>
    <Translation codepage="1042">차단 및 허용 목록</Translation>
    <Translation codepage="1046">Lista de bloqueios e permissões</Translation>
    <Translation codepage="2052">阻止和允许列表</Translation>
    <Translation codepage="1028">封鎖與允許清單</Translation>
    <Translation codepage="1049">Список блокировок и разрешений</Translation>
  </EPOPolicyLocaleString>

  <EPOPolicyLocaleString token="EWC_ContentFiltering">
    <Translation codepage="1033">Content Actions</Translation>
    <Translation codepage="1031">Inhaltsaktionen</Translation>
    <Translation codepage="1034">Acciones según contenido</Translation>
    <Translation codepage="1036">Actions liées au contenu</Translation>
    <Translation codepage="1040">Azioni contenuto</Translation>
    <Translation codepage="1041">コンテンツによるアクション</Translation>
    <Translation codepage="1042">콘텐츠 액션</Translation>
    <Translation codepage="1046">Ações de conteúdo</Translation>
    <Translation codepage="2052">内容操作</Translation>
    <Translation codepage="1028">內容動作</Translation>
    <Translation codepage="1049">Действия на основе содержимого</Translation>    
  </EPOPolicyLocaleString>

    <!--Commenting out the event tracking policy because these settings will eventually be moved to the Options policy-->
  <!--<EPOPolicyLocaleString token="EventTracking">-->
    <!--<Translation codepage="1033">Event Tracking</Translation>-->
    <!--<Translation codepage="1031">Ereignisüberwachung</Translation>-->
    <!--<Translation codepage="1034">Rastreo de eventos</Translation>-->
    <!--<Translation codepage="1036">Suivi des événements</Translation>-->
    <!--<Translation codepage="1040">Rilevamento degli eventi</Translation>-->
    <!--<Translation codepage="1041">イベント追跡</Translation>-->
    <!--<Translation codepage="1042">이벤트 추적</Translation>-->
    <!--<Translation codepage="1046">Rastreamento de eventos</Translation>-->
    <!--<Translation codepage="2052">事件跟踪</Translation>-->
    <!--<Translation codepage="1028">事件追蹤</Translation>-->
    <!--<Translation codepage="1049">Отслеживание событий</Translation>    -->
  <!--</EPOPolicyLocaleString>-->

  <EPOPolicyLocaleString token="EWC_BrowserControl">
    <Translation codepage="1033">Browser Control</Translation>
    <Translation codepage="1031">Browser-Steuerung</Translation>
    <Translation codepage="1034">Control de navegador</Translation>
    <Translation codepage="1036">Contrôle de navigateur</Translation>
    <Translation codepage="1040">Controllo del browser</Translation>
    <Translation codepage="1041">ブラウザー コントロール</Translation>
    <Translation codepage="1042">브라우저 컨트롤</Translation>
    <Translation codepage="1046">Controle de navegador</Translation>
    <Translation codepage="2052">浏览器控制</Translation>
    <Translation codepage="1028">瀏覽器控制</Translation>
    <Translation codepage="1049">Управление браузером</Translation>
  </EPOPolicyLocaleString>

  <EPOPolicyLocaleString token="EWC_ContentFilterModule">
        <Translation codepage="1033">Module Configuration</Translation>
        <Translation codepage="1028">模組設定</Translation>
        <Translation codepage="2052">模块配置</Translation>
        <Translation codepage="1040">Configurazione modulo</Translation>
        <Translation codepage="1049">Настройка модуля</Translation>
        <Translation codepage="1042">모듈 구성</Translation>
        <Translation codepage="1041">モジュール設定</Translation>
        <Translation codepage="1046">Configuração de módulos</Translation>
        <Translation codepage="1036">Configuration de module</Translation>
        <Translation codepage="1034">Configuración del módulo</Translation>
        <Translation codepage="1031">Modulkonfiguration</Translation>
  </EPOPolicyLocaleString>

  <!-- UBP policy -->
  <EPOPolicyType featureid="ENDP_WP_1000" categoryid="EWC_General" typeid="EWC_General" legacy="false" singleton="true" assignmethod="4"/>
  <EPOPolicyType featureid="ENDP_WP_1000" categoryid="EWC_EnforcementMessaging" typeid="EWC_EnforcementMessaging" legacy="false" singleton="true" assignmethod="4"/>
  <EPOPolicyType featureid="ENDP_WP_1000" categoryid="EWC_BlockAndAllowList" typeid="EWC_BlockAndAllowList" legacy="false" singleton="false" assignmethod="4"/>
  <EPOPolicyType featureid="ENDP_WP_1000" categoryid="EWC_ContentFiltering" typeid="EWC_ContentFiltering" legacy="false" singleton="false" assignmethod="4"/>
  <!--<EPOPolicyType featureid="ENDP_WP_1000" categoryid="EventTracking" typeid="EventTracking" legacy="false" singleton="true"/>-->
  <EPOPolicyType featureid="ENDP_WP_1000" categoryid="EWC_ContentFilterModule" typeid="EWC_ContentFilterModule" legacy="false" singleton="true" hidden="true" assignmethod="4"/>

  <!-- non UBP policy -->
  <EPOPolicyType featureid="ENDP_WP_1000" categoryid="EWC_BrowserControl" typeid="EWC_BrowserControl" legacy="false" singleton="true"/>
	
  <EPOPolicyProduct productcode="ENDP_WP_1000">
    <!-- UBP policy -->
    <PolicyType featureid="ENDP_WP_1000" categoryid="EWC_General" typeid="EWC_General" editurl="EditGeneralPolicy.do" legacyui="false"/>
    <PolicyType featureid="ENDP_WP_1000" categoryid="EWC_EnforcementMessaging" typeid="EWC_EnforcementMessaging" editurl="EditEnforcementMessagingPolicy.do" legacyui="false"/>
    <PolicyType featureid="ENDP_WP_1000" categoryid="EWC_BlockAndAllowList" typeid="EWC_BlockAndAllowList" editurl="EditBlockAndAllowListPolicy.do" aggurl="ViewEffectiveBlockAndAllowListPolicy.do" legacyui="false"/>
    <PolicyType featureid="ENDP_WP_1000" categoryid="EWC_ContentFiltering" typeid="EWC_ContentFiltering" editurl="EditContentFilteringPolicy.do" aggurl="ViewEffectiveContentPolicy.do" legacyui="false"/>
    <!--<PolicyType featureid="ENDP_WP_1000" categoryid="EventTracking" typeid="EventTracking" editurl="EditEventingPolicy.do" legacyui="false"></PolicyType>-->
    <PolicyType featureid="ENDP_WP_1000" categoryid="EWC_ContentFilterModule" typeid="EWC_ContentFilterModule" editurl="EditCFMPolicy.do" legacyui="false"/>
	
	<!-- non UBP policy -->
	<PolicyType featureid="ENDP_WP_1000" categoryid="EWC_BrowserControl" typeid="EWC_BrowserControl" editurl="EditBrowserControl.do" legacyui="false"/>
  </EPOPolicyProduct>

    <!--************************************************************************
    ** Harden Policy
    ****************************************************************************-->
    <EPOPolicySettings featureid="ENDP_WP_1000" categoryid="EWC_BrowserControl" typeid="EWC_BrowserControl" name="McAfee Default">
      <Section name="HardenSettings">
        <Setting name="szPolicyStamp" value="0"/>
        <Setting name="szBrowserExeNames" value="iexplore.exe|firefox.exe|chrome.exe|opera.exe|safari.exe|navigator.exe|maxthon.exe|flock.exe|avant.exe|deepnet.exe|phaseout.exe|microsoftedge.exe"/>
        <Setting name="szBrowserIds" value="IE|FF|CHROME|OPERA|SAFARI|NETSCAPE|MAXTHON|FLOCK|AVANT|DEEPNET|PHASEOUT|EDGE"/>
        <Setting name="szBrowserBlocks" value="0|0|0|0|0|0|0|0|0|0|0|0"/>
      </Section>

        <!--
            bProtectSAEService	string bool: "1"|"0"	            default "1"
            bProtectSAEFiles	string bool: "1"|"0"	            default "1"
            bProtectSAERegistry	string bool: "1"|"0"	            default "1"
            bProtectUninstall	string bool: "1"|"0"	            default "1"
            szBrowserExeNames	string	                Browser exe names “|” delimited
            szBrowserIds	    string	                Browser IDs “|” delimited
            szBrowserBlocks	    string	                Browser blocks “|” delimited

            -->
    </EPOPolicySettings>

    <!--************************************************************************
    ** General Policy
    ****************************************************************************-->
    <EPOPolicySettings featureid="ENDP_WP_1000" categoryid="EWC_General" typeid="EWC_General" name="McAfee Default">
        <Section name="WebProtection">
            <Setting name="bEnableWebProtection" value="1"/>
            <Setting name="bDisableUserBrowserPlugin" value="1"/>
            <Setting name="bHideToolbar" value="0"/>
            <Setting name="bStandDownMCPValidate" value="0"/>
            <Setting name="bAllowIEInExtOffMode" value="0"/>
            <!--<Setting name="bPreventUserStoppingWebControl" value="1"/>-->
            <Setting name="szPolicyStamp" value="0"/>
        </Section>
        <Section name="EventLogging">
            <Setting name="bGreenRatedSites" value="0"/>
            <Setting name="bAllowedConfiguredBlockAllowList" value="1"/>
            <Setting name="bLogIFrameEvents" value="0"/>
            <Setting name="bInformWebReporter" value="0"/>
            <Setting name="elURL" value=""/>
            <Setting name="elUsername" value=""/>
            <Setting name="elPassword" value=""/>
            <Setting name="szPolicyStamp" value="0"/>
        </Section>
        <Section name="ActionEnforcement">
            <Setting name="szPolicyStamp" value="0"/>
            <Setting name="bEnableHTMLiFrames" value="1"/>
            <Setting name="applyActionNonGTI" value="1"/>
            <Setting name="bGtiFailClose" value="0"/>
            <Setting name="bPhishingBlock" value="1"/>
            <Setting name="bAllowWarnAtDomainLevel" value="0"/>
            <Setting name="bSiteObserve" value="0"/>
            <Setting name="bEnfFileDownloads" value="1"/>
            <Setting name="gtiRiskLevelToBlock" value="4"/>
            <Setting name="bEnfIMEmailLinkChecking" value="1"/>
            <Setting name="bEnfIMEmailLinkHookChecking" value="1"/>
			<Setting name="uiAgumentIPCount" value="0"/>
            <Setting name="bAllowAllPrivateUrls" value="1"/>
            <Setting name="bStandDown" value="0"/>
            <Setting name="bGatewayIPValidate" value="0"/>
            <Setting name="bGatewayPresenceValidate" value="0"/>
            <Setting name="bGatewayLandmarkValidate" value="0"/>
            <Setting name="uiGatewayIPCount" value="0"/>
            <Setting name="uiIntLandIPCount" value="0"/>
            <Setting name="szGatewayLandmark" value=""/>
        </Section>
        <Section name="SecureSearch">
            <Setting name="szPolicyStamp" value="0"/>
            <Setting name="bEnableSecureSearch" value="0"/>
            <Setting name="uiSecureSearchEngine" value="0"/>
            <Setting name="uiSecureResults" value="1"/>
        </Section>
    </EPOPolicySettings>

    <!--************************************************************************
    ** EnforcementMessaging Policy
    ****************************************************************************-->
    <EPOPolicySettings featureid="ENDP_WP_1000" categoryid="EWC_EnforcementMessaging" typeid="EWC_EnforcementMessaging" name="McAfee Default">
        <Section name="EnforcementMessaging">
            <Setting name="localized" value="1"/>
            <Setting name="szBlockContentDetail_de" value="Der Inhalt auf dieser Site verst&#246;&#223;t gegen die Nutzungsrichtlinien."/>
            <Setting name="szBlockContentDetail_en" value="The content on this site violates the acceptable usage policy."/>
            <Setting name="szBlockContentDetail_es" value="El contenido de este sitio web infringe la directiva de uso aceptable."/>
            <Setting name="szBlockContentDetail_fr" value="Le contenu de ce site enfreint la strat&#233;gie d&apos;utilisation acceptable."/>
            <Setting name="szBlockContentDetail_it" value="I contenuti di questo sito violano la policy sull&apos;utilizzo accettabile."/>
            <Setting name="szBlockContentDetail_iw" value="&#1492;&#1514;&#1493;&#1499;&#1503; &#1489;&#1488;&#1514;&#1512; &#1494;&#1492; &#1502;&#1508;&#1512; &#1488;&#1514; &#1502;&#1491;&#1497;&#1504;&#1497;&#1493;&#1514; &#1492;&#1513;&#1497;&#1502;&#1493;&#1513; &#1492;&#1502;&#1511;&#1493;&#1489;&#1500;."/>
            <Setting name="szBlockContentDetail_ja" value="&#12371;&#12398;&#12469;&#12452;&#12488;&#12398;&#12467;&#12531;&#12486;&#12531;&#12484;&#12399;&#12289;&#35377;&#23481;&#31684;&#22258;&#12398;&#20351;&#29992;&#12509;&#12522;&#12471;&#12540;&#12395;&#36949;&#21453;&#12375;&#12390;&#12356;&#12414;&#12377;&#12290;"/>
            <Setting name="szBlockContentDetail_ko" value="&#51060; &#49324;&#51060;&#53944;&#51032; &#53080;&#53584;&#52768;&#44032; &#54728;&#50857; &#44032;&#45733;&#54620; &#49324;&#50857; &#51221;&#52293;&#51012; &#50948;&#48152;&#54633;&#45768;&#45796;."/>
            <Setting name="szBlockContentDetail_nl" value="De inhoud op deze site schendt het beleid voor acceptabel gebruik."/>
            <Setting name="szBlockContentDetail_pl" value="Zawarto&#347;&#263; tej witryny narusza akceptowalne zasady korzystania."/>
            <Setting name="szBlockContentDetail_pt_BR" value="O conte&#250;do desse site viola a pol&#237;tica de uso aceit&#225;vel."/>
            <Setting name="szBlockContentDetail_ru" value="&#1057;&#1086;&#1076;&#1077;&#1088;&#1078;&#1080;&#1084;&#1086;&#1077; &#1101;&#1090;&#1086;&#1075;&#1086; &#1074;&#1077;&#1073;-&#1089;&#1072;&#1081;&#1090;&#1072; &#1085;&#1072;&#1088;&#1091;&#1096;&#1072;&#1077;&#1090; &#1087;&#1088;&#1080;&#1077;&#1084;&#1083;&#1077;&#1084;&#1091;&#1102; &#1087;&#1086;&#1083;&#1080;&#1090;&#1080;&#1082;&#1091; &#1080;&#1089;&#1087;&#1086;&#1083;&#1100;&#1079;&#1086;&#1074;&#1072;&#1085;&#1080;&#1103;."/>
            <Setting name="szBlockContentDetail_sv" value="Inneh&#229;llet p&#229; den h&#228;r webbplatsen strider mot g&#228;ngse principer om godtagbar anv&#228;ndning."/>
            <Setting name="szBlockContentDetail_zh_CN" value="&#27492;&#31449;&#28857;&#20013;&#30340;&#20869;&#23481;&#36829;&#21453;&#20102;&#21487;&#25509;&#21463;&#30340;&#20351;&#29992;&#31574;&#30053;&#12290;"/>
            <Setting name="szBlockContentDetail_zh_TW" value="&#27492;&#32178;&#31449;&#19978;&#30340;&#20839;&#23481;&#36949;&#21453;&#20351;&#29992;&#21407;&#21063;&#12290;"/>
            <Setting name="szBlockDetailZeroDay_de" value="Diese Site ist blockiert, weil McAfee GTI sie noch nicht verifiziert hat."/>
            <Setting name="szBlockDetailZeroDay_en" value="This site is blocked because it is not yet verified by McAfee GTI."/>
            <Setting name="szBlockDetailZeroDay_es" value="Este sitio est&#225; bloqueado porque McAfee GTI a&#250;n no lo ha verificado."/>
            <Setting name="szBlockDetailZeroDay_fr" value="Ce site est bloqu&#233; car il n&apos;a pas encore &#233;t&#233; v&#233;rifi&#233; par McAfee GTI."/>
            <Setting name="szBlockDetailZeroDay_it" value="Questo sito &#232; bloccato in quanto non &#232; ancora stato verificato da McAfee GTI."/>
            <Setting name="szBlockDetailZeroDay_iw" value="&#1488;&#1514;&#1512; &#1494;&#1492; &#1495;&#1505;&#1493;&#1501; &#1502;&#1499;&#1497;&#1493;&#1493;&#1503; &#1513;&#1492;&#1493;&#1488; &#1500;&#1488; &#1488;&#1493;&#1502;&#1514; &#1506;&#1491;&#1497;&#1497;&#1503; &#1506;&#1500;-&#1497;&#1491;&#1497; McAfee GTI."/>
            <Setting name="szBlockDetailZeroDay_ja" value="McAfee GTI &#12391;&#30906;&#35469;&#12373;&#12428;&#12390;&#12356;&#12394;&#12356;&#12383;&#12417;&#12289;&#12371;&#12398;&#12469;&#12452;&#12488;&#12399;&#12502;&#12525;&#12483;&#12463;&#12373;&#12428;&#12390;&#12356;&#12414;&#12377;&#12290;"/>
            <Setting name="szBlockDetailZeroDay_ko" value="McAfee GTI&#50640;&#49436; &#50500;&#51649; &#54869;&#51064;&#46104;&#51648; &#50506;&#50500; &#51060; &#49324;&#51060;&#53944;&#45716; &#52264;&#45800;&#46121;&#45768;&#45796;."/>
            <Setting name="szBlockDetailZeroDay_nl" value="Deze site is geblokkeerd omdat de site nog niet geverifieerd is door McAfee GTI."/>
            <Setting name="szBlockDetailZeroDay_pl" value="Ta witryna jest zablokowana, poniewa&#380; nie zosta&#322;a jeszcze zweryfikowana w us&#322;udze McAfee GTI."/>
            <Setting name="szBlockDetailZeroDay_pt_BR" value="Este site est&#225; bloqueado porque ainda n&#227;o foi verificado pelo McAfee GTI."/>
            <Setting name="szBlockDetailZeroDay_ru" value="&#1069;&#1090;&#1086;&#1090; &#1092;&#1072;&#1081;&#1083; &#1079;&#1072;&#1073;&#1083;&#1086;&#1082;&#1080;&#1088;&#1086;&#1074;&#1072;&#1085;, &#1087;&#1086;&#1090;&#1086;&#1084;&#1091; &#1095;&#1090;&#1086; &#1086;&#1085; &#1077;&#1097;&#1077; &#1085;&#1077; &#1087;&#1088;&#1086;&#1074;&#1077;&#1088;&#1077;&#1085; McAfee GTI."/>
            <Setting name="szBlockDetailZeroDay_sv" value="Den h&#228;r webbplatsen &#228;r inte verifierad av McAfee GTI &#228;n och har d&#228;rf&#246;r blockerats."/>
            <Setting name="szBlockDetailZeroDay_zh_CN" value="&#35813;&#31449;&#28857;&#24050;&#34987;&#38459;&#27490;&#65292;&#22240;&#20026;&#23578;&#26410;&#32463; McAfee GTI &#39564;&#35777;&#12290;"/>
            <Setting name="szBlockDetailZeroDay_zh_TW" value="&#22240;&#28858; McAfee GTI &#23578;&#26410;&#39511;&#35657;&#27492;&#32178;&#31449;&#65292;&#24050;&#23553;&#37782;&#27492;&#32178;&#31449;&#12290;"/>
            <Setting name="szBlockDetail_de" value="Diese Website stellt ein inakzeptables Sicherheitsrisiko dar."/>
            <Setting name="szBlockDetail_en" value="An unacceptable security risk is posed by this site."/>
            <Setting name="szBlockDetail_es" value="Este sitio puede provocar un riesgo para la seguridad inaceptable."/>
            <Setting name="szBlockDetail_fr" value="Ce site repr&#233;sente un risque de s&#233;curit&#233; inacceptable."/>
            <Setting name="szBlockDetail_it" value="Questo sito comporta un rischio inammissibile per la sicurezza."/>
            <Setting name="szBlockDetail_iw" value="&#1488;&#1514;&#1512; &#1494;&#1492; &#1502;&#1492;&#1493;&#1493;&#1492; &#1505;&#1497;&#1499;&#1493;&#1503; &#1488;&#1489;&#1496;&#1495;&#1492; &#1489;&#1500;&#1514;&#1497; &#1511;&#1489;&#1497;&#1500;."/>
            <Setting name="szBlockDetail_ja" value="&#12371;&#12398;&#12469;&#12452;&#12488;&#12395;&#12399;&#23481;&#35469;&#12391;&#12365;&#12394;&#12356;&#12475;&#12461;&#12517;&#12522;&#12486;&#12451; &#12522;&#12473;&#12463;&#12364;&#23384;&#22312;&#12375;&#12414;&#12377;&#12290;"/>
            <Setting name="szBlockDetail_ko" value="&#51060; &#49324;&#51060;&#53944;&#50640; &#54728;&#50857;&#46104;&#51648; &#50506;&#45716; &#48372;&#50504; &#50948;&#54744;&#51060; &#51080;&#49845;&#45768;&#45796;."/>
            <Setting name="szBlockDetail_nl" value="Deze site vormt een niet-acceptabel beveiligingsrisico."/>
            <Setting name="szBlockDetail_pl" value="Ta witryna stwarza niedopuszczalne ryzyko bezpiecze&#324;stwa."/>
            <Setting name="szBlockDetail_pt_BR" value="Esse site apresenta um risco de seguran&#231;a inaceit&#225;vel."/>
            <Setting name="szBlockDetail_ru" value="&#1069;&#1090;&#1086;&#1090; &#1074;&#1077;&#1073;-&#1089;&#1072;&#1081;&#1090; &#1087;&#1088;&#1077;&#1076;&#1089;&#1090;&#1072;&#1074;&#1083;&#1103;&#1077;&#1090; &#1085;&#1077;&#1087;&#1088;&#1080;&#1077;&#1084;&#1083;&#1077;&#1084;&#1099;&#1081; &#1088;&#1080;&#1089;&#1082; &#1076;&#1083;&#1103; &#1073;&#1077;&#1079;&#1086;&#1087;&#1072;&#1089;&#1085;&#1086;&#1089;&#1090;&#1080;."/>
            <Setting name="szBlockDetail_sv" value="Den h&#228;r webbplatsen inneb&#228;r en oacceptabel s&#228;kerhetsrisk."/>
            <Setting name="szBlockDetail_zh_CN" value="&#27492;&#32593;&#31449;&#19978;&#23384;&#22312;&#26080;&#27861;&#25509;&#21463;&#30340;&#23433;&#20840;&#39118;&#38505;&#12290;"/>
            <Setting name="szBlockDetail_zh_TW" value="&#27492;&#32178;&#31449;&#23384;&#22312;&#28961;&#27861;&#25509;&#21463;&#30340;&#23433;&#20840;&#24615;&#39080;&#38570;&#12290;"/>
            <Setting name="szBlockFileMessage_de" value="Diese Datei ist blockiert."/>
            <Setting name="szBlockFileMessage_en" value="This file is blocked."/>
            <Setting name="szBlockFileMessage_es" value="Este archivo est&#225; bloqueado."/>
            <Setting name="szBlockFileMessage_fr" value="Ce fichier est bloqu&#233;."/>
            <Setting name="szBlockFileMessage_it" value="Questo file &#232; bloccato."/>
            <Setting name="szBlockFileMessage_iw" value="&#1511;&#1493;&#1489;&#1509; &#1494;&#1492; &#1495;&#1505;&#1493;&#1501;."/>
            <Setting name="szBlockFileMessage_ja" value="&#12371;&#12398;&#12501;&#12449;&#12452;&#12523;&#12399;&#12502;&#12525;&#12483;&#12463;&#12373;&#12428;&#12390;&#12356;&#12414;&#12377;&#12290;"/>
            <Setting name="szBlockFileMessage_ko" value="&#51060; &#54028;&#51068;&#51008; &#52264;&#45800;&#46121;&#45768;&#45796;."/>
            <Setting name="szBlockFileMessage_nl" value="Dit bestand is geblokkeerd."/>
            <Setting name="szBlockFileMessage_pl" value="Ten plik jest zablokowany."/>
            <Setting name="szBlockFileMessage_pt_BR" value="O arquivo encontra-se bloqueado."/>
            <Setting name="szBlockFileMessage_ru" value="&#1069;&#1090;&#1086;&#1090; &#1092;&#1072;&#1081;&#1083; &#1079;&#1072;&#1073;&#1083;&#1086;&#1082;&#1080;&#1088;&#1086;&#1074;&#1072;&#1085;."/>
            <Setting name="szBlockFileMessage_sv" value="Den h&#228;r filen &#228;r blockerad."/>
            <Setting name="szBlockFileMessage_zh_CN" value="&#27492;&#25991;&#20214;&#24050;&#34987;&#38459;&#27490;&#12290;"/>
            <Setting name="szBlockFileMessage_zh_TW" value="&#27492;&#27284;&#26696;&#24050;&#23553;&#37782;&#12290;"/>
            <Setting name="szBlockGTIFailCloseDetail_de" value="Zugriff auf diese Website wird blockiert, weil der Server f&#252;r McAfee GTI-Bewertungen nicht erreichbar ist."/>
            <Setting name="szBlockGTIFailCloseDetail_en" value="Access to this website is blocked because McAfee GTI ratings server is not reachable."/>
            <Setting name="szBlockGTIFailCloseDetail_es" value="El acceso a este sitio web est&#225; bloqueado porque no se ha podido acceder al servidor de calificaciones McAfee GTI."/>
            <Setting name="szBlockGTIFailCloseDetail_fr" value="L&apos;acc&#232;s &#224; ce site web est bloqu&#233; car le serveur d&apos;&#233;valuation McAfee GTI n&apos;est pas accessible."/>
            <Setting name="szBlockGTIFailCloseDetail_it" value="L&apos;accesso a questo sito Web &#232; bloccato in quanto il server delle classificazioni McAfee GTI non &#232; raggiungibile."/>
            <Setting name="szBlockGTIFailCloseDetail_iw" value="&#1492;&#1490;&#1497;&#1513;&#1492; &#1500;&#1488;&#1514;&#1512; &#1488;&#1497;&#1504;&#1496;&#1512;&#1504;&#1496; &#1494;&#1492; &#1495;&#1505;&#1493;&#1502;&#1492; &#1502;&#1499;&#1497;&#1493;&#1493;&#1503; &#1513;&#1500;&#1488; &#1504;&#1497;&#1514;&#1503; &#1500;&#1490;&#1513;&#1514; &#1500;&#1513;&#1512;&#1514; &#1492;&#1491;&#1497;&#1512;&#1493;&#1490;&#1497;&#1501; &#1513;&#1500; McAfee GTI."/>
            <Setting name="szBlockGTIFailCloseDetail_ja" value="McAfee GTI &#35413;&#20385;&#12469;&#12540;&#12496;&#12540;&#12395;&#25509;&#32154;&#12391;&#12365;&#12394;&#12356;&#12383;&#12417;&#12289;&#12371;&#12398; Web &#12469;&#12452;&#12488;&#12364;&#12502;&#12525;&#12483;&#12463;&#12373;&#12428;&#12414;&#12377;&#12290;"/>
            <Setting name="szBlockGTIFailCloseDetail_ko" value="McAfee GTI &#46321;&#44553; &#49436;&#48260;&#50640; &#51217;&#44540;&#54624; &#49688; &#50630;&#50612; &#51060; &#50937; &#49324;&#51060;&#53944;&#50640; &#45824;&#54620; &#50529;&#49464;&#49828;&#44032; &#52264;&#45800;&#46121;&#45768;&#45796;."/>
            <Setting name="szBlockGTIFailCloseDetail_nl" value="Toegang tot deze website is geblokkeerd omdat de McAfee GTI-classificatieserver niet bereikbaar is."/>
            <Setting name="szBlockGTIFailCloseDetail_pl" value="Dost&#281;p do tej witryny sieci Web jest zablokowany, je&#347;li serwer ocen us&#322;ugi McAfee GTI jest poza zasi&#281;giem."/>
            <Setting name="szBlockGTIFailCloseDetail_pt_BR" value="O acesso a esse site est&#225; bloqueado porque o servidor de classifica&#231;&#227;o do McAfee GTI n&#227;o est&#225; acess&#237;vel."/>
            <Setting name="szBlockGTIFailCloseDetail_ru" value="&#1044;&#1086;&#1089;&#1090;&#1091;&#1087; &#1082; &#1101;&#1090;&#1086;&#1084;&#1091; &#1089;&#1072;&#1081;&#1090;&#1091; &#1079;&#1072;&#1073;&#1083;&#1086;&#1082;&#1080;&#1088;&#1086;&#1074;&#1072;&#1085;, &#1087;&#1086;&#1090;&#1086;&#1084;&#1091; &#1095;&#1090;&#1086; &#1089;&#1077;&#1088;&#1074;&#1077;&#1088; &#1086;&#1094;&#1077;&#1085;&#1086;&#1082; &#1087;&#1072;&#1088;&#1072;&#1084;&#1077;&#1090;&#1088;&#1086;&#1074; McAfee Global GTI &#1085;&#1077;&#1076;&#1086;&#1089;&#1090;&#1091;&#1087;&#1077;&#1085;."/>
            <Setting name="szBlockGTIFailCloseDetail_sv" value="&#197;tkomst till den h&#228;r webbplatsen &#228;r blockerad eftersom det inte g&#229;r att n&#229; servern f&#246;r McAfee GTI-klassificering."/>
            <Setting name="szBlockGTIFailCloseDetail_zh_CN" value="&#35813;&#32593;&#31449;&#24050;&#34987;&#38459;&#27490;&#35775;&#38382;&#65292;&#22240;&#20026; McAfee GTI &#35780;&#32423;&#26381;&#21153;&#22120;&#26080;&#27861;&#35775;&#38382;&#12290;"/>
            <Setting name="szBlockGTIFailCloseDetail_zh_TW" value="&#22240;&#28858; McAfee GTI &#20998;&#32026;&#20282;&#26381;&#22120;&#28961;&#27861;&#36899;&#25509;&#65292;&#23565;&#27492;&#32178;&#31449;&#30340;&#23384;&#21462;&#24050;&#34987;&#23553;&#37782;&#12290;"/>
            <Setting name="szBlockGTIFailClose_de" value="Diese Site ist blockiert."/>
            <Setting name="szBlockGTIFailClose_en" value="This site is blocked."/>
            <Setting name="szBlockGTIFailClose_es" value="Este sitio web est&#225; bloqueado."/>
            <Setting name="szBlockGTIFailClose_fr" value="Ce site est bloqu&#233;."/>
            <Setting name="szBlockGTIFailClose_it" value="Questo sito &#232; bloccato."/>
            <Setting name="szBlockGTIFailClose_iw" value="&#1488;&#1514;&#1512; &#1494;&#1492; &#1495;&#1505;&#1493;&#1501;."/>
            <Setting name="szBlockGTIFailClose_ja" value="&#12371;&#12398;&#12469;&#12452;&#12488;&#12399;&#12502;&#12525;&#12483;&#12463;&#12373;&#12428;&#12414;&#12377;&#12290;"/>
            <Setting name="szBlockGTIFailClose_ko" value="&#51060; &#49324;&#51060;&#53944;&#45716; &#52264;&#45800;&#46121;&#45768;&#45796;."/>
            <Setting name="szBlockGTIFailClose_nl" value="Deze site is geblokkeerd."/>
            <Setting name="szBlockGTIFailClose_pl" value="Ta witryna jest zablokowana."/>
            <Setting name="szBlockGTIFailClose_pt_BR" value="Esse site est&#225; bloqueado."/>
            <Setting name="szBlockGTIFailClose_ru" value="&#1069;&#1090;&#1086;&#1090; &#1074;&#1077;&#1073;-&#1089;&#1072;&#1081;&#1090; &#1079;&#1072;&#1073;&#1083;&#1086;&#1082;&#1080;&#1088;&#1086;&#1074;&#1072;&#1085;."/>
            <Setting name="szBlockGTIFailClose_sv" value="Den h&#228;r webbplatsen &#228;r blockerad."/>
            <Setting name="szBlockGTIFailClose_zh_CN" value="&#35813;&#31449;&#28857;&#24050;&#34987;&#38459;&#27490;&#12290;"/>
            <Setting name="szBlockGTIFailClose_zh_TW" value="&#24050;&#23553;&#37782;&#27492;&#32178;&#31449;&#12290;"/>
            <Setting name="szBlockZeroDay_de" value="Diese Site ist blockiert."/>
            <Setting name="szBlockZeroDay_en" value="This site is blocked."/>
            <Setting name="szBlockZeroDay_es" value="Este sitio web est&#225; bloqueado."/>
            <Setting name="szBlockZeroDay_fr" value="Ce site est bloqu&#233;."/>
            <Setting name="szBlockZeroDay_it" value="Questo sito &#232; bloccato."/>
            <Setting name="szBlockZeroDay_iw" value="&#1488;&#1514;&#1512; &#1494;&#1492; &#1495;&#1505;&#1493;&#1501;."/>
            <Setting name="szBlockZeroDay_ja" value="&#12371;&#12398;&#12469;&#12452;&#12488;&#12399;&#12502;&#12525;&#12483;&#12463;&#12373;&#12428;&#12414;&#12377;&#12290;"/>
            <Setting name="szBlockZeroDay_ko" value="&#51060; &#49324;&#51060;&#53944;&#45716; &#52264;&#45800;&#46121;&#45768;&#45796;."/>
            <Setting name="szBlockZeroDay_nl" value="Deze site is geblokkeerd."/>
            <Setting name="szBlockZeroDay_pl" value="Ta witryna jest zablokowana."/>
            <Setting name="szBlockZeroDay_pt_BR" value="Esse site est&#225; bloqueado."/>
            <Setting name="szBlockZeroDay_ru" value="&#1069;&#1090;&#1086;&#1090; &#1074;&#1077;&#1073;-&#1089;&#1072;&#1081;&#1090; &#1079;&#1072;&#1073;&#1083;&#1086;&#1082;&#1080;&#1088;&#1086;&#1074;&#1072;&#1085;."/>
            <Setting name="szBlockZeroDay_sv" value="Den h&#228;r webbplatsen &#228;r blockerad."/>
            <Setting name="szBlockZeroDay_zh_CN" value="&#35813;&#31449;&#28857;&#24050;&#34987;&#38459;&#27490;&#12290;"/>
            <Setting name="szBlockZeroDay_zh_TW" value="&#24050;&#23553;&#37782;&#27492;&#32178;&#31449;&#12290;"/>
            <Setting name="szBlock_de" value="Diese Site ist blockiert."/>
            <Setting name="szBlock_en" value="This site is blocked."/>
            <Setting name="szBlock_es" value="Este sitio web est&#225; bloqueado."/>
            <Setting name="szBlock_fr" value="Ce site est bloqu&#233;."/>
            <Setting name="szBlock_it" value="Questo sito &#232; bloccato."/>
            <Setting name="szBlock_iw" value="&#1488;&#1514;&#1512; &#1494;&#1492; &#1495;&#1505;&#1493;&#1501;."/>
            <Setting name="szBlock_ja" value="&#12371;&#12398;&#12469;&#12452;&#12488;&#12399;&#12502;&#12525;&#12483;&#12463;&#12373;&#12428;&#12414;&#12377;&#12290;"/>
            <Setting name="szBlock_ko" value="&#51060; &#49324;&#51060;&#53944;&#45716; &#52264;&#45800;&#46121;&#45768;&#45796;."/>
            <Setting name="szBlock_nl" value="Deze site is geblokkeerd."/>
            <Setting name="szBlock_pl" value="Ta witryna jest zablokowana."/>
            <Setting name="szBlock_pt_BR" value="Esse site est&#225; bloqueado."/>
            <Setting name="szBlock_ru" value="&#1069;&#1090;&#1086;&#1090; &#1074;&#1077;&#1073;-&#1089;&#1072;&#1081;&#1090; &#1079;&#1072;&#1073;&#1083;&#1086;&#1082;&#1080;&#1088;&#1086;&#1074;&#1072;&#1085;."/>
            <Setting name="szBlock_sv" value="Den h&#228;r webbplatsen &#228;r blockerad."/>
            <Setting name="szBlock_zh_CN" value="&#35813;&#31449;&#28857;&#24050;&#34987;&#38459;&#27490;&#12290;"/>
            <Setting name="szBlock_zh_TW" value="&#24050;&#23553;&#37782;&#27492;&#32178;&#31449;&#12290;"/>
            <Setting name="szListOnProhibitedDetail_de" value="Diese Website wurde von Ihrem Netzwerkadministrator als unangemessen eingestuft und den Zugriff blockiert."/>
            <Setting name="szListOnProhibitedDetail_en" value="Your network administrator considers this website inappropriate and has blocked access."/>
            <Setting name="szListOnProhibitedDetail_es" value="El administrador de su red considera este sitio web inapropiado y ha bloqueado el acceso."/>
            <Setting name="szListOnProhibitedDetail_fr" value="Votre administrateur r&#233;seau consid&#232;re ce site comme &#233;tant inappropri&#233; et en a bloqu&#233; l&apos;acc&#232;s."/>
            <Setting name="szListOnProhibitedDetail_it" value="L&apos;amministratore di rete considera questo sito Web inappropriato e ha bloccato l&apos;accesso."/>
            <Setting name="szListOnProhibitedDetail_iw" value="&#1502;&#1504;&#1492;&#1500; &#1492;&#1502;&#1506;&#1512;&#1499;&#1514; &#1489;&#1512;&#1513;&#1514; &#1513;&#1500;&#1498; &#1512;&#1493;&#1488;&#1492; &#1488;&#1514;&#1512; &#1488;&#1497;&#1504;&#1496;&#1512;&#1504;&#1496; &#1494;&#1492; &#1499;&#1489;&#1500;&#1514;&#1497; &#1492;&#1493;&#1500;&#1501; &#1493;&#1495;&#1505;&#1501; &#1488;&#1514; &#1492;&#1490;&#1497;&#1513;&#1492; &#1488;&#1500;&#1497;&#1493;."/>
            <Setting name="szListOnProhibitedDetail_ja" value="&#12493;&#12483;&#12488;&#12527;&#12540;&#12463;&#31649;&#29702;&#32773;&#12364;&#12371;&#12398; Web &#12469;&#12452;&#12488;&#12434;&#19981;&#36969;&#20999;&#12394;&#12469;&#12452;&#12488;&#12392;&#21028;&#26029;&#12375;&#12289;&#12450;&#12463;&#12475;&#12473;&#12434;&#12502;&#12525;&#12483;&#12463;&#12375;&#12390;&#12356;&#12414;&#12377;&#12290;"/>
            <Setting name="szListOnProhibitedDetail_ko" value="&#45348;&#53944;&#50892;&#53356; &#44288;&#47532;&#51088;&#44032; &#51060; &#50937; &#49324;&#51060;&#53944;&#47484; &#51201;&#54633;&#54616;&#51648; &#50506;&#45796;&#44256; &#54032;&#45800;&#54616;&#50668; &#50529;&#49464;&#49828;&#47484; &#52264;&#45800;&#54664;&#49845;&#45768;&#45796;."/>
            <Setting name="szListOnProhibitedDetail_nl" value="Uw netwerkbeheerder beschouwt deze website als ongepast en heeft toegang geblokkeerd."/>
            <Setting name="szListOnProhibitedDetail_pl" value="Administrator sieci uzna&#322; t&#281; witryn&#281; sieci Web za niew&#322;a&#347;ciw&#261; i zablokowa&#322; dost&#281;p do niej."/>
            <Setting name="szListOnProhibitedDetail_pt_BR" value="O administrador de sua rede considera esse site impr&#243;prio e bloqueou o acesso."/>
            <Setting name="szListOnProhibitedDetail_ru" value="&#1042;&#1072;&#1096; &#1072;&#1076;&#1084;&#1080;&#1085;&#1080;&#1089;&#1090;&#1088;&#1072;&#1090;&#1086;&#1088; &#1089;&#1077;&#1090;&#1080; &#1089;&#1095;&#1077;&#1083; &#1101;&#1090;&#1086;&#1090; &#1074;&#1077;&#1073;-&#1089;&#1072;&#1081;&#1090; &#1085;&#1077;&#1085;&#1072;&#1076;&#1083;&#1077;&#1078;&#1072;&#1097;&#1080;&#1084; &#1080; &#1079;&#1072;&#1073;&#1083;&#1086;&#1082;&#1080;&#1088;&#1086;&#1074;&#1072;&#1083; &#1082; &#1085;&#1077;&#1084;&#1091; &#1076;&#1086;&#1089;&#1090;&#1091;&#1087;."/>
            <Setting name="szListOnProhibitedDetail_sv" value="N&#228;tverksadministrat&#246;ren anser att den h&#228;r webbplatsen &#228;r ol&#228;mplig och har blockerat &#229;tkomsten."/>
            <Setting name="szListOnProhibitedDetail_zh_CN" value="&#24744;&#30340;&#32593;&#32476;&#31649;&#29702;&#21592;&#35748;&#20026;&#35813;&#32593;&#31449;&#26377;&#23475;&#24182;&#24050;&#38459;&#27490;&#35775;&#38382;&#12290;"/>
            <Setting name="szListOnProhibitedDetail_zh_TW" value="&#24744;&#30340;&#32178;&#36335;&#31649;&#29702;&#21729;&#35469;&#28858;&#27492;&#32178;&#31449;&#19981;&#36969;&#30070;&#65292;&#32780;&#19988;&#24050;&#23553;&#37782;&#23384;&#21462;&#12290;"/>
            <Setting name="szListOnProhibited_de" value="Der Zugriff auf diese Seite ist verboten."/>
            <Setting name="szListOnProhibited_en" value="Access to this page is prohibited."/>
            <Setting name="szListOnProhibited_es" value="No se permite acceder a esta p&#225;gina."/>
            <Setting name="szListOnProhibited_fr" value="L&apos;acc&#232;s &#224; cette page est interdit."/>
            <Setting name="szListOnProhibited_it" value="L&apos;accesso a questa pagina &#232; proibito."/>
            <Setting name="szListOnProhibited_iw" value="&#1492;&#1490;&#1497;&#1513;&#1492; &#1500;&#1491;&#1507; &#1494;&#1492; &#1504;&#1488;&#1505;&#1512;&#1492;."/>
            <Setting name="szListOnProhibited_ja" value="&#12371;&#12398;&#12506;&#12540;&#12472;&#12408;&#12398;&#12450;&#12463;&#12475;&#12473;&#12399;&#31105;&#27490;&#12373;&#12428;&#12390;&#12356;&#12414;&#12377;&#12290;"/>
            <Setting name="szListOnProhibited_ko" value="&#51060; &#54168;&#51060;&#51648;&#50640; &#50529;&#49464;&#49828;&#54624; &#49688; &#50630;&#49845;&#45768;&#45796;."/>
            <Setting name="szListOnProhibited_nl" value="Toegang tot deze pagina is verboden."/>
            <Setting name="szListOnProhibited_pl" value="Dost&#281;p do tej strony jest zabroniony."/>
            <Setting name="szListOnProhibited_pt_BR" value="O acesso a essa p&#225;gina foi proibido."/>
            <Setting name="szListOnProhibited_ru" value="&#1044;&#1086;&#1089;&#1090;&#1091;&#1087; &#1082; &#1101;&#1090;&#1086;&#1081; &#1089;&#1090;&#1088;&#1072;&#1085;&#1080;&#1094;&#1077; &#1079;&#1072;&#1087;&#1088;&#1077;&#1097;&#1077;&#1085;."/>
            <Setting name="szListOnProhibited_sv" value="&#197;tkomst till den h&#228;r sidan &#228;r f&#246;rbjuden."/>
            <Setting name="szListOnProhibited_zh_CN" value="&#24050;&#31105;&#27490;&#35775;&#38382;&#35813;&#39029;&#38754;&#12290;"/>
            <Setting name="szListOnProhibited_zh_TW" value="&#24050;&#31105;&#27490;&#23384;&#21462;&#27492;&#38913;&#38754;&#12290;"/>
            <Setting name="szLogoUrl_de" value=""/>
            <Setting name="szLogoUrl_en" value=""/>
            <Setting name="szLogoUrl_es" value=""/>
            <Setting name="szLogoUrl_fr" value=""/>
            <Setting name="szLogoUrl_it" value=""/>
            <Setting name="szLogoUrl_iw" value=""/>
            <Setting name="szLogoUrl_ja" value=""/>
            <Setting name="szLogoUrl_ko" value=""/>
            <Setting name="szLogoUrl_nl" value=""/>
            <Setting name="szLogoUrl_pl" value=""/>
            <Setting name="szLogoUrl_pt_BR" value=""/>
            <Setting name="szLogoUrl_ru" value=""/>
            <Setting name="szLogoUrl_sv" value=""/>
            <Setting name="szLogoUrl_zh_CN" value=""/>
            <Setting name="szLogoUrl_zh_TW" value=""/>
            <Setting name="szPolicyStamp" value="0"/>
            <Setting name="szSiteResourceFileDownloadBlock_de" value="Dieser Datei-Download wurde blockiert."/>
            <Setting name="szSiteResourceFileDownloadBlock_en" value="This file download has been blocked."/>
            <Setting name="szSiteResourceFileDownloadBlock_es" value="Se ha bloqueado esta descarga de archivo."/>
            <Setting name="szSiteResourceFileDownloadBlock_fr" value="Le t&#233;l&#233;chargement de ce fichier a &#233;t&#233; bloqu&#233;."/>
            <Setting name="szSiteResourceFileDownloadBlock_it" value="Questo download di file &#232; stato bloccato."/>
            <Setting name="szSiteResourceFileDownloadBlock_iw" value="&#1492;&#1493;&#1512;&#1491;&#1514; &#1492;&#1511;&#1493;&#1489;&#1509; &#1504;&#1495;&#1505;&#1502;&#1492;."/>
            <Setting name="szSiteResourceFileDownloadBlock_ja" value="&#12371;&#12398;&#12501;&#12449;&#12452;&#12523;&#12398;&#12480;&#12454;&#12531;&#12525;&#12540;&#12489;&#12399;&#12502;&#12525;&#12483;&#12463;&#12373;&#12428;&#12414;&#12375;&#12383;&#12290;"/>
            <Setting name="szSiteResourceFileDownloadBlock_ko" value="&#51060; &#54028;&#51068;&#51032; &#45796;&#50868;&#47196;&#46300;&#44032; &#52264;&#45800;&#46104;&#50632;&#49845;&#45768;&#45796;."/>
            <Setting name="szSiteResourceFileDownloadBlock_nl" value="Deze bestandsdownload is geblokkeerd."/>
            <Setting name="szSiteResourceFileDownloadBlock_pl" value="Pobieranie tego pliku zosta&#322;o zablokowane."/>
            <Setting name="szSiteResourceFileDownloadBlock_pt_BR" value="Esse download de arquivo foi bloqueado."/>
            <Setting name="szSiteResourceFileDownloadBlock_ru" value="&#1047;&#1072;&#1075;&#1088;&#1091;&#1079;&#1082;&#1072; &#1101;&#1090;&#1086;&#1075;&#1086; &#1092;&#1072;&#1081;&#1083;&#1072; &#1079;&#1072;&#1073;&#1083;&#1086;&#1082;&#1080;&#1088;&#1086;&#1074;&#1072;&#1085;&#1072;."/>
            <Setting name="szSiteResourceFileDownloadBlock_sv" value="Filh&#228;mtningen har blockerats."/>
            <Setting name="szSiteResourceFileDownloadBlock_zh_CN" value="&#35813;&#25991;&#20214;&#19979;&#36733;&#24050;&#34987;&#38459;&#27490;&#12290;"/>
            <Setting name="szSiteResourceFileDownloadBlock_zh_TW" value="&#24050;&#23553;&#37782;&#27492;&#27284;&#26696;&#19979;&#36617;&#12290;"/>
            <Setting name="szSiteResourceFileDownloadWarn_de" value="Gehen Sie mit diesem Datei-Download vorsichtig vor"/>
            <Setting name="szSiteResourceFileDownloadWarn_en" value="Use caution with this file download."/>
            <Setting name="szSiteResourceFileDownloadWarn_es" value="Tenga cuidado con la descarga de este archivo."/>
            <Setting name="szSiteResourceFileDownloadWarn_fr" value="Soyez prudent lors du t&#233;l&#233;chargement de ce fichier"/>
            <Setting name="szSiteResourceFileDownloadWarn_it" value="Prestare attenzione con questo download di file."/>
            <Setting name="szSiteResourceFileDownloadWarn_iw" value="&#1492;&#1502;&#1513;&#1498; &#1489;&#1494;&#1492;&#1497;&#1512;&#1493;&#1514; &#1489;&#1492;&#1493;&#1512;&#1491;&#1514; &#1511;&#1493;&#1489;&#1509; &#1494;&#1492;."/>
            <Setting name="szSiteResourceFileDownloadWarn_ja" value="&#12371;&#12398;&#12501;&#12449;&#12452;&#12523;&#12398;&#12480;&#12454;&#12531;&#12525;&#12540;&#12489;&#12395;&#12399;&#27880;&#24847;&#12364;&#24517;&#35201;&#12391;&#12377;&#12290;"/>
            <Setting name="szSiteResourceFileDownloadWarn_ko" value="&#51452;&#51032;&#44032; &#54596;&#50836;&#54620; &#45796;&#50868;&#47196;&#46300;&#51077;&#45768;&#45796;."/>
            <Setting name="szSiteResourceFileDownloadWarn_nl" value="Wees voorzichtig met deze bestandsdownload."/>
            <Setting name="szSiteResourceFileDownloadWarn_pl" value="Zachowaj ostro&#380;no&#347;&#263; przy pobieraniu tego pliku."/>
            <Setting name="szSiteResourceFileDownloadWarn_pt_BR" value="Tenha cuidado com esse download de arquivo."/>
            <Setting name="szSiteResourceFileDownloadWarn_ru" value="&#1055;&#1088;&#1086;&#1103;&#1074;&#1083;&#1103;&#1081;&#1090;&#1077; &#1086;&#1089;&#1090;&#1086;&#1088;&#1086;&#1078;&#1085;&#1086;&#1089;&#1090;&#1100; &#1087;&#1088;&#1080; &#1079;&#1072;&#1075;&#1088;&#1091;&#1079;&#1082;&#1077; &#1101;&#1090;&#1086;&#1075;&#1086; &#1092;&#1072;&#1081;&#1083;&#1072;."/>
            <Setting name="szSiteResourceFileDownloadWarn_sv" value="Var f&#246;rsiktig med den h&#228;r filh&#228;mtningen."/>
            <Setting name="szSiteResourceFileDownloadWarn_zh_CN" value="&#19979;&#36733;&#27492;&#25991;&#20214;&#26102;&#24212;&#23567;&#24515;&#35880;&#24910;&#12290;"/>
            <Setting name="szSiteResourceFileDownloadWarn_zh_TW" value="&#19979;&#36617;&#27492;&#27284;&#26696;&#26178;&#35531;&#23567;&#24515;&#12290;"/>
            <Setting name="szSiteResourcePageBlock_de" value="Die Phishing-Seite ist blockiert."/>
            <Setting name="szSiteResourcePageBlock_en" value="The phishing page is blocked."/>
            <Setting name="szSiteResourcePageBlock_es" value="La p&#225;gina de phishing est&#225; bloqueada."/>
            <Setting name="szSiteResourcePageBlock_fr" value="La page de phishing est bloqu&#233;e."/>
            <Setting name="szSiteResourcePageBlock_it" value="La pagina di phishing &#232; bloccata."/>
            <Setting name="szSiteResourcePageBlock_iw" value="&#1491;&#1507; &#1491;&#1497;&#1493;&#1490; &#1494;&#1492; &#1495;&#1505;&#1493;&#1501;."/>
            <Setting name="szSiteResourcePageBlock_ja" value="&#12371;&#12398;&#12501;&#12451;&#12483;&#12471;&#12531;&#12464;&#35408;&#27450;&#12506;&#12540;&#12472;&#12399;&#12502;&#12525;&#12483;&#12463;&#12373;&#12428;&#12390;&#12356;&#12414;&#12377;&#12290;"/>
            <Setting name="szSiteResourcePageBlock_ko" value="&#54588;&#49905; &#54168;&#51060;&#51648;&#44032; &#52264;&#45800;&#46121;&#45768;&#45796;."/>
            <Setting name="szSiteResourcePageBlock_nl" value="De phishingpagina is geblokkeerd."/>
            <Setting name="szSiteResourcePageBlock_pl" value="Ta witryna s&#322;u&#380;&#261;ca do wy&#322;udzania informacji zosta&#322;a zablokowana."/>
            <Setting name="szSiteResourcePageBlock_pt_BR" value="A p&#225;gina de phishing est&#225; bloqueada."/>
            <Setting name="szSiteResourcePageBlock_ru" value="&#1060;&#1080;&#1096;&#1080;&#1085;&#1075;&#1086;&#1074;&#1072;&#1103; &#1089;&#1090;&#1088;&#1072;&#1085;&#1080;&#1094;&#1072; &#1079;&#1072;&#1073;&#1083;&#1086;&#1082;&#1080;&#1088;&#1086;&#1074;&#1072;&#1085;&#1072;."/>
            <Setting name="szSiteResourcePageBlock_sv" value="N&#228;tfiskesidan &#228;r blockerad."/>
            <Setting name="szSiteResourcePageBlock_zh_CN" value="&#35813;&#32593;&#32476;&#38035;&#40060;&#39029;&#38754;&#34987;&#38459;&#27490;&#12290;"/>
            <Setting name="szSiteResourcePageBlock_zh_TW" value="&#24050;&#23553;&#37782;&#32178;&#36335;&#37347;&#39770;&#38913;&#38754;&#12290;"/>
            <Setting name="szWarnDetailZeroDay_de" value="Diese Site stellt ein Sicherheitsrisiko dar, weil McAfee GTI sie noch nicht verifiziert hat."/>
            <Setting name="szWarnDetailZeroDay_en" value="This site poses a security risk because it is not yet verified by McAfee GTI."/>
            <Setting name="szWarnDetailZeroDay_es" value="Este sitio supone un riesgo para la seguridad porque McAfee GTI a&#250;n no lo ha verificado."/>
            <Setting name="szWarnDetailZeroDay_fr" value="Ce site pose un risque de s&#233;curit&#233; car il n&apos;a pas encore &#233;t&#233; v&#233;rifi&#233; par McAfee GTI."/>
            <Setting name="szWarnDetailZeroDay_it" value="Questo sito costituisce un rischio per la sicurezza in quanto non &#232; ancora stato verificato da McAfee GTI."/>
            <Setting name="szWarnDetailZeroDay_iw" value="&#1488;&#1514;&#1512; &#1494;&#1492; &#1502;&#1492;&#1493;&#1493;&#1492; &#1505;&#1497;&#1499;&#1493;&#1503; &#1488;&#1489;&#1496;&#1495;&#1492; &#1502;&#1499;&#1497;&#1493;&#1493;&#1503; &#1513;&#1492;&#1493;&#1488; &#1500;&#1488; &#1488;&#1493;&#1502;&#1514; &#1506;&#1491;&#1497;&#1497;&#1503; &#1506;&#1500;-&#1497;&#1491;&#1497; McAfee GTI."/>
            <Setting name="szWarnDetailZeroDay_ja" value="McAfee GTI &#12391;&#30906;&#35469;&#12373;&#12428;&#12390;&#12356;&#12394;&#12356;&#12383;&#12417;&#12289;&#12371;&#12398;&#12469;&#12452;&#12488;&#12395;&#12399;&#12475;&#12461;&#12517;&#12522;&#12486;&#12451; &#12522;&#12473;&#12463;&#12364;&#23384;&#22312;&#12377;&#12427;&#21487;&#33021;&#24615;&#12364;&#12354;&#12426;&#12414;&#12377;&#12290;"/>
            <Setting name="szWarnDetailZeroDay_ko" value="McAfee GTI&#50640;&#49436; &#50500;&#51649; &#54869;&#51064;&#46104;&#51648; &#50506;&#50520;&#51004;&#48064;&#47196; &#48372;&#50504; &#50948;&#54744;&#51060; &#51080;&#45716; &#49324;&#51060;&#53944;&#51077;&#45768;&#45796;."/>
            <Setting name="szWarnDetailZeroDay_nl" value="Deze site vormt een beveiligingsrisico omdat de site nog niet geverifieerd is door McAfee GTI."/>
            <Setting name="szWarnDetailZeroDay_pl" value="Ta witryna niesie ryzyko bezpiecze&#324;stwa, poniewa&#380; nie zosta&#322;a jeszcze zweryfikowana w us&#322;udze McAfee GTI."/>
            <Setting name="szWarnDetailZeroDay_pt_BR" value="Esse site apresenta um risco de seguran&#231;a porque ainda n&#227;o foi verificado pelo McAfee GTI."/>
            <Setting name="szWarnDetailZeroDay_ru" value="&#1069;&#1090;&#1086;&#1090; &#1074;&#1077;&#1073;-&#1089;&#1072;&#1081;&#1090; &#1087;&#1088;&#1077;&#1076;&#1089;&#1090;&#1072;&#1074;&#1083;&#1103;&#1077;&#1090; &#1088;&#1080;&#1089;&#1082; &#1076;&#1083;&#1103; &#1073;&#1077;&#1079;&#1086;&#1087;&#1072;&#1089;&#1085;&#1086;&#1089;&#1090;&#1080;, &#1087;&#1086;&#1090;&#1086;&#1084;&#1091; &#1095;&#1090;&#1086; &#1086;&#1085; &#1077;&#1097;&#1077; &#1085;&#1077; &#1087;&#1088;&#1086;&#1074;&#1077;&#1088;&#1077;&#1085; McAfee GTI."/>
            <Setting name="szWarnDetailZeroDay_sv" value="Den h&#228;r webbplatsen har inte verifierats av McAfee GTI &#228;n och utg&#246;r d&#228;rf&#246;r en s&#228;kerhetsrisk."/>
            <Setting name="szWarnDetailZeroDay_zh_CN" value="&#35813;&#31449;&#28857;&#23384;&#22312;&#23433;&#20840;&#39118;&#38505;&#65292;&#22240;&#20026;&#23578;&#26410;&#32463; McAfee GTI &#39564;&#35777;&#12290;"/>
            <Setting name="szWarnDetailZeroDay_zh_TW" value="&#22240;&#28858; McAfee GTI &#23578;&#26410;&#39511;&#35657;&#27492;&#32178;&#31449;&#65292;&#27492;&#32178;&#31449;&#21487;&#33021;&#26377;&#23433;&#20840;&#24615;&#39080;&#38570;&#12290;"/>
            <Setting name="szWarnDetail_de" value="Diese Site stellt ein Sicherheitsrisiko dar."/>
            <Setting name="szWarnDetail_en" value="A security risk is posed by this site."/>
            <Setting name="szWarnDetail_es" value="Este sitio web supone un riesgo para la seguridad."/>
            <Setting name="szWarnDetail_fr" value="Ce site repr&#233;sente un risque de s&#233;curit&#233;."/>
            <Setting name="szWarnDetail_it" value="Questo sito comporta un rischio per la sicurezza."/>
            <Setting name="szWarnDetail_iw" value="&#1488;&#1514;&#1512; &#1494;&#1492; &#1502;&#1492;&#1493;&#1493;&#1492; &#1505;&#1497;&#1499;&#1493;&#1503; &#1488;&#1489;&#1496;&#1495;&#1492;."/>
            <Setting name="szWarnDetail_ja" value="&#12371;&#12398;&#12469;&#12452;&#12488;&#12395;&#12399;&#12475;&#12461;&#12517;&#12522;&#12486;&#12451; &#12522;&#12473;&#12463;&#12364;&#23384;&#22312;&#12375;&#12414;&#12377;&#12290;"/>
            <Setting name="szWarnDetail_ko" value="&#48372;&#50504; &#50948;&#54744;&#51060; &#51080;&#45716; &#49324;&#51060;&#53944;&#51077;&#45768;&#45796;."/>
            <Setting name="szWarnDetail_nl" value="Deze site vormt een beveiligingsrisico."/>
            <Setting name="szWarnDetail_pl" value="Ta witryna stwarza ryzyko bezpiecze&#324;stwa."/>
            <Setting name="szWarnDetail_pt_BR" value="Esse site apresenta um risco de seguran&#231;a."/>
            <Setting name="szWarnDetail_ru" value="&#1069;&#1090;&#1086;&#1090; &#1074;&#1077;&#1073;-&#1089;&#1072;&#1081;&#1090; &#1087;&#1088;&#1077;&#1076;&#1089;&#1090;&#1072;&#1074;&#1083;&#1103;&#1077;&#1090; &#1088;&#1080;&#1089;&#1082; &#1076;&#1083;&#1103; &#1073;&#1077;&#1079;&#1086;&#1087;&#1072;&#1089;&#1085;&#1086;&#1089;&#1090;&#1080;."/>
            <Setting name="szWarnDetail_sv" value="Den h&#228;r webbplatsen utg&#246;r en s&#228;kerhetsrisk."/>
            <Setting name="szWarnDetail_zh_CN" value="&#27492;&#31449;&#28857;&#26500;&#25104;&#23433;&#20840;&#39118;&#38505;&#12290;"/>
            <Setting name="szWarnDetail_zh_TW" value="&#27492;&#32178;&#31449;&#23384;&#22312;&#23433;&#20840;&#24615;&#39080;&#38570;&#12290;"/>
            <Setting name="szWarnFileMessage_de" value="Gehen Sie bei dieser Datei vorsichtig vor."/>
            <Setting name="szWarnFileMessage_en" value="Use caution with this file."/>
            <Setting name="szWarnFileMessage_es" value="Use este archivo con precauci&#243;n."/>
            <Setting name="szWarnFileMessage_fr" value="Soyez prudent avec ce fichier."/>
            <Setting name="szWarnFileMessage_it" value="Prestare attenzione con questo file."/>
            <Setting name="szWarnFileMessage_iw" value="&#1492;&#1497;&#1492; &#1494;&#1492;&#1497;&#1512; &#1489;&#1513;&#1497;&#1502;&#1493;&#1513; &#1489;&#1511;&#1493;&#1489;&#1509; &#1494;&#1492;."/>
            <Setting name="szWarnFileMessage_ja" value="&#12371;&#12398;&#12501;&#12449;&#12452;&#12523;&#12395;&#12399;&#27880;&#24847;&#12364;&#24517;&#35201;&#12391;&#12377;&#12290;"/>
            <Setting name="szWarnFileMessage_ko" value="&#51452;&#51032;&#44032; &#54596;&#50836;&#54620; &#54028;&#51068;&#51077;&#45768;&#45796;."/>
            <Setting name="szWarnFileMessage_nl" value="Wees voorzichtig met dit bestand."/>
            <Setting name="szWarnFileMessage_pl" value="Zachowaj ostro&#380;no&#347;&#263; podczas korzystania z tego pliku."/>
            <Setting name="szWarnFileMessage_pt_BR" value="Tenha cuidado com esse arquivo."/>
            <Setting name="szWarnFileMessage_ru" value="&#1055;&#1088;&#1086;&#1103;&#1074;&#1083;&#1103;&#1081;&#1090;&#1077; &#1086;&#1089;&#1090;&#1086;&#1088;&#1086;&#1078;&#1085;&#1086;&#1089;&#1090;&#1100; &#1089; &#1079;&#1072;&#1075;&#1088;&#1091;&#1079;&#1082;&#1086;&#1081; &#1101;&#1090;&#1086;&#1075;&#1086; &#1092;&#1072;&#1081;&#1083;&#1072;."/>
            <Setting name="szWarnFileMessage_sv" value="Var f&#246;rsiktig med den h&#228;r filen."/>
            <Setting name="szWarnFileMessage_zh_CN" value="&#20351;&#29992;&#27492;&#25991;&#20214;&#26102;&#24212;&#23567;&#24515;&#35880;&#24910;&#12290;"/>
            <Setting name="szWarnFileMessage_zh_TW" value="&#20351;&#29992;&#27492;&#27284;&#26696;&#26178;&#35531;&#23567;&#24515;&#12290;"/>
            <Setting name="szWarnZeroDay_de" value="Gehen Sie auf dieser Website vorsichtig vor."/>
            <Setting name="szWarnZeroDay_en" value="Use caution with this site."/>
            <Setting name="szWarnZeroDay_es" value="Tenga cuidado con este sitio."/>
            <Setting name="szWarnZeroDay_fr" value="Soyez prudent sur ce site."/>
            <Setting name="szWarnZeroDay_it" value="Prestare attenzione con questo sito."/>
            <Setting name="szWarnZeroDay_iw" value="&#1492;&#1497;&#1492; &#1494;&#1492;&#1497;&#1512; &#1489;&#1488;&#1514;&#1512; &#1494;&#1492;."/>
            <Setting name="szWarnZeroDay_ja" value="&#12371;&#12398;&#12469;&#12452;&#12488;&#12395;&#12399;&#27880;&#24847;&#12364;&#24517;&#35201;&#12391;&#12377;&#12290;"/>
            <Setting name="szWarnZeroDay_ko" value="&#51452;&#51032;&#44032; &#54596;&#50836;&#54620; &#49324;&#51060;&#53944;&#51077;&#45768;&#45796;."/>
            <Setting name="szWarnZeroDay_nl" value="Wees voorzichtig op deze site."/>
            <Setting name="szWarnZeroDay_pl" value="Zachowaj ostro&#380;no&#347;&#263; podczas korzystania z tej witryny."/>
            <Setting name="szWarnZeroDay_pt_BR" value="Tenha cuidado nesse site."/>
            <Setting name="szWarnZeroDay_ru" value="&#1055;&#1088;&#1086;&#1103;&#1074;&#1083;&#1103;&#1081;&#1090;&#1077; &#1086;&#1089;&#1090;&#1086;&#1088;&#1086;&#1078;&#1085;&#1086;&#1089;&#1090;&#1100; &#1085;&#1072; &#1101;&#1090;&#1086;&#1084; &#1074;&#1077;&#1073;-&#1089;&#1072;&#1081;&#1090;&#1077;."/>
            <Setting name="szWarnZeroDay_sv" value="Var f&#246;rsiktig med den h&#228;r webbplatsen."/>
            <Setting name="szWarnZeroDay_zh_CN" value="&#35775;&#38382;&#27492;&#31449;&#28857;&#26102;&#24212;&#23567;&#24515;&#35880;&#24910;&#12290;"/>
            <Setting name="szWarnZeroDay_zh_TW" value="&#20351;&#29992;&#27492;&#32178;&#31449;&#26178;&#35531;&#23567;&#24515;&#12290;"/>
            <Setting name="szWarn_de" value="Gehen Sie auf dieser Webseite vorsichtig vor."/>
            <Setting name="szWarn_en" value="Use caution on this site."/>
            <Setting name="szWarn_es" value="Tenga cuidado en este sitio web."/>
            <Setting name="szWarn_fr" value="Soyez prudent sur ce site."/>
            <Setting name="szWarn_it" value="Prestare attenzione all&apos;interno di questo sito."/>
            <Setting name="szWarn_iw" value="&#1492;&#1497;&#1492; &#1494;&#1492;&#1497;&#1512; &#1489;&#1488;&#1514;&#1512; &#1494;&#1492;."/>
            <Setting name="szWarn_ja" value="&#12371;&#12398;&#12469;&#12452;&#12488;&#12395;&#12399;&#27880;&#24847;&#12364;&#24517;&#35201;&#12391;&#12377;&#12290;"/>
            <Setting name="szWarn_ko" value="&#51452;&#51032;&#44032; &#54596;&#50836;&#54620; &#49324;&#51060;&#53944;&#51077;&#45768;&#45796;."/>
            <Setting name="szWarn_nl" value="Wees voorzichtig op deze site."/>
            <Setting name="szWarn_pl" value="Zachowaj ostro&#380;no&#347;&#263; podczas korzystania z tej witryny."/>
            <Setting name="szWarn_pt_BR" value="Tenha cuidado nesse site."/>
            <Setting name="szWarn_ru" value="&#1055;&#1088;&#1086;&#1103;&#1074;&#1083;&#1103;&#1081;&#1090;&#1077; &#1086;&#1089;&#1090;&#1086;&#1088;&#1086;&#1078;&#1085;&#1086;&#1089;&#1090;&#1100; &#1087;&#1088;&#1080; &#1087;&#1086;&#1089;&#1077;&#1097;&#1077;&#1085;&#1080;&#1080; &#1101;&#1090;&#1086;&#1075;&#1086; &#1074;&#1077;&#1073;-&#1089;&#1072;&#1081;&#1090;&#1072;."/>
            <Setting name="szWarn_sv" value="Var f&#246;rsiktig p&#229; den h&#228;r webbplatsen."/>
            <Setting name="szWarn_zh_CN" value="&#35775;&#38382;&#27492;&#31449;&#28857;&#26102;&#24212;&#23567;&#24515;&#35880;&#24910;&#12290;"/>
            <Setting name="szWarn_zh_TW" value="&#20351;&#29992;&#27492;&#32178;&#31449;&#26178;&#35531;&#23567;&#24515;&#12290;"/>
        </Section>
    </EPOPolicySettings>

    <!--************************************************************************
    ** BlockAndAllowList Policy (Multi-slot)
    ****************************************************************************-->
    <EPOPolicySettings featureid="ENDP_WP_1000" categoryid="EWC_BlockAndAllowList" typeid="EWC_BlockAndAllowList" name="McAfee Default">
        <Section name="BlockAndAllowList">
            <Setting name="szPolicyStamp" value="0"/>
            <!--<Setting name="bExploitEnforce" value="1"/>-->
            <Setting name="bTrack" value="1"/>
            <Setting name="uiSiteResourceFileDownload" value="98"/>
            <Setting name="bPrecedenceOverProhibitLists" value="0"/>
            <Setting name="uiSiteCount" value="0"/>
        </Section>

        <!-- Usage:
        uiSiteCount                   uint: 0...n    - count of sites in list
        {i}                           uint: 0...(n-1)- index
        szSite{i}                     string:        - site             [value CANNOT be null or empty]
        szNote{i}                 string:        - notes about site [value CAN be empty]
        uiSiteResourceFileDownload    uint:         - bitwise action code (see key) SiteResource fileDownload
        bPhishingEnforce              bool: 1|0      - disable enforcement of fileDownload action policy from any sites on this list
        bExploitEnforce               bool: 1|0      - disable enforcement of fileDownload action policy from any sites on this list
        -->
        <!-- example a: 1 site with siteNotes, only file download action enforcement is disabled.
         <Setting name="siteCount" value="1"/>
         <Setting name="szSite0" value="gojira.com"/>
         <Setting name="szNote0" value="entertainment daikkaiju"/>
         <Setting name="uiSiteResourceFileDownload" value="162"/>
         <Setting name="bPhishingEnforce" value="1"/>
         <Setting name="bExploitEnforce" value="1"/>
        -->

    </EPOPolicySettings>

<!--************************************************************************
  ** EnableDisable Policy
  ****************************************************************************-->
  <EPOPolicySettings featureid="ENDP_WP_1000" categoryid="EWC_ContentFiltering" typeid="EWC_ContentFiltering" name="McAfee Default">
        <Section name="ContentActions">
	        <Setting name="szPolicyStamp" value="0"/>
	        <Setting name="szActionCodes"          value="0000000000000000200000000000200000000000000000220000000000000000002000000000000000000000000000000002000200"/>
	        <Setting name="uiActionUncategorized" value="0"/>
	        <Setting name="bEnableCategorization" value="1"/>
	        <Setting name="uiBitCount" value="106"/>
	        <Setting name="uiContentBitCodes" value="100,101,102,104,105,106,108,109,110,111,112,113,114,115,116,117,118,119,120,121,122,123,124,125,126,127,128,129,130,131,132,133,134,136,137,138,139,140,141,142,143,144,145,146,147,148,149,150,151,152,153,154,155,156,157,158,159,160,161,162,163,164,165,166,167,168,169,170,171,172,174,175,176,177,178,179,180,181,183,184,185,186,187,188,189,190,191,192,193,194,195,196,197,600,601,602,603,198,199,200,201,202,203,204,205,0"/>
	    </Section>
        <Section name="RatingActions">
            <Setting name="szPolicyStamp" value="0"/>

            <!-- site level -->
            <Setting name="uiOverall" value="98"/>

            <!-- site resource level -->
            <Setting name="uiSiteResourceFileDownload" value="98"/>
        </Section>

      <!-- Usage:
       Usage:
       Action Values:
          YELLOW_ALLOW      = 1;
          YELLOW_WARN       = 2;
          YELLOW_BLOCK      = 4;
          RED_ALLOW         = 8;
          RED_WARN          = 16;
          RED_BLOCK         = 32;
          UNRATED_ALLOW     = 64;
          UNRATED_WARN      = 128;
          UNRATED_BLOCK     = 256;
      Section:
          RatingActions
      Keys:
          uiOverall                      uint:         - bitwise action code (see key) when uiSiteEnforceMode=0
          uiSiteResourceFileDownload     uint:         - bitwise action code (see key) SiteResource fileDownload
      -->
  </EPOPolicySettings>

  <!--<EPOPolicySettings featureid="ENDP_WP_1000" categoryid="EventTracking" typeid="EventTracking" name="McAfee Default">-->
    <!--<Section name="Eventing">-->
        <!--<Setting name="szPolicyStamp" value="0"/>-->
        <!--<Setting name="bEnableVisitEvents" value="1"/>-->
        <!--<Setting name="bEventGreenAllowCategoryInfo" value="1"/>-->
        <!--<Setting name="bEnableHitEvents" value="0"/>-->
        <!--<Setting name="uiPrivateIPEventingMode" value="0"/>-->
        <!--<Setting name="uiPrivateIPEventingHitsMode" value="0"/>-->
        <!--<Setting name="szWebreporterUrl" value=""/>-->
        <!--<Setting name="szWebreporterUser" value=""/>-->
        <!--<Setting name="szWebreporterPassword" value=""/>-->
        <!--<Setting name="bEnableUserNameCapture" value="0"/>-->
		<!--<Setting name="bDisableEventing" value="1"/>-->
    <!--</Section>-->

    <!--Usage:-->
    <!--<Setting name="uiPrivateIPEventingMode" value="0"/>-->
             <!--0 Never-->
             <!--1 Only when the client system is disconnected from the corporate network-->
             <!--2 Always-->
             <!--* default is "0"-->

    <!--<Setting name="uiPrivateIPEventingHitsMode" value="0"/>-->
             <!--0 Never-->
             <!--1 Only when the client system is disconnected from the corporate network-->
             <!--2 Always-->
             <!--* default is "0"-->

    <!--</Section>-->
  <!--</EPOPolicySettings>-->

    <!--************************************************************************
    ** ContentFilterModule Policy
    ****************************************************************************-->
    <EPOPolicySettings featureid="ENDP_WP_1000" categoryid="EWC_ContentFilterModule" typeid="EWC_ContentFilterModule" name="McAfee Default">
        <Section name="ContentFilterModuleConfig">
            <Setting name="szPolicyStamp" value="0"/>
            <Setting name="bActive" value="1"/>
            <Setting name="uiBitCount" value="105"/>
            <Setting name="uiContentBitCodes" value="100,101,102,104,105,106,108,109,110,111,112,113,114,115,116,117,118,119,120,121,122,123,124,125,126,127,128,129,130,131,132,133,134,136,137,138,139,140,141,142,143,144,145,146,147,148,149,150,151,152,153,154,155,156,157,158,159,160,161,162,163,164,165,166,167,168,169,170,171,172,174,175,176,177,178,179,180,181,183,184,185,186,187,188,189,190,191,192,193,194,195,196,197,600,601,602,603,198,199,200,201,202,203,204,205"/>
        </Section>

        <!-- Usage:
              bActive 	            Integer value 0|1 representing the state
              uiBitCount	            Number of bitCodes
              uiContentBitCodes	    Comma delimited list of Codes
        -->

    </EPOPolicySettings>

    <EPOPolicyObject featureid="ENDP_WP_1000" categoryid="EWC_General" typeid="EWC_General" name="McAfee Default" isdefault="true">
        <PolicySettings>McAfee Default</PolicySettings>
    </EPOPolicyObject>
    <EPOPolicyObject featureid="ENDP_WP_1000" categoryid="EWC_EnforcementMessaging" typeid="EWC_EnforcementMessaging" name="McAfee Default" isdefault="true">
        <PolicySettings>McAfee Default</PolicySettings>
    </EPOPolicyObject>
    <!--<EPOPolicyObject featureid="ENDP_WP_1000" categoryid="EventTracking" typeid="EventTracking" name="McAfee Default" isdefault="true">-->
        <!--<PolicySettings>McAfee Default</PolicySettings>-->
    <!--</EPOPolicyObject>-->
    <EPOPolicyObject featureid="ENDP_WP_1000" categoryid="EWC_BrowserControl" typeid="EWC_BrowserControl" name="McAfee Default" isdefault="true">
        <PolicySettings>McAfee Default</PolicySettings>
    </EPOPolicyObject>
    <EPOPolicyObject featureid="ENDP_WP_1000" categoryid="EWC_BlockAndAllowList" typeid="EWC_BlockAndAllowList" name="McAfee Default" isdefault="true">
        <PolicySettings>McAfee Default</PolicySettings>
    </EPOPolicyObject>
    <EPOPolicyObject featureid="ENDP_WP_1000" categoryid="EWC_ContentFiltering" typeid="EWC_ContentFiltering" name="McAfee Default" isdefault="true">
        <PolicySettings>McAfee Default</PolicySettings>
    </EPOPolicyObject>
    <EPOPolicyObject featureid="ENDP_WP_1000" categoryid="EWC_ContentFilterModule" typeid="EWC_ContentFilterModule" name="McAfee Default" isdefault="true">
        <PolicySettings>McAfee Default</PolicySettings>
    </EPOPolicyObject>
</epo:EPOPolicySchema>
