<?xml version="1.0" encoding="UTF-8"?>
<beans xmlns="http://www.springframework.org/schema/beans"
       default-lazy-init="false" default-autowire="no" default-dependency-check="none"
       xmlns:xsi="http://www.w3.org/2001/XMLSchema-instance"
       xsi:schemaLocation="http://www.springframework.org/schema/beans http://www.springframework.org/schema/beans/spring-beans-2.0.xsd">

    <bean id="ENDP_WP_1000.enabledDisabledFormatter"
          class="com.mcafee.webControl.policy.comparator.EnabledDisabledFormatter">
        <property name="resource" ref="ENDP_WP_1000.resource"/>
    </bean>
    <bean id="ENDP_WP_1000.ratingActionFormatter"
          class="com.mcafee.webControl.policy.comparator.RatingActionFormatter">
        <property name="resource" ref="ENDP_WP_1000.resource"/>
    </bean>
    <bean id="ENDP_WP_1000.taskTypeFormatter"
          class="com.mcafee.webControl.policy.comparator.TaskTypeFormatter">
        <property name="resource" ref="ENDP_WP_1000.resource"/>
    </bean>
    <bean id="ENDP_WP_1000.siteRatingsFormatter"
          class="com.mcafee.webControl.policy.comparator.SiteRatingsFormatter">
        <property name="resource" ref="ENDP_WP_1000.resource"/>
    </bean>
    <bean id="ENDP_WP_1000.heuristicsFormatter"
          class="com.mcafee.webControl.policy.comparator.HeuristicsFormatter">
        <property name="resource" ref="ENDP_WP_1000.resource"/>
    </bean>
    <bean id="ENDP_WP_1000.nonGTIFormatter"
          class="com.mcafee.webControl.policy.comparator.NonGTIFormatter">
        <property name="resource" ref="ENDP_WP_1000.resource"/>
    </bean>
    <bean id="ENDP_WP_1000.searchEngineFormatter"
          class="com.mcafee.webControl.policy.comparator.SearchEngineFormatter">
        <property name="resource" ref="ENDP_WP_1000.resource"/>
    </bean>
    <bean id="ENDP_WP_1000.browserBlockFormatter"
          class="com.mcafee.webControl.policy.comparator.BrowserBlockFormatter">
        <property name="resource" ref="ENDP_WP_1000.resource"/>
    </bean>
    <bean id="ENDP_WP_1000.webCategoriesFormatter"
          class="com.mcafee.webControl.policy.comparator.WebCategoriesFormatter">
        <property name="resource" ref="ENDP_WP_1000.resource"/>
    </bean>



    <!--Block and Allow List Policy-->
    <bean id="ENDP_WP_1000.blockandallowlist.simpleSectionHandler"
          class="com.mcafee.epo.product.comparison.handler.SimpleSectionHandler">
        <property name="resource" ref="ENDP_WP_1000.resource"/>
        <property name="sectionKeys">
            <list>
                <value>BlockAndAllowList</value>
            </list>
        </property>
    </bean>

    <bean id="ENDP_WP_1000.blockandallowlist.simpleSettingHandler"
          class="com.mcafee.webControl.policy.comparator.WCSettingHandler">
          <!--class="com.mcafee.epo.product.comparison.handler.SimpleSettingHandler">-->
        <property name="resource" ref="ENDP_WP_1000.resource"/>
    </bean>
    <bean id="ENDP_WP_1000.blockandallowlist.policyComparator"
          class="com.mcafee.webControl.policy.comparator.PolicyObjectComparator">
        <!--class="com.mcafee.epo.policy.comparison.SimplePolicyObjectComparator">-->
        <property name="id" value="ENDP_WP_1000.blockandallowlist.policyComparator"/>
        <property name="productId" value="ENDP_WP_1000"/>
        <property name="featureId" value="ENDP_WP_1000"/>
        <property name="categoryId" value="EWC_BlockAndAllowList"/>
        <property name="resource" ref="ENDP_WP_1000.resource"/>
        <property name="sectionHandlers">
            <list>
                <ref bean="ENDP_WP_1000.blockandallowlist.simpleSectionHandler"/>
            </list>
        </property>
        <property name="settingHandlers">
            <list>
                <bean class="com.mcafee.webControl.policy.comparator.SettingListHandler">
                    <property name="prefix" value="Action"/>
                    <property name="formatter" ref="ENDP_WP_1000.ratingActionFormatter"/>
                    <property name="resource" ref="ENDP_WP_1000.resource"/>
                </bean>
                <bean class="com.mcafee.webControl.policy.comparator.SettingListHandler">
                    <property name="prefix" value="szNote"/>
                    <property name="resource" ref="ENDP_WP_1000.resource"/>
                </bean>
                <bean class="com.mcafee.webControl.policy.comparator.SettingListHandler">
                    <property name="prefix" value="szSite"/>
                    <property name="resource" ref="ENDP_WP_1000.resource"/>
                </bean>
                <bean class="com.mcafee.webControl.policy.comparator.SettingListHandler">
                    <property name="prefix" value="szUnicodeSite"/>
                    <property name="resource" ref="ENDP_WP_1000.resource"/>
                </bean>
                <bean parent="ENDP_WP_1000.blockandallowlist.simpleSettingHandler">
                    <property name="prefix" value="blockandallow"/>
                    <property name="formatter" ref="ENDP_WP_1000.enabledDisabledFormatter"/>
                    <property name="settingKeys">
                        <list>
                            <value>BlockAndAllowList.bTrack</value>
                            <value>BlockAndAllowList.bPrecedenceOverProhibitLists</value>
                        </list>
                    </property>
                </bean>
                <bean parent="ENDP_WP_1000.blockandallowlist.simpleSettingHandler">
                    <property name="prefix" value="blockandallow"/>
                    <property name="settingKeys">
                        <list>
                            <value>BlockAndAllowList.uiSiteCount</value>
                        </list>
                    </property>
                </bean>
                <bean parent="ENDP_WP_1000.blockandallowlist.simpleSettingHandler">
                    <property name="prefix" value="blockandallow"/>
                    <property name="formatter" ref="ENDP_WP_1000.siteRatingsFormatter"/>
                    <property name="settingKeys">
                        <list>
                            <value>BlockAndAllowList.uiSiteResourceFileDownload</value>
                        </list>
                    </property>
                </bean>

                <bean parent="ENDP_WP_1000.blockandallowlist.simpleSettingHandler">
                    <property name="exclude" value="true"/>
                    <property name="settingKeys">
                        <list>
                            <value>BlockAndAllowList.szPolicyStamp</value>
                        </list>
                    </property>
                </bean>
            </list>
        </property>
    </bean>

    <!--Browser Control Policy-->
    <bean id="ENDP_WP_1000.browsercontrol.simpleSectionHandler"
          class="com.mcafee.epo.product.comparison.handler.SimpleSectionHandler">
        <property name="resource" ref="ENDP_WP_1000.resource"/>
        <property name="sectionKeys">
            <list>
                <value>HardenSettings</value>
            </list>
        </property>
    </bean>

    <bean id="ENDP_WP_1000.browsercontrol.simpleSettingHandler"
          class="com.mcafee.webControl.policy.comparator.WCSettingHandler">
        <property name="resource" ref="ENDP_WP_1000.resource"/>
    </bean>
    <bean id="ENDP_WP_1000.browsercontrol.policyComparator"
          class="com.mcafee.webControl.policy.comparator.PolicyObjectComparator">
        <!--class="com.mcafee.epo.policy.comparison.SimplePolicyObjectComparator">-->
        <property name="id" value="ENDP_WP_1000.browsercontrol.policyComparator"/>
        <property name="productId" value="ENDP_WP_1000"/>
        <property name="featureId" value="ENDP_WP_1000"/>
        <property name="categoryId" value="EWC_BrowserControl"/>
        <property name="resource" ref="ENDP_WP_1000.resource"/>
        <property name="sectionHandlers">
            <list>
                <ref bean="ENDP_WP_1000.browsercontrol.simpleSectionHandler"/>
            </list>
        </property>
        <property name="settingHandlers">
            <list>
                <bean parent="ENDP_WP_1000.browsercontrol.simpleSettingHandler">
                    <property name="exclude" value="true"/>
                    <property name="settingKeys">
                        <list>
                            <value>HardenSettings.szBrowserExeNames</value>
                            <value>HardenSettings.szPolicyStamp</value>
                            <value>HardenSettings.szBrowserIds</value>
                        </list>
                    </property>
                </bean>
                <bean parent="ENDP_WP_1000.browsercontrol.simpleSettingHandler">
                    <property name="prefix" value="browsercontrol"/>
                    <property name="formatter" ref="ENDP_WP_1000.browserBlockFormatter"/>
                    <property name="settingKeys">
                        <list>
                            <value>HardenSettings.szBrowserBlocks</value>
                        </list>
                    </property>
                </bean>
            </list>
        </property>
    </bean>

    <!--Content Actions Policy-->
    <bean id="ENDP_WP_1000.contentactions.simpleSectionHandler"
          class="com.mcafee.epo.product.comparison.handler.SimpleSectionHandler">
        <property name="resource" ref="ENDP_WP_1000.resource"/>
        <property name="sectionKeys">
            <list>
                <value>ContentActions</value>
                <value>RatingActions</value>
            </list>
        </property>
    </bean>

    <bean id="ENDP_WP_1000.contentactions.simpleSettingHandler"
          class="com.mcafee.webControl.policy.comparator.WCSettingHandler">
        <property name="resource" ref="ENDP_WP_1000.resource"/>
    </bean>
    <bean id="ENDP_WP_1000.contentactions.policyComparator"
          class="com.mcafee.webControl.policy.comparator.PolicyObjectComparator">
          <!--class="com.mcafee.webControl.policy.comparator.PolicyObjectComparator"> -->
        <property name="id" value="ENDP_WP_1000.contentactions.policyComparator"/>
        <property name="productId" value="ENDP_WP_1000"/>
        <property name="featureId" value="ENDP_WP_1000"/>
        <property name="categoryId" value="EWC_ContentFiltering"/>
        <property name="resource" ref="ENDP_WP_1000.resource"/>
        <property name="sectionHandlers">
            <list>
                <ref bean="ENDP_WP_1000.contentactions.simpleSectionHandler"/>
            </list>
        </property>
        <property name="settingHandlers">
            <list>
                <bean parent="ENDP_WP_1000.contentactions.simpleSettingHandler">
                    <property name="prefix" value="contentactions"/>
                    <property name="formatter" ref="ENDP_WP_1000.enabledDisabledFormatter"/>
                    <property name="settingKeys">
                        <list>
                            <value>ContentActions.bEnableCategorization</value>
                        </list>
                    </property>
                </bean>
                <bean parent="ENDP_WP_1000.contentactions.simpleSettingHandler">
                    <property name="prefix" value="contentactions"/>
                    <property name="settingKeys">
                        <list>
                            <value>ContentActions.uiBitCount</value>
                        </list>
                    </property>
                </bean>
                <bean parent="ENDP_WP_1000.contentactions.simpleSettingHandler">
                    <property name="exclude" value="true"/>
                    <property name="settingKeys">
                        <list>
                            <value>ContentActions.uiActionUncategorized</value>
                            <value>ContentActions.uiContentBitCodes</value>
                            <value>RatingActions.szPolicyStamp</value>
                            <value>ContentActions.szPolicyStamp</value>
                        </list>
                    </property>
                </bean>
                <bean parent="ENDP_WP_1000.contentactions.simpleSettingHandler">
                    <property name="prefix" value="contentactions"/>
                    <property name="formatter" ref="ENDP_WP_1000.siteRatingsFormatter"/>
                    <property name="settingKeys">
                        <list>
                            <value>RatingActions.uiOverall</value>
                            <value>RatingActions.uiSiteResourceFileDownload</value>
                        </list>
                    </property>
                </bean>
                <bean parent="ENDP_WP_1000.contentactions.simpleSettingHandler">
                    <property name="prefix" value="contentactions"/>
                    <property name="formatter" ref="ENDP_WP_1000.webCategoriesFormatter"/>
                    <property name="settingKeys">
                        <list>
                            <value>ContentActions.szActionCodes</value>
                        </list>
                    </property>
                </bean>
            </list>
        </property>
    </bean>


    <!--Enforcement Messaging Policy-->
    <bean id="ENDP_WP_1000.enforcementmessaging.simpleSectionHandler"
          class="com.mcafee.epo.product.comparison.handler.SimpleSectionHandler">
        <property name="resource" ref="ENDP_WP_1000.resource"/>
        <property name="sectionKeys">
            <list>
                <value>EnforcementMessaging</value>
            </list>
        </property>
    </bean>

    <bean id="ENDP_WP_1000.enforcementmessaging.simpleSettingHandler"
          class="com.mcafee.webControl.policy.comparator.WCSettingHandler">
        <property name="resource" ref="ENDP_WP_1000.resource"/>
    </bean>
    <bean id="ENDP_WP_1000.enforcementmessaging.policyComparator"
          class="com.mcafee.webControl.policy.comparator.PolicyObjectComparator">
        <property name="id" value="ENDP_WP_1000.enforcementmessaging.policyComparator"/>
        <property name="productId" value="ENDP_WP_1000"/>
        <property name="featureId" value="ENDP_WP_1000"/>
        <property name="categoryId" value="EWC_EnforcementMessaging"/>
        <property name="resource" ref="ENDP_WP_1000.resource"/>
        <property name="sectionHandlers">
            <list>
                <ref bean="ENDP_WP_1000.enforcementmessaging.simpleSectionHandler"/>
            </list>
        </property>
        <property name="settingHandlers">
            <list>
                <bean parent="ENDP_WP_1000.enforcementmessaging.simpleSettingHandler">
                    <property name="exclude" value="true"/>
                    <property name="settingKeys">
                        <list>
                            <value>EnforcementMessaging.localized</value>
                            <value>EnforcementMessaging.szPolicyStamp</value>
                        </list>
                    </property>
                </bean>
                <bean class="com.mcafee.webControl.policy.comparator.SettingListHandlerEnforcementMessaging">
                    <property name="prefix" value=""/>
                    <property name="resource" ref="ENDP_WP_1000.resource"/>
                </bean>
            </list>
        </property>
    </bean>

    <!--Options Policy-->
    <bean id="ENDP_WP_1000.options.simpleSectionHandler"
          class="com.mcafee.epo.product.comparison.handler.SimpleSectionHandler">
        <property name="resource" ref="ENDP_WP_1000.resource"/>
        <property name="sectionKeys">
            <list>
                <value>ActionEnforcement</value>
                <value>EventLogging</value>
                <value>SecureSearch</value>
                <value>WebProtection</value>
            </list>
        </property>
    </bean>

    <bean id="ENDP_WP_1000.options.simpleSettingHandler"
          class="com.mcafee.webControl.policy.comparator.WCSettingHandler">
        <property name="resource" ref="ENDP_WP_1000.resource"/>
    </bean>
    <bean id="ENDP_WP_1000.options.policyComparator"
        class="com.mcafee.webControl.policy.comparator.PolicyObjectComparator">
        <!--class="com.mcafee.epo.policy.comparison.SimplePolicyObjectComparator">-->
        <property name="id" value="ENDP_WP_1000.options.policyComparator"/>
        <property name="productId" value="ENDP_WP_1000"/>
        <property name="featureId" value="ENDP_WP_1000"/>
        <property name="categoryId" value="EWC_General"/>
        <property name="resource" ref="ENDP_WP_1000.resource"/>
        <property name="sectionHandlers">
            <list>
                <ref bean="ENDP_WP_1000.options.simpleSectionHandler"/>
            </list>
        </property>
        <property name="settingHandlers">
            <list>
                <bean class="com.mcafee.webControl.policy.comparator.SettingListHandler">
                    <property name="prefix" value="szAgumentIP_"/>
                    <property name="resource" ref="ENDP_WP_1000.resource"/>
                </bean>
                <bean class="com.mcafee.webControl.policy.comparator.SettingListHandler">
                    <property name="prefix" value="szGatewayIP_"/>
                    <property name="resource" ref="ENDP_WP_1000.resource"/>
                </bean>
                <bean class="com.mcafee.webControl.policy.comparator.SettingListHandler">
                    <property name="prefix" value="szIntLandIP_"/>
                    <property name="resource" ref="ENDP_WP_1000.resource"/>
                </bean>

                <bean parent="ENDP_WP_1000.options.simpleSettingHandler">
                    <property name="prefix" value="options"/>
                    <property name="formatter" ref="ENDP_WP_1000.enabledDisabledFormatter"/>
                    <property name="settingKeys">
                        <list>
                            <value>BlockAndAllowList.bTrack</value>
                            <value>BlockAndAllowList.bPrecedenceOverProhibitLists</value>
                            <value>ActionEnforcement.bAllowWarnAtDomainLevel</value>
                            <value>ActionEnforcement.bEnableHTMLiFrames</value>
                            <value>ActionEnforcement.bEnfFileDownloads</value>
                            <value>ActionEnforcement.bEnfIMEmailLinkChecking</value>
                            <value>ActionEnforcement.bEnfIMEmailLinkHookChecking</value>
                            <value>ActionEnforcement.bGtiFailClose</value>
                            <value>ActionEnforcement.bPhishingBlock</value>
                            <value>ActionEnforcement.bSiteObserve</value>
                            <value>ActionEnforcement.bAllowAllPrivateUrls</value>
                            <value>EventLogging.bAllowedConfiguredBlockAllowList</value>
                            <value>EventLogging.bGreenRatedSites</value>
                            <value>EventLogging.bInformWebReporter</value>
                            <value>EventLogging.bLogIFrameEvents</value>
                            <value>SecureSearch.bEnableSecureSearch</value>
                            <value>SecureSearch.uiSecureResults</value>
                            <value>WebProtection.bDisableUserBrowserPlugin</value>
                            <value>WebProtection.bEnableWebProtection</value>
                            <value>WebProtection.bHideToolbar</value>
                            <value>WebProtection.bAllowIEInExtOffMode</value>
							<value>ActionEnforcement.bStandDown</value>
							<value>WebProtection.bStandDownMCPValidate</value>
                            <value>ActionEnforcement.bGatewayIPValidate</value>
                            <value>ActionEnforcement.bGatewayLandmarkValidate</value>
                            <value>ActionEnforcement.bGatewayPresenceValidate</value>
                            <!--<value>WebProtection.bPreventUserStoppingWebControl</value>-->
                        </list>
                    </property>
                </bean>
                <bean parent="ENDP_WP_1000.options.simpleSettingHandler">
                    <property name="prefix" value="options"/>
                    <property name="settingKeys">
                        <list>
                            <value>ActionEnforcement.szGatewayLandmark</value>
                            <value>ActionEnforcement.uiAgumentIPCount</value>
                            <value>ActionEnforcement.uiGatewayIPCount</value>
                            <value>ActionEnforcement.uiIntLandIPCount</value>
                            <value>EventLogging.elPassword</value>
                            <value>EventLogging.elURL</value>
                            <value>EventLogging.elUsername</value>
                        </list>
                    </property>
                </bean>
                <bean parent="ENDP_WP_1000.options.simpleSettingHandler">
                    <property name="exclude" value="true"/>
                    <property name="settingKeys">
                        <list>
                            <value>ActionEnforcement.szPolicyStamp</value>
                            <value>EventLogging.szPolicyStamp</value>
                            <value>SecureSearch.szPolicyStamp</value>
                            <value>WebProtection.szPolicyStamp</value>
                        </list>
                    </property>
                </bean>
                <bean parent="ENDP_WP_1000.options.simpleSettingHandler">
                    <property name="prefix" value="options"/>
                    <property name="formatter" ref="ENDP_WP_1000.heuristicsFormatter"/>
                    <property name="settingKeys">
                        <list>
                            <value>ActionEnforcement.gtiRiskLevelToBlock</value>
                        </list>
                    </property>
                </bean>
                <bean parent="ENDP_WP_1000.options.simpleSettingHandler">
                    <property name="prefix" value="options"/>
                    <property name="formatter" ref="ENDP_WP_1000.nonGTIFormatter"/>
                    <property name="settingKeys">
                        <list>
                            <value>ActionEnforcement.applyActionNonGTI</value>
                        </list>
                    </property>
                </bean>
                <bean parent="ENDP_WP_1000.options.simpleSettingHandler">
                    <property name="prefix" value="options"/>
                    <property name="formatter" ref="ENDP_WP_1000.searchEngineFormatter"/>
                    <property name="settingKeys">
                        <list>
                            <value>SecureSearch.uiSecureSearchEngine</value>
                        </list>
                    </property>
                </bean>

            </list>
        </property>
    </bean>

    <!--Send Web Reporter Logs Task comparator -->
    <bean id="ENDP_WP_1000.webreporterlogstask.simpleSectionHandler"
         class="com.mcafee.epo.product.comparison.handler.SimpleSectionHandler">
       <property name="resource" ref="ENDP_WP_1000.resource"/>
       <property name="sectionKeys">
           <list>
               <value>General</value>
           </list>
       </property>
    </bean>

    <bean id="ENDP_WP_1000.webreporterlogstask.simpleSettingHandler"
         class="com.mcafee.epo.product.comparison.handler.SimpleSettingHandler">
       <property name="resource" ref="ENDP_WP_1000.resource"/>
    </bean>

    <bean id="ENDP_WP_1000.webreporterlogstask.taskcomparator"
         class="com.mcafee.epo.task.comparison.SimpleClientTaskComparator">
       <property name="id" value="ENDP_WP_1000.webreporterlogstask.taskcomparator"/>
       <property name="productId" value="ENDP_WP_1000"/>
       <property name="taskTypeId" value="WP_WebReporterTransmitData_Task"/>
       <property name="sectionHandlers">
           <list>
               <ref bean="ENDP_WP_1000.webreporterlogstask.simpleSectionHandler"/>
           </list>
       </property>
       <property name="settingHandlers">
           <list>
               <bean parent="ENDP_WP_1000.webreporterlogstask.simpleSettingHandler">
                   <property name="prefix" value="Task"/>
                   <property name="formatter" ref="ENDP_WP_1000.taskTypeFormatter"/>
                   <property name="settingKeys">
                       <list>
                           <value>General.TaskType</value>
                       </list>
                   </property>
               </bean>
           </list>
       </property>
    </bean>
</beans>
