<?xml version="1.0"?>
<mvc-action-config version="1.0">

    <action-set bean="ENDP_WP_1000.WPEventActions">
        <action name="WPEventsAction.do" execute="ShowWPEvents" permission="perm:epo.event.view" checkSecurityToken="false"/>
    </action-set>

    <!-- Manage Policy ::::::::::::::::::::::::::::::::::::::::::::::::::::::::::::::::::::::::::: -->
    <action-set bean="ENDP_WP_1000.generalPolicyActions">
        <action name="EditGeneralPolicy.do" execute="EditPolicy" permission="perm:ENDP_WP_1000.policy.view?featureID=ENDP_WP_1000" checkSecurityToken="false"/>
        <action name="SaveGeneralPolicy.do" execute="SavePolicy" permission="perm:ENDP_WP_1000.policy.edit?featureID=ENDP_WP_1000" checkSecurityToken="true"/>
    </action-set>

    <action-set bean="ENDP_WP_1000.Manage.EnforcementMessaging.EnforcementMessagingPolicy">
        <action name="EditEnforcementMessagingPolicy.do" execute="EditPolicy" permission="perm:ENDP_WP_1000.policy.view?featureID=ENDP_WP_1000" checkSecurityToken="false"/>
        <action name="SaveEnforcementMessagingPolicy.do" execute="SavePolicy" permission="perm:ENDP_WP_1000.policy.edit?featureID=ENDP_WP_1000" checkSecurityToken="true"/>
    </action-set>

    <action-set bean="ENDP_WP_1000.Manage.BlockAndAllowList.BlockAndAllowListPolicy">
        <action name="EditBlockAndAllowListPolicy.do" execute="EditPolicy" permission="perm:ENDP_WP_1000.policy.view?featureID=ENDP_WP_1000" checkSecurityToken="false"/>
        <action name="SaveBlockAndAllowListPolicy.do" execute="SavePolicy" permission="perm:ENDP_WP_1000.policy.edit?featureID=ENDP_WP_1000" checkSecurityToken="true"/>
        <action name="UpdateBlockAndAllowItem.do" execute="UpdateBlockAndAllowItem" permission="perm:ENDP_WP_1000.policy.edit?featureID=ENDP_WP_1000" checkSecurityToken="true"/>
        <action name="EditBlockAndAllowItem.do" execute="EditBlockAndAllowItem" permission="perm:ENDP_WP_1000.policy.edit?featureID=ENDP_WP_1000" checkSecurityToken="false"/>
        <action name="UpdateBlockAndAllowListFilters.do" execute="UpdateBlockAndAllowListFilters" permission="perm:ENDP_WP_1000.policy.view?featureID=ENDP_WP_1000" checkSecurityToken="true"/>
        <action name="ViewEffectiveBlockAndAllowListPolicy.do" execute="InitEffectiveBlockAndAllowListPolicy" permission="perm:ENDP_WP_1000.policy.view?featureID=ENDP_WP_1000" checkSecurityToken="false"/>
    </action-set>

    <action-set bean="ENDP_WP_1000.Manage.ContentFiltering.ContentFilteringPolicy">
        <action name="EditContentFilteringPolicy.do" execute="EditPolicy" permission="perm:ENDP_WP_1000.policy.view?featureID=ENDP_WP_1000" checkSecurityToken="false"/>
        <action name="SaveContentFilteringPolicy.do" execute="SavePolicy" permission="perm:ENDP_WP_1000.policy.edit?featureID=ENDP_WP_1000" checkSecurityToken="true"/>
        <action name="ViewEffectiveContentPolicy.do" execute="InitEffectiveContentPolicy" permission="perm:ENDP_WP_1000.policy.view?featureID=ENDP_WP_1000" checkSecurityToken="false"/>
    </action-set>

    <action-set bean="ENDP_WP_1000.Manage.Eventing.EventingPolicy">
        <action name="EditEventingPolicy.do" execute="EditPolicy" permission="perm:ENDP_WP_1000.policy.view?featureID=ENDP_WP_1000" checkSecurityToken="false"/>
        <action name="SaveEventingPolicy.do" execute="SavePolicy" permission="perm:ENDP_WP_1000.policy.edit?featureID=ENDP_WP_1000" checkSecurityToken="true"/>
    </action-set>

    <action-set bean="ENDP_WP_1000.Manage.BrowserControl.BrowserControl">
        <action name="EditBrowserControl.do" execute="EditPolicy" permission="perm:ENDP_WP_1000.policy.view?featureID=ENDP_WP_1000" checkSecurityToken="false"/>
        <action name="SaveBrowserControl.do" execute="SavePolicy" permission="perm:ENDP_WP_1000.policy.edit?featureID=ENDP_WP_1000" checkSecurityToken="true"/>
    </action-set>

    <!-- Client Tasks ::::::::::::::::::::::::::::::::::::::::::::::::::::::::::::::::::::::: -->
    <action-set class="com.mcafee.webControl.task.WebReporterSendLogsTask">
        <action name="EditWebReporterSendLogsTask.do" execute="editWebReporterSendLogsTask" checkSecurityToken="false"/>
        <action name="SaveWebReporterSendLogsTask.do" execute="saveWebReporterSendLogsTask" checkSecurityToken="true"/>
   </action-set>

    <!--edit permissions-->
    <action-set bean="ENDP_WP_1000.actions.role">
        <action name="editPermissions.do" execute="editPermissions" checkSecurityToken="false"/>
    </action-set>

    <action-set bean="ENDP_WP_1000.loggingActions">
        <action name="loadDebugLogging.do" execute="getDebugLoggingUI" permission="perm:ENDP_GS_1000.policy.view?featureID=ENDP_GS_1000" checkSecurityToken="false"/>
        <action name="loadEventForwarding.do" execute="getEventForwardingUI" permission="perm:ENDP_GS_1000.policy.view?featureID=ENDP_GS_1000" checkSecurityToken="false"/>
    </action-set>
</mvc-action-config>