<?xml version="1.0" encoding="UTF-8"?>
<!--
 Copyright (C) 2014-2018 McAfee, LLC
-->
<beans xmlns="http://www.springframework.org/schema/beans"
       default-lazy-init="false" default-autowire="no" default-dependency-check="none"
       xmlns:xsi="http://www.w3.org/2001/XMLSchema-instance"
       xsi:schemaLocation="http://www.springframework.org/schema/beans http://www.springframework.org/schema/beans/spring-beans-2.0.xsd">

    <!--<bean id="saep.squid.target.group" class="com.mcafee.orion.core.ui.QueryTargetGroupInfo">-->
        <!--<property name="name" value="saep.squid.target.group.name"/>-->
        <!--<property name="displayNameKey" value="saep.squid.target.group.display.name"/>-->
        <!--<property name="resource" ref="ENDP_WP_1000.resource"/>-->
        <!--<property name="displayOrder" value="5000"/>-->
	<!--</bean>-->

    <bean id="enum.WPListID" class="com.mcafee.orion.core.query.StaticEnum">
        <property name="column" value="ListID" />
        <property name="items">
            <map>
                <entry key="1" value="report.list.noneLabel" />
                <entry key="2" value="report.list.whiteLabel" />
                <entry key="3" value="report.list.blackLabel" />
            </map>
        </property>
        <property name="resource" ref="ENDP_WP_1000.resource"/>
    </bean>
   
    <bean id="enum.WPEventType" class="com.mcafee.orion.core.query.StaticEnum">
        <property name="column" value="EventTypeID" />
        <property name="items">
            <map>
                <entry key="18600" value="report.eventType.navigate" />
                <entry key="18601" value="report.eventType.download" />
            </map>
        </property>
        <property name="resource" ref="ENDP_WP_1000.resource"/>
    </bean>
   
    <bean id="enum.WPReasonID" class="com.mcafee.orion.core.query.StaticEnum">
        <property name="column" value="ReasonID" />
        <property name="items">
            <map>
                <entry key="1" value="report.reason.ratingAction" />
                <entry key="2" value="report.reason.list" />
                <entry key="3" value="report.reason.phishing" />
                <entry key="4" value="report.reason.exploit" />
                <entry key="5" value="report.reason.contentAction" />
                <entry key="6" value="report.reason.ratingcontentAction" />
                <entry key="7" value="report.reason.communicationBreakdown" />
           </map>
        </property>
        <property name="resource" ref="ENDP_WP_1000.resource"/>
    </bean>

    <bean id="enum.WPActionID" class="com.mcafee.orion.core.query.StaticEnum">
        <property name="column" value="ActionID" />
        <property name="items">
            <map>
                <entry key="1" value="report.action.allowLabel" />
                <entry key="2" value="report.action.warn-allowLabel" />
                <entry key="3" value="report.action.warn-blockLabel" />
                <entry key="4" value="report.action.blockLabel" />
                <entry key="5" value="report.action.unknownLabel" />
                <entry key="6" value="report.action.invokedODS" />
            </map>
        </property>
        <property name="resource" ref="ENDP_WP_1000.resource"/>
    </bean>

    <bean id="enum.WPRatingID" class="com.mcafee.orion.core.query.StaticEnum">
        <property name="column" value="RatingID" />
        <property name="items">
            <map>
                <entry key="1" value="report.rating.greenLabel" />
                <entry key="2" value="report.rating.yellowLabel" />
                <entry key="3" value="report.rating.redLabel" />
                <!--<entry key="4" value="report.rating.greyLabel" />-->
                <!--<entry key="5" value="report.rating.darkgreyLabel" />-->
                <entry key="6" value="report.rating.unknownLabel" />
            </map>
        </property>
        <property name="resource" ref="ENDP_WP_1000.resource"/>
    </bean>

    <bean id="enum.WPPhishingRatingID" class="com.mcafee.orion.core.query.StaticEnum">
        <property name="column" value="PhishingRatingID" />
        <property name="items">
            <map>
                <entry key="1" value="report.rating.greenLabel" />
                <entry key="2" value="report.rating.yellowLabel" />
                <entry key="3" value="report.rating.redLabel" />
                <!--<entry key="4" value="report.rating.greyLabel" />-->
                <!--<entry key="5" value="report.rating.darkgreyLabel" />-->
                <entry key="6" value="report.rating.unknownLabel" />
            </map>
        </property>
        <property name="resource" ref="ENDP_WP_1000.resource"/>
    </bean>

    <bean id="enum.WPDownloadRatingID" class="com.mcafee.orion.core.query.StaticEnum">
        <property name="column" value="DownloadRatingID" />
        <property name="items">
            <map>
                <entry key="1" value="report.rating.greenLabel" />
                <entry key="2" value="report.rating.yellowLabel" />
                <entry key="3" value="report.rating.redLabel" />
                <!--<entry key="4" value="report.rating.greyLabel" />-->
                <!--<entry key="5" value="report.rating.darkgreyLabel" />-->
                <entry key="6" value="report.rating.unknownLabel" />
            </map>
        </property>
        <property name="resource" ref="ENDP_WP_1000.resource"/>
    </bean>

    <bean id="enum.WPSpamRatingID" class="com.mcafee.orion.core.query.StaticEnum">
        <property name="column" value="SpamRatingID" />
        <property name="items">
            <map>
                <entry key="1" value="report.rating.greenLabel" />
                <entry key="2" value="report.rating.yellowLabel" />
                <entry key="3" value="report.rating.redLabel" />
                <!--<entry key="4" value="report.rating.greyLabel" />-->
                <!--<entry key="5" value="report.rating.darkgreyLabel" />-->
                <entry key="6" value="report.rating.unknownLabel" />
            </map>
        </property>
        <property name="resource" ref="ENDP_WP_1000.resource"/>
    </bean>

    <bean id="enum.WPPopupRatingID" class="com.mcafee.orion.core.query.StaticEnum">
        <property name="column" value="PopupRatingID" />
        <property name="items">
            <map>
                <entry key="1" value="report.rating.greenLabel" />
                <entry key="2" value="report.rating.yellowLabel" />
                <entry key="3" value="report.rating.redLabel" />
                <!--<entry key="4" value="report.rating.greyLabel" />-->
                <!--<entry key="5" value="report.rating.darkgreyLabel" />-->
                <entry key="6" value="report.rating.unknownLabel" />
            </map>
        </property>
        <property name="resource" ref="ENDP_WP_1000.resource"/>
    </bean>

    <bean id="enum.WPBadLinkRatingID" class="com.mcafee.orion.core.query.StaticEnum">
        <property name="column" value="BadLinkRatingID" />
        <property name="items">
            <map>
                <entry key="1" value="report.rating.greenLabel" />
                <entry key="2" value="report.rating.yellowLabel" />
                <entry key="3" value="report.rating.redLabel" />
                <!--<entry key="4" value="report.rating.greyLabel" />-->
                <!--<entry key="5" value="report.rating.darkgreyLabel" />-->
                <entry key="6" value="report.rating.unknownLabel" />
            </map>
        </property>
        <property name="resource" ref="ENDP_WP_1000.resource"/>
    </bean>

    <bean id="enum.WPExploitRatingID" class="com.mcafee.orion.core.query.StaticEnum">
        <property name="column" value="ExploitRatingID" />
        <property name="items">
            <map>
                <entry key="1" value="report.rating.greenLabel" />
                <entry key="2" value="report.rating.yellowLabel" />
                <entry key="3" value="report.rating.redLabel" />
                <!--<entry key="4" value="report.rating.greyLabel" />-->
                <!--<entry key="5" value="report.rating.darkgreyLabel" />-->
                <entry key="6" value="report.rating.unknownLabel" />
            </map>
        </property>
        <property name="resource" ref="ENDP_WP_1000.resource"/>
    </bean>

    <bean id="enum.WPContentID" class="com.mcafee.orion.core.query.StaticEnum">
        <property name="column" value="ContentID" />
        <property name="items">
          <map>
              <entry key="0" value="policy.CF.cat_0" />
              <entry key="100" value="policy.CF.cat_100" />
              <entry key="101" value="policy.CF.cat_101" />
              <entry key="102" value="policy.CF.cat_102" />
              <entry key="104" value="policy.CF.cat_104" />
              <entry key="105" value="policy.CF.cat_105" />
              <entry key="106" value="policy.CF.cat_106" />
              <entry key="108" value="policy.CF.cat_108" />
              <entry key="109" value="policy.CF.cat_109" />
              <entry key="110" value="policy.CF.cat_110" />
              <entry key="111" value="policy.CF.cat_111" />
              <entry key="112" value="policy.CF.cat_112" />
              <entry key="113" value="policy.CF.cat_113" />
              <entry key="114" value="policy.CF.cat_114" />
              <entry key="115" value="policy.CF.cat_115" />
              <entry key="116" value="policy.CF.cat_116" />
              <entry key="117" value="policy.CF.cat_117" />
              <entry key="118" value="policy.CF.cat_118" />
              <entry key="119" value="policy.CF.cat_119" />
              <entry key="120" value="policy.CF.cat_120" />
              <entry key="121" value="policy.CF.cat_121" />
              <entry key="122" value="policy.CF.cat_122" />
              <entry key="123" value="policy.CF.cat_123" />
              <entry key="124" value="policy.CF.cat_124" />
              <entry key="125" value="policy.CF.cat_125" />
              <entry key="126" value="policy.CF.cat_126" />
              <entry key="127" value="policy.CF.cat_127" />
              <entry key="128" value="policy.CF.cat_128" />
              <entry key="129" value="policy.CF.cat_129" />
              <entry key="130" value="policy.CF.cat_130" />
              <entry key="131" value="policy.CF.cat_131" />
              <entry key="132" value="policy.CF.cat_132" />
              <entry key="133" value="policy.CF.cat_133" />
              <entry key="134" value="policy.CF.cat_134" />
              <entry key="136" value="policy.CF.cat_136" />
              <entry key="137" value="policy.CF.cat_137" />
              <entry key="138" value="policy.CF.cat_138" />
              <entry key="139" value="policy.CF.cat_139" />
              <entry key="140" value="policy.CF.cat_140" />
              <entry key="141" value="policy.CF.cat_141" />
              <entry key="142" value="policy.CF.cat_142" />
              <entry key="143" value="policy.CF.cat_143" />
              <entry key="144" value="policy.CF.cat_144" />
              <entry key="145" value="policy.CF.cat_145" />
              <entry key="146" value="policy.CF.cat_146" />
              <entry key="147" value="policy.CF.cat_147" />
              <entry key="148" value="policy.CF.cat_148" />
              <entry key="149" value="policy.CF.cat_149" />
              <entry key="150" value="policy.CF.cat_150" />
              <entry key="151" value="policy.CF.cat_151" />
              <entry key="152" value="policy.CF.cat_152" />
              <entry key="153" value="policy.CF.cat_153" />
              <entry key="154" value="policy.CF.cat_154" />
              <entry key="155" value="policy.CF.cat_155" />
              <entry key="156" value="policy.CF.cat_156" />
              <entry key="157" value="policy.CF.cat_157" />
              <entry key="158" value="policy.CF.cat_158" />
              <entry key="159" value="policy.CF.cat_159" />
              <entry key="160" value="policy.CF.cat_160" />
              <entry key="161" value="policy.CF.cat_161" />
              <entry key="162" value="policy.CF.cat_162" />
              <entry key="163" value="policy.CF.cat_163" />
              <entry key="164" value="policy.CF.cat_164" />
              <entry key="165" value="policy.CF.cat_165" />
              <entry key="166" value="policy.CF.cat_166" />
              <entry key="167" value="policy.CF.cat_167" />
              <entry key="168" value="policy.CF.cat_168" />
              <entry key="169" value="policy.CF.cat_169" />
              <entry key="170" value="policy.CF.cat_170" />
              <entry key="171" value="policy.CF.cat_171" />
              <entry key="172" value="policy.CF.cat_172" />
              <entry key="174" value="policy.CF.cat_174" />
              <entry key="175" value="policy.CF.cat_175" />
              <entry key="176" value="policy.CF.cat_176" />
              <entry key="177" value="policy.CF.cat_177" />
              <entry key="178" value="policy.CF.cat_178" />
              <entry key="179" value="policy.CF.cat_179" />
              <entry key="180" value="policy.CF.cat_180" />
              <entry key="181" value="policy.CF.cat_181" />
              <entry key="183" value="policy.CF.cat_183" />
              <entry key="184" value="policy.CF.cat_184" />
              <entry key="185" value="policy.CF.cat_185" />
              <entry key="186" value="policy.CF.cat_186" />
              <entry key="187" value="policy.CF.cat_187" />
              <entry key="188" value="policy.CF.cat_188" />
              <entry key="189" value="policy.CF.cat_189" />
              <entry key="190" value="policy.CF.cat_190" />
              <entry key="191" value="policy.CF.cat_191" />
              <entry key="192" value="policy.CF.cat_192" />
              <entry key="193" value="policy.CF.cat_193" />
              <entry key="194" value="policy.CF.cat_194" />
              <entry key="195" value="policy.CF.cat_195" />
              <entry key="196" value="policy.CF.cat_196" />
              <entry key="197" value="policy.CF.cat_197" />
              <entry key="600" value="policy.CF.cat_600" />
              <entry key="601" value="policy.CF.cat_601" />
              <entry key="602" value="policy.CF.cat_602" />
              <entry key="603" value="policy.CF.cat_603" />
              <entry key="200" value="policy.CF.cat_200" />
              <entry key="201" value="policy.CF.cat_201" />
              <entry key="202" value="policy.CF.cat_202" />
              <entry key="203" value="policy.CF.cat_203" />
              <entry key="204" value="policy.CF.cat_204" />
              <entry key="205" value="policy.CF.cat_205" />
          </map>
        </property>
        <property name="resource" ref="ENDP_WP_1000.resource"/>
    </bean>

    <bean id="ENDP_WP_1000.rt.wpEvent"
        class="com.mcafee.webControl.core.factory.RegisteredTypeFactory"
        factory-method="createInstance" >
        <property name="name" value="rt.wpEvent.name"/>
        <property name="UID" value="wpEventRegisterdType"/>
        <!--<property name="pluginName" value="ENDP_WP_1000"/>-->
        <property name="description" value="rt.wpEvent.description"/>
        <property name="coloringScheme">
            <bean class="com.mcafee.webControl.core.chart.EventDetailColoringScheme"/>
        </property>
        <!--<property name="coloringScheme">
            <bean class="com.mcafee.webControl.reports.RatingStatusColoringScheme"/>
        </property>-->
        <property name="resource" ref="ENDP_WP_1000.resource"/>
    </bean>

    <bean id="ENDP_WP_1000.st.wpEvent" class="com.mcafee.orion.core.query.SquidTableInfo">
        <property name="tableName"  value="WP_EventInfo"/>
        <property name="uidColumnName" value="EventAutoID"/>
        <property name="type" value="target"/>
        <property name="resource" ref="ENDP_WP_1000.resource"/>
        <property name="displayNameKey" value="wpEvent.table.name"/>
        <property name="descriptionKey" value="wpEvent.table.desc"/>
        <property name="registeredTypeUID" value="wpEventRegisterdType"/>
        <property name="queryTargetGroup" ref="events.target.group"/>
        <isMultiTenant>
            <property name="permissionUri" value="perm:ENDP_WP_1000_PERM.permission.viewsquidquery"/>
        </isMultiTenant>

        <property name="propertyFormatter">
            <bean class="com.mcafee.webControl.core.displayAdaptor.EventDA">
                <constructor-arg index="0" value="wpEvent.da"/>
                <constructor-arg index="1" ref="ENDP_WP_1000.resource"/>
            </bean>
        </property>
		<isMultiTenant>
			<extensionVersionIsGreaterThanOrEqual extension="console" version="5.9.38.41">
				<property name="allowCustomQueries" value="true"/>
			</extensionVersionIsGreaterThanOrEqual>
		</isMultiTenant>
        <property name="columns">
            <list>
                <isMultiTenant>
                    <value>EventAutoID              long      none</value>
                </isMultiTenant>
                <isNotMultiTenant>
                    <extensionVersionIsGreaterThanOrEqual extension="EPOCore" version="5.4">
                        <value>EventAutoID          long        none</value>
                    </extensionVersionIsGreaterThanOrEqual>
                    <!-- If version is < 5.4 then int. -->
                    <extensionVersionIsLessThan extension="EPOCore" version="5.4">
                        <value>EventAutoID          int         none</value>
                    </extensionVersionIsLessThan>
                </isNotMultiTenant>
                <value>UserName             string      none</value>
                <value>RatingID             enum	    all</value>
                <value>ContentID            enum	    all</value>
                <value>DomainName           string	    all</value>
                <value>ActionID             enum	    all</value>
                <value>ReasonID             enum        all</value>
                <value>ListID               enum        all</value>
                <value>URL                  string	    all</value>
                <!--<value>EventTypeID          enum	    all</value>-->
                <value>ObserverMode         boolean     all</value>
                <value>Count                int         all</value>
                <value>PhishingRatingID     enum	    all</value>
                <value>DownloadRatingID     enum	    all</value>
                <value>SpamRatingID         enum	    all</value>
                <value>PopupRatingID        enum	    all</value>
                <value>BadLinkRatingID      enum	    all</value>
                <value>ExploitRatingID      enum	    all</value>
            </list>
        </property>
        <property name="enums">
            <list>
              <ref bean="enum.WPListID" />
              <ref bean="enum.WPEventType" />
              <ref bean="enum.WPReasonID" />
              <ref bean="enum.WPActionID" />
              <ref bean="enum.WPRatingID" />
              <ref bean="enum.WPPhishingRatingID" />
              <ref bean="enum.WPDownloadRatingID" />
              <ref bean="enum.WPSpamRatingID" />
              <ref bean="enum.WPPopupRatingID" />
              <ref bean="enum.WPBadLinkRatingID" />
              <ref bean="enum.WPExploitRatingID" />
              <ref bean="enum.WPContentID" />
           </list>
        </property>

        <property name="foreignKeys">
            <list>
                <bean class="com.mcafee.orion.core.query.table.ForeignKey">
                    <property name="joinType" value="left"/>
                    <property name="cardinality" value="one-to-one"/>
                    <property name="sourceTable" value="WP_EventInfo"/>
                    <property name="sourceColumns" value="EventAutoID"/>
                    <property name="destinationTable" value="EPOEvents"/>
                    <property name="destinationColumns" value="AutoID"/>
                </bean>
            </list>
        </property>
    </bean>

    <bean id="ENDP_WP_1000.rt.wpClientProperties"
        class="com.mcafee.webControl.core.factory.RegisteredTypeFactory"
        factory-method="createInstance" >
        <property name="name" value="rt.wpClientProperties.name"/>
        <property name="UID" value="wpClientPropertyRegisterType"/>
        <property name="pluginName" value="ENDP_WP_1000"/>
        <property name="description" value="rt.wpClientProperties.description"/>
        <property name="resource" ref="ENDP_WP_1000.resource"/>
    </bean>

    <!--Commented out due to bug 938475 and an e-mail discussion with Nivas of the client team-->
   <!-- <bean id="ENDP_WP_1000.st.wpClientProperties" class="com.mcafee.orion.core.query.SquidTableInfo">
        <property name="tableName"  value="WP_ClientPropertiesView"/>
        <property name="resource" ref="ENDP_WP_1000.resource"/>
        <property name="type" value="join"/> --><!-- &lt;!&ndash; This is what tells SQUID not to show this Table as a top-level query-able target &ndash;&gt;-->
<!--        <property name="registeredTypeUID" value="wpClientPropertyRegisterType"/>
        <property name="displayNameKey" value="wpClientProperties.table.name"/>
        <property name="descriptionKey" value="wpClientProperties.table.desc"/>-->

        <!--&lt;!&ndash;<property name="propertyFormatter">&ndash;&gt;
            &lt;!&ndash;<bean class="com.mcafee.orion.core.ui.DefaultDisplayAdapter">&ndash;&gt;
                &lt;!&ndash;<constructor-arg index="0" value="saeClientProperties.da"/>&ndash;&gt;
                &lt;!&ndash;<constructor-arg index="1" ref="ENDP_WP_1000.resource"/>&ndash;&gt;
            &lt;!&ndash;</bean>&ndash;&gt;
        &lt;!&ndash;</property>&ndash;&gt;-->
     <!--   <property name="propertyFormatter">
            <bean class="com.mcafee.webControl.core.displayAdaptor.ClientPropertiesDA">
                <constructor-arg index="0" value="wpClientProperties.da"/>
                <constructor-arg index="1" ref="ENDP_WP_1000.resource"/>
            </bean>
        </property>
        <property name="uidColumnName" value="ParentID"/>
        <property name="columns">
            <list>
                <value>ParentID             int             none</value>
                <value>LoadableIE           string_enum     all</value>
                <value>LoadableFF           string_enum     all</value>
				<value>LoadableCH           string_enum     all</value>
                <value>UnloadableUserList   string          all</value>
                <value>ProtectionStatus     string_enum     all</value>
            </list>
        </property>
        <property name="enums">
            <list>
                <bean id="enum.LoadableIE" class="com.mcafee.orion.core.query.StaticEnum">
                    <property name="column" value="LoadableIE"/>
                    <property name="items">
                        <map>
                            <entry key="0" value="report.clientProperty.indeterminate"/>
                            <entry key="1" value="report.clientProperty.enabled.false"/>
                            <entry key="2" value="report.clientProperty.enabled.true"/>
                        </map>
                    </property>
                    <property name="resource" ref="ENDP_WP_1000.resource"/>
                </bean>
                <bean id="enum.LoadableFF" class="com.mcafee.orion.core.query.StaticEnum">
                    <property name="column" value="LoadableFF"/>
                    <property name="items">
                        <map>
                            <entry key="0" value="report.clientProperty.indeterminate"/>
                            <entry key="1" value="report.clientProperty.enabled.false"/>
                            <entry key="2" value="report.clientProperty.enabled.true"/>
                        </map>
                    </property>
                    <property name="resource" ref="ENDP_WP_1000.resource"/>
                </bean>
				<bean id="enum.LoadableCH" class="com.mcafee.orion.core.query.StaticEnum">
                    <property name="column" value="LoadableCH"/>
                    <property name="items">
                        <map>
                            <entry key="0" value="report.clientProperty.indeterminate"/>
                            <entry key="1" value="report.clientProperty.enabled.false"/>
                            <entry key="2" value="report.clientProperty.enabled.true"/>
                        </map>
                    </property>
                    <property name="resource" ref="ENDP_WP_1000.resource"/>
                </bean>
                <bean id="enum.ProtectionStatus" class="com.mcafee.orion.core.query.StaticEnum">
                    <property name="column" value="ProtectionStatus"/>
                    <property name="items">
                        <map>
                            <entry key="0" value="report.WPStatus.disabled"/>
                            <entry key="1" value="report.WPStatus.enabled"/>
                        </map>
                    </property>
                    <property name="resource" ref="ENDP_WP_1000.resource"/>
                </bean>
            </list>
        </property>
        <property name="foreignKeys">
        <list>
            <bean class="com.mcafee.orion.core.query.table.ForeignKey">
                <property name="joinType" value="left"/>
                <property name="cardinality" value="one-to-one"/> --> <!-- This is what tells SQUID to add this Table to the sub-tables in the foreign query-able target &ndash;&gt;-->
                <!--<property name="sourceColumns" value="ParentID"/>
                <property name="destinationTable" value="EPOLeafNode"/>
                <property name="destinationColumns" value="AutoID"/>
            </bean>
        </list>
        </property>
    </bean>
-->
    
    <bean id="enum.WPbComplianceStatus" class="com.mcafee.orion.core.query.StaticEnum">
        <property name="column" value="WPbComplianceStatus"/>
        <property name="items">
            <map>
                <entry key="0" value="Properties.Endpoint.WP.ComplianceStatus.0"/>
                <entry key="1" value="Properties.Endpoint.WP.ComplianceStatus.1"/>
            </map>
        </property>
        <property name="resource" ref="ENDP_WP_1000.resource"/>
    </bean>
    <bean id="enum.LicenseStatus" class="com.mcafee.orion.core.query.StaticEnum">
        <property name="column" value="LicenseStatus"/>
        <property name="items">
            <map>
                <entry key="0" value="prodpropValues.clientProperty.licenseState.unlicensed"/>
                <entry key="1" value="prodpropValues.clientProperty.licenseState.licensed"/>
                <!--<entry key="2" value="prodpropValues.clientProperty.licenseState.evaluation"/>
                <entry key="3" value="prodpropValues.clientProperty.licenseState.expired"/>-->
            </map>
        </property>
        <property name="resource" ref="ENDP_WP_1000.resource"/>
    </bean>
    <bean id="enum.Language" class="com.mcafee.orion.core.query.StaticEnum">
        <property name="column" value="Language"/>
        <property name="items">
            <map>
                <entry key="000" value="policy.lang.auto"/>
                <entry key="404" value="policy.lang.zh_TW"/>
                <entry key="804" value="policy.lang.zh_CN"/>
                <entry key="413" value="policy.lang.nl"/>
                <entry key="409" value="policy.lang.en"/>
                <entry key="40C" value="policy.lang.fr"/>
                <entry key="407" value="policy.lang.de"/>
                <entry key="40D" value="policy.lang.iw"/>
                <entry key="410" value="policy.lang.it"/>
                <entry key="411" value="policy.lang.ja"/>
                <entry key="412" value="policy.lang.ko"/>
                <entry key="415" value="policy.lang.pl"/>
                <entry key="416" value="policy.lang.pt_BR"/>
                <entry key="419" value="policy.lang.ru"/>
                <entry key="C0A" value="policy.lang.es"/>
                <entry key="41D" value="policy.lang.sv"/>
            </map>
        </property>
        <property name="resource" ref="ENDP_WP_1000.resource"/>
    </bean>
    <bean id="enum.LoadableIE" class="com.mcafee.orion.core.query.StaticEnum">
        <property name="column" value="LoadableIE"/>
        <property name="items">
            <map>
                <entry key="0" value="report.clientProperty.indeterminate"/>
                <entry key="1" value="report.clientProperty.notLoadable"/>
                <entry key="2" value="report.clientProperty.loadable"/>
            </map>
        </property>
        <property name="resource" ref="ENDP_WP_1000.resource"/>
    </bean>
    <bean id="enum.LoadableFF" class="com.mcafee.orion.core.query.StaticEnum">
        <property name="column" value="LoadableFF"/>
        <property name="items">
            <map>
                <entry key="0" value="report.clientProperty.indeterminate"/>
                <entry key="1" value="report.clientProperty.notLoadable"/>
                <entry key="2" value="report.clientProperty.loadable"/>
            </map>
        </property>
        <property name="resource" ref="ENDP_WP_1000.resource"/>
    </bean>
    <bean id="enum.LoadableCH" class="com.mcafee.orion.core.query.StaticEnum">
        <property name="column" value="LoadableCH"/>
        <property name="items">
            <map>
                <entry key="0" value="report.clientProperty.indeterminate"/>
                <entry key="1" value="report.clientProperty.notLoadable"/>
                <entry key="2" value="report.clientProperty.loadable"/>
            </map>
        </property>
        <property name="resource" ref="ENDP_WP_1000.resource"/>
    </bean>
    <bean id="enum.LoadableSafari" class="com.mcafee.orion.core.query.StaticEnum">
        <property name="column" value="LoadableSafari"/>
        <property name="items">
            <map>
                <entry key="0" value="report.clientProperty.indeterminate"/>
                <entry key="1" value="report.clientProperty.notLoadable"/>
                <entry key="2" value="report.clientProperty.loadable"/>
            </map>
        </property>
        <property name="resource" ref="ENDP_WP_1000.resource"/>
    </bean>
    <bean id="enum.WCStatus" class="com.mcafee.orion.core.query.StaticEnum">
        <property name="column" value="WCStatus"/>
            <property name="items">
                <map>
                    <entry key="0" value="Properties.WCStatus.0"/>
                    <entry key="1" value="Properties.WCStatus.1"/>
                    <entry key="2" value="Properties.WCStatus.2"/>
                    <entry key="3" value="Properties.WCStatus.3"/>
                    <entry key="4" value="Properties.WCStatus.4"/>
                    <entry key="5" value="Properties.WCStatus.5"/>
                    <entry key="6" value="Properties.WCStatus.6"/>
                    <entry key="7" value="Properties.WCStatus.7"/>
                </map>
            </property>
        <property name="resource" ref="ENDP_WP_1000.resource"/>
    </bean>

    <bean id="ENDP_WP_1000.rt.WebProtectionCustomProps" class="com.mcafee.orion.core.ui.RegisteredType">
        <property name="name" value="rt.WebProtectionCustomProps.name"/>
        <property name="description" value="rt.WebProtectionCustomProps.description"/>
        <property name="resource" ref="ENDP_WP_1000.resource"/>
        <property name="UID" value="WebProtectionCustomProps"/>
    </bean>

    <!-- register the custom props table-->
    <bean id="ENDP_WP_1000.customProps.tableinfo" class="com.mcafee.orion.core.query.SquidTableInfo">
        <property name="tableName" value="WP_CustomProps"/>
        <property name="resource" ref="ENDP_WP_1000.resource"/>
        <property name="type" value="target"/>
        <property name="queryTargetGroup" ref="ENDP_GS_1000.query.target.group"/>
        <property name="displayNameKey" value="WebProtectionCustomProps.Name"/>
        <property name="descriptionKey" value="WebProtectionCustomProps.Description"/>
        <property name="registeredTypeUID" value="WebProtectionCustomProps"/>
        <property name="propertyFormatter">
            <bean class="com.mcafee.webControl.reports.EndpointWPPropsDA">
                <constructor-arg index="0" value="ENDP_WP_1000.WPProtectionStatus.da"/>
                <constructor-arg index="1" ref="ENDP_WP_1000.resource"/>
            </bean>
        </property>

        <property name="uidColumnName" value="AutoID"/>
		<isMultiTenant>
			<extensionVersionIsGreaterThanOrEqual extension="console" version="5.9.38.41">
				<property name="allowCustomQueries" value="true"/>
			</extensionVersionIsGreaterThanOrEqual>
		</isMultiTenant>
        <isMultiTenant>
            <property name="permissionUri" value="perm:ENDP_WP_1000_PERM.permission.viewsquidquery"/>
        </isMultiTenant>
        <property name="columns">
            <list>
                <value>AutoID                                   int none</value>
                <value>ParentID                                 int none</value>
                <value>LeafNodeID                               int none</value>
                <value>WPbComplianceStatus                      enum all</value>
                <value>WPComplianceStatus                       string all</value>
                <value>WPAdditionalComplianceStatus             string all</value>
                <value>bWPEnabled                               boolean all</value>
                <value>Hotfixes                                 string all</value>
                <value>Patch                                    string all</value>
                <value>Language                                 string_enum all</value>
                <value>LicenseStatus                            enum all</value>
                <value>LoadableIE                               string_enum all</value>
                <value>LoadableFF                               string_enum all</value>
                <value>LoadableCH                               string_enum all</value>
				        <value>LoadableSafari                           string_enum all</value>
                <value>WCStatus                                 string_enum all</value>
            </list>
        </property>
        <property name="foreignKeys">
            <list>
                <bean class="com.mcafee.orion.core.query.table.ForeignKey">
                    <property name="joinType" value="left"/>
                    <property name="cardinality" value="one-to-one"/>  <!-- IMPORTANT! This is what tells SQUID to add this Table to the sub-tables in the foreign query-able target -->
                    <property name="sourceColumns" value="LeafNodeID"/>
                    <property name="destinationTable" value="EPOLeafNode"/>
                    <property name="destinationColumns" value="AutoID"/>
                </bean>
            </list>
        </property>
        <property name="enums">
            <list>
                <ref bean="enum.WPbComplianceStatus"/>
                <ref bean="enum.LicenseStatus"/>
                <ref bean="enum.Language"/>
                <ref bean="enum.LoadableIE"/>
                <ref bean="enum.LoadableFF"/>
                <ref bean="enum.LoadableCH"/>
                <ref bean="enum.LoadableSafari"/>
                <ref bean="enum.WCStatus"/>
            </list>
        </property>
    </bean>

    <bean id="ENDP_WP_1000.customProps.queryInjector" class="com.mcafee.endpoint.security.NodePermissionsQueryInjector">
        <property name="id" value="ENDP_WP_1000.customProps.queryInjector"/>
        <property name="injectableTables">
            <set>
                <value>WP_CustomProps</value>
            </set>
        </property>
    </bean>

    <!--========================= Rollup Squid ==========================-->
    <isNotMultiTenant>

    <!-- rollup.events registered type -->
    <bean id="ENDP_WP_1000.rt.rollup.events" class="com.mcafee.orion.core.ui.RegisteredType">
        <property name="UID" value="ENDP_WP_1000.rt.rollup.events.id"/>
        <property name="resource" ref="ENDP_WP_1000.resource"/>
        <property name="name" value="rt.rollup.events.name"/>
        <property name="description" value="rt.rollup.events.description"/>
    </bean>

    <!-- rollup.props registered type -->
    <bean id="ENDP_WP_1000.rt.rollup.props" class="com.mcafee.orion.core.ui.RegisteredType">
        <property name="UID" value="ENDP_WP_1000.rt.rollup.props.id"/>
        <property name="resource" ref="ENDP_WP_1000.resource"/>
        <property name="name" value="rt.rollup.props.name"/>
        <property name="description" value="rt.rollup.props.description"/>
    </bean>

    <!-- rollup.events squid table -->
    <bean id="ENDP_WP_1000.squid.rollup.events" class="com.mcafee.orion.core.query.SquidTableInfo">
        <property name="resource" ref="ENDP_WP_1000.resource"/>
        <property name="displayNameKey" value="rollup.events.table.name"/>
        <property name="descriptionKey" value="rollup.events.table.description"/>
        <property name="type" value="rollup"/>
        <property name="registeredTypeUID" value="ENDP_WP_1000.rt.rollup.events.id"/>
        <property name="propertyFormatter">
            <bean class="com.mcafee.webControl.core.displayAdaptor.EventDA">
                <constructor-arg index="0" value="wpEvent.da"/>
                <constructor-arg index="1" ref="ENDP_WP_1000.resource"/>
            </bean>
        </property>

        <property name="tableName" value="ENSRollup_WP_EventInfo"/>
        <property name="uidColumnName" value="EventAutoID"/>
        <property name="columns">
            <list>
                <value>RegSvrId             int       none</value>
                <extensionVersionIsLessThan extension="EPOCore" version="5.4">
                    <value>EventAutoID      int       none</value>
                </extensionVersionIsLessThan>
                <extensionVersionIsGreaterThanOrEqual extension="EPOCore" version="5.4">
                    <value>EventAutoID      long      none</value>
                </extensionVersionIsGreaterThanOrEqual>
                <value>UserName             string    none</value>
                <value>RatingID             enum      all</value>
                <value>ContentID            enum      all</value>
                <value>DomainName           string    all</value>
                <value>ActionID             enum      all</value>
                <value>ReasonID             enum      all</value>
                <value>ListID               enum      all</value>
                <value>URL                  string    all</value>
                <value>Count                int       all</value>
                <value>PhishingRatingID     enum      all</value>
                <value>DownloadRatingID     enum      all</value>
                <value>SpamRatingID         enum      all</value>
                <value>PopupRatingID        enum      all</value>
                <value>BadLinkRatingID      enum      all</value>
                <value>ExploitRatingID      enum      all</value>
            </list>
        </property>
        <property name="foreignKeys">
            <list>
                <!-- OrionRegisteredServers.Id = .RegSvrId -->
                <bean class="com.mcafee.orion.core.query.table.ForeignKey">
                    <property name="joinType" value="left"/>
                    <property name="sourceTable" value="ENSRollup_WP_EventInfo"/>
                    <property name="sourceColumns" value="RegSvrId"/>
                    <property name="destinationTable" value="OrionRegisteredServers"/>
                    <property name="destinationColumns" value="Id"/>
                </bean>

                <!-- EPORollup_Events(RegSvrId, AutoID) = ENSRollup_WP_EventInfo(RegSvrId, EventAutoID) -->
                <bean class="com.mcafee.orion.core.query.table.ForeignKey">
                    <property name="joinType" value="left"/>
                    <property name="cardinality" value="one-to-one"/>
                    <property name="sourceTable" value="ENSRollup_WP_EventInfo"/>
                    <property name="sourceColumns" value="RegSvrId,EventAutoID"/>
                    <property name="destinationTable" value="EPORollup_Events"/>
                    <property name="destinationColumns" value="RegSvrId,AutoID"/>
                </bean>
            </list>
        </property>
        <property name="enums">
            <list>
              <ref bean="enum.WPListID" />
              <ref bean="enum.WPEventType" />
              <ref bean="enum.WPReasonID" />
              <ref bean="enum.WPActionID" />
              <ref bean="enum.WPRatingID" />
              <ref bean="enum.WPPhishingRatingID" />
              <ref bean="enum.WPDownloadRatingID" />
              <ref bean="enum.WPSpamRatingID" />
              <ref bean="enum.WPPopupRatingID" />
              <ref bean="enum.WPBadLinkRatingID" />
              <ref bean="enum.WPExploitRatingID" />
              <ref bean="enum.WPContentID" />
           </list>
        </property>
    </bean>

    <!-- rollup.props squid table -->
    <bean id="ENDP_WP_1000.squid.rollup.props" class="com.mcafee.orion.core.query.SquidTableInfo">
        <property name="resource" ref="ENDP_WP_1000.resource"/>
        <property name="displayNameKey" value="rollup.props.table.name"/>
        <property name="descriptionKey" value="rollup.props.table.description"/>
        <property name="type" value="rollup"/>
        <property name="registeredTypeUID" value="ENDP_WP_1000.rt.rollup.props.id"/>
        <property name="propertyFormatter">
            <bean class="com.mcafee.webControl.reports.EndpointWPPropsDA">
                <constructor-arg index="0" value="ENDP_WP_1000.WPProtectionStatus.da"/>
                <constructor-arg index="1" ref="ENDP_WP_1000.resource"/>
            </bean>
        </property>

        <property name="tableName" value="ENSRollup_WP_CustomProps"/>
        <property name="uidColumnName" value="AutoID"/>
        <property name="columns">
            <list>
                <value>RegSvrId                     int none</value>
                <value>AutoID                       int none</value>
                <value>ParentID                     int none</value>
                <value>Hotfixes                     string all</value>
                <value>Patch                        string all</value>
                <value>LicenseStatus                enum all</value>
                <value>Language                     string_enum all</value>
                <value>WCStatus                     string_enum all</value>
                <value>bWPEnabled                   boolean all</value>
                <value>WPbComplianceStatus          enum all</value>
                <value>WPComplianceStatus           string all</value>
                <value>WPAdditionalComplianceStatus string all</value>
                <value>LoadableIE                   string_enum all</value>
                <value>LoadableFF                   string_enum all</value>
                <value>LoadableCH                   string_enum all</value>
                <value>LoadableSafari               string_enum all</value>
            </list>
        </property>
        <property name="foreignKeys">
            <list>
                <!-- OrionRegisteredServers.Id = ENSRollup_WP_CustomProps.RegSvrId -->
                <bean class="com.mcafee.orion.core.query.table.ForeignKey">
                    <property name="joinType" value="left"/>
                    <property name="sourceTable" value="ENSRollup_WP_CustomProps"/>
                    <property name="sourceColumns" value="RegSvrId"/>
                    <property name="destinationTable" value="OrionRegisteredServers"/>
                    <property name="destinationColumns" value="Id"/>
                </bean>

                <!-- EPORollup_ProductProperties(ServerId, ExternalId) = ENSRollup_WP_CustomProps(RegSvrId, ParentID) -->
                <bean class="com.mcafee.orion.core.query.table.ForeignKey">
                    <property name="joinType" value="left"/>
                    <property name="cardinality" value="one-to-one"/>
                    <property name="sourceTable" value="ENSRollup_WP_CustomProps"/>
                    <property name="sourceColumns" value="RegSvrId,ParentID"/>
                    <property name="destinationTable" value="EPORollup_ProductPropertiesWEBCONTROL"/>
                    <property name="destinationColumns" value="ServerId,ExternalId"/>
                </bean>
            </list>
        </property>
        <property name="enums">
            <list>
                <ref bean="enum.WPbComplianceStatus"/>
                <ref bean="enum.LicenseStatus"/>
                <ref bean="enum.Language"/>
                <ref bean="enum.LoadableIE"/>
                <ref bean="enum.LoadableFF"/>
                <ref bean="enum.LoadableCH"/>
                <ref bean="enum.LoadableSafari"/>
                <ref bean="enum.WCStatus"/>
            </list>
        </property>
    </bean>
    </isNotMultiTenant>

</beans>
