<?xml version="1.0" encoding="UTF-8"?>
<!--
  ~ Copyright (C) 2014, McAfee, Inc.  All Rights Reserved.
  -->

<beans xmlns="http://www.springframework.org/schema/beans"
       xmlns:xsi="http://www.w3.org/2001/XMLSchema-instance"
       xsi:schemaLocation="http://www.springframework.org/schema/beans http://www.springframework.org/schema/beans/spring-beans-2.0.xsd">

    <bean id="ENDP_FW_META.xstreamFactory" class="com.mcafee.endp.fw.catalog.support.XStreamFactory">
        <property name="types">
            <!-- Each type named here will be scanned for XStream annotations. -->
            <list>
                <value type="java.lang.Class">com.mcafee.endp.fw.catalog.model.DataObjectImpl</value>
                <value type="java.lang.Class">com.mcafee.endp.fw.catalog.model.Application</value>
                <value type="java.lang.Class">com.mcafee.endp.fw.catalog.model.Executable</value>
                <value type="java.lang.Class">com.mcafee.endp.fw.catalog.model.Group</value>
                <value type="java.lang.Class">com.mcafee.endp.fw.catalog.model.Location</value>
                <value type="java.lang.Class">com.mcafee.endp.fw.catalog.model.NamedNetwork</value>
                <value type="java.lang.Class">com.mcafee.endp.fw.catalog.model.Rule</value>
                <value type="java.lang.Class">com.mcafee.endp.fw.type.IntegerRange</value>
                <value type="java.lang.Class">com.mcafee.endp.fw.type.IntegerRangeSet</value>
                <value type="java.lang.Class">com.mcafee.endp.fw.type.Schedule</value>
                <value type="java.lang.Class">com.mcafee.endp.fw.type.Schedule$Time</value>
                <value type="java.lang.Class">com.mcafee.endp.fw.catalog.model.ServiceName</value>
                <value type="java.lang.Class">com.mcafee.endp.fw.catalog.model.IpAddress</value>
				<value type="java.lang.Class">com.mcafee.endp.fw.catalog.model.DependencyNode</value>
                <value type="java.lang.Class">com.mcafee.endp.fw.catalog.model.filter.DataObjectFilter</value>
				<value type="java.lang.Class">com.mcafee.endp.fw.catalog.model.filter.ExecutableFilter</value>
				<value type="java.lang.Class">com.mcafee.endp.fw.catalog.model.filter.ApplicationFilter</value>
				<value type="java.lang.Class">com.mcafee.endp.fw.catalog.model.filter.LocationFilter</value>
				<value type="java.lang.Class">com.mcafee.endp.fw.catalog.model.filter.NamedNetworkFilter</value>
				<value type="java.lang.Class">com.mcafee.endp.fw.catalog.model.filter.RuleFilter</value>
				<value type="java.lang.Class">com.mcafee.endp.fw.catalog.model.filter.GroupFilter</value>
				<value type="java.lang.Class">com.mcafee.endp.fw.catalog.model.filter.ServiceNameFilter</value>
				<value type="java.lang.Class">com.mcafee.endp.fw.propertytranslator.FCClientRule</value>
				<value type="java.lang.Class">com.mcafee.endp.fw.propertytranslator.Match</value>
                <value type="java.lang.Class">com.mcafee.endp.fw.catalog.model.filter.ClientRuleFilter</value>
                <value type="java.lang.Class">com.mcafee.endp.fw.catalog.model.LeafNodeRule</value>
				<value type="java.lang.Class">com.mcafee.endp.fw.catalog.support.PrunableCollectionConverter$PrunedMarker</value>
				<value type="java.lang.Class">com.mcafee.endp.fw.policies.fw.dnsblocking.DnsBlockingPolicy</value>
			</list>
        </property>
    </bean>

	<bean id="ENDP_FW_META.scor.xstreamFactory" class="com.mcafee.endp.fw.catalog.support.XStreamFactory">
        <property name="types">
            <!-- Each type named here will be scanned for XStream annotations. -->
            <list>
                <value type="java.lang.Class">com.mcafee.endp.fw.solidcore.vo.SolidcoreDataVO</value>
                <value type="java.lang.Class">com.mcafee.endp.fw.solidcore.vo.EnterceptEventVO</value>
                <value type="java.lang.Class">com.mcafee.endp.fw.solidcore.vo.ApplicationVO</value>
                <value type="java.lang.Class">com.mcafee.endp.fw.solidcore.vo.ExecutableVO</value>
			</list>
        </property>
    </bean>


    <!-- And here are our xml and json XStream prototypes, just waiting to be injected -->
    <bean id="ENDP_FW_META.xmlXStream" factory-bean="ENDP_FW_META.xstreamFactory" factory-method="getXmlXStream" scope="prototype"/>
    <bean id="ENDP_FW_META.jsonXStream" factory-bean="ENDP_FW_META.xstreamFactory" factory-method="getJsonXStream" scope="prototype"/>
    <bean id="ENDP_FW_META.prunedJsonXStream" factory-bean="ENDP_FW_META.xstreamFactory" factory-method="getPrunedJsonXStream" scope="prototype"/>

	<bean id="ENDP_FW_META.xStreamSerializer" class="com.mcafee.endp.fw.catalog.support.XStreamSerializer" scope="prototype">
		<property name="jsonXStream" ref="ENDP_FW_META.jsonXStream" />
		<property name="prunedJsonXStream" ref="ENDP_FW_META.prunedJsonXStream" />
		<property name="xmlXStream" ref="ENDP_FW_META.xmlXStream" />
	</bean>

	<bean id="ENDP_FW_META.hibernateXStreamSerializer" class="com.mcafee.endp.fw.catalog.support.HibernateXStreamSerializer" scope="prototype">
		<property name="jsonXStream" ref="ENDP_FW_META.jsonXStream" />
		<property name="prunedJsonXStream" ref="ENDP_FW_META.prunedJsonXStream" />
		<property name="xmlXStream" ref="ENDP_FW_META.xmlXStream" />
		<property name="dao" ref="ENDP_FW_META.dao.application" />
	</bean>

    <!-- Service layer beans for the firewall catalog -->

	<bean	id="ENDP_FW_META.catalog.policysettings.service"
			class="com.mcafee.endp.fw.catalog.service.PolicySettingsService">
		<property name="policyObjectService" ref="epo.policyObjectService"/>
	</bean>

	<bean id="ENDP_FW_META_PERM.catalog.service.template" abstract="true" class="com.mcafee.endp.fw.catalog.service.CatalogDBService">
		<property name="auditLogWriter" ref="core.audit"/>
		<property name="resource" ref="ENDP_FW_META.resource"/>
		<property name="database" ref="core.db"/>
        <property name="policyObjectService" ref="epo.policyObjectService"/>
        <property name="localeService"  ref="core.locale.service" />

		<property name="XStreamSerializer" ref="ENDP_FW_META.hibernateXStreamSerializer" />
		<property name="serviceMapper" ref="ENDP_FW_META_PERM.catalog.service.mapper" />
		<property name="fwPolicyTypeService" ref="ENDP_FW_META.fwPolicyTypeService"/>
		<property name="policySettingsService" ref="ENDP_FW_META.catalog.policysettings.service"/>
	</bean>

	<bean id="ENDP_FW_META.fwPolicyTypeService" class="com.mcafee.endp.fw.policytools.FWPolicyTypeService">
		<property name="policyTypeService" ref="epo.policyTypeService"/>
	</bean>

	<bean id="ENDP_FW_META_PERM.catalog.application.service"
           class="com.mcafee.endp.fw.catalog.service.ApplicationCatalogDBServiceImpl" parent="ENDP_FW_META_PERM.catalog.service.template">
		<property name="exesrv"  ref="ENDP_FW_META_PERM.catalog.executable.service"/>
        <property name="applicationdao" ref="ENDP_FW_META.dao.application"/>
		<property name="ruledao" ref="ENDP_FW_META.dao.rule"/>
	</bean>

    <bean id="ENDP_FW_META_PERM.catalog.executable.service"
          class="com.mcafee.endp.fw.catalog.service.ExecutableCatalogDBServiceImpl" parent="ENDP_FW_META_PERM.catalog.service.template">
        <property name="exedao" ref="ENDP_FW_META.dao.executable"/>
        <property name="appdao" ref="ENDP_FW_META.dao.application"/>
    </bean>

    <bean id="ENDP_FW_META_PERM.catalog.group.service"
          class="com.mcafee.endp.fw.catalog.service.GroupCatalogDBServiceImpl" parent="ENDP_FW_META_PERM.catalog.service.template">
        <property name="groupdao" ref="ENDP_FW_META.dao.group"/>
        <property name="ruleDao" ref="ENDP_FW_META.dao.rule"/>
    </bean>

    <bean id="ENDP_FW_META_PERM.catalog.location.service"
          class="com.mcafee.endp.fw.catalog.service.LocationCatalogDBServiceImpl" parent="ENDP_FW_META_PERM.catalog.service.template">
        <property name="locationdao" ref="ENDP_FW_META.dao.location"/>
        <property name="ruledao" ref="ENDP_FW_META.dao.rule"/>
    </bean>

    <bean id="ENDP_FW_META_PERM.catalog.namedNetwork.service"
          class="com.mcafee.endp.fw.catalog.service.NamedNetworkCatalogDBServiceImpl" parent="ENDP_FW_META_PERM.catalog.service.template">
        <property name="namednetworkdao" ref="ENDP_FW_META.dao.namedNetwork"/>
        <property name="ruledao" ref="ENDP_FW_META.dao.rule"/>
    </bean>

    <bean id="ENDP_FW_META_PERM.catalog.serviceName.service"
          class="com.mcafee.endp.fw.catalog.service.ServiceCatalogDBServiceImpl" parent="ENDP_FW_META_PERM.catalog.service.template">
        <property name="servicedao" ref="ENDP_FW_META.dao.serviceName"/>
    </bean>

    <bean id="ENDP_FW_META_PERM.catalog.fcfwpolicy.service"
          class="com.mcafee.endp.fw.catalog.service.FCFWPolicyServiceImpl" parent="ENDP_FW_META_PERM.catalog.service.template">
        <property name="appsrv" ref="ENDP_FW_META_PERM.catalog.application.service"/>
        <property name="exesrv" ref="ENDP_FW_META_PERM.catalog.executable.service"/>
        <property name="nnsrv" ref="ENDP_FW_META_PERM.catalog.namedNetwork.service"/>
        <property name="locsrv" ref="ENDP_FW_META_PERM.catalog.location.service"/>
        <property name="rulesrv" ref="ENDP_FW_META_PERM.catalog.rule.service"/>
        <property name="grpsrv" ref="ENDP_FW_META_PERM.catalog.group.service"/>
        <property name="servicesrv" ref="ENDP_FW_META_PERM.catalog.serviceName.service"/>
    </bean>

    <bean id="ENDP_FW_META_PERM.catalog.rule.service"
          class="com.mcafee.endp.fw.catalog.service.RuleCatalogDBServiceImpl" parent="ENDP_FW_META_PERM.catalog.service.template">
        <property name="applicationsrv" ref="ENDP_FW_META_PERM.catalog.application.service"/>
        <property name="namednetworksrv" ref="ENDP_FW_META_PERM.catalog.namedNetwork.service" />
        <property name="ruledao" ref="ENDP_FW_META.dao.rule"/>
        <property name="groupDAO" ref="ENDP_FW_META.dao.group"/>
        <property name="policyObjectService" ref="epo.policyObjectService"/>
    </bean>

    <bean id="ENDP_FW_META_PERM.catalog.client.rule.service"
          class="com.mcafee.endp.fw.catalog.service.RuleCatalogDBServiceImpl" parent="ENDP_FW_META_PERM.catalog.service.template">
        <property name="applicationsrv" ref="ENDP_FW_META_PERM.catalog.application.service"/>
        <property name="namednetworksrv" ref="ENDP_FW_META_PERM.catalog.namedNetwork.service" />
        <property name="ruledao" ref="ENDP_FW_META.dao.rule"/>
        <property name="groupDAO" ref="ENDP_FW_META.dao.group"/>
        <property name="policyObjectService" ref="epo.policyObjectService"/>
    </bean>


    <!-- This bean collects all the service beans, and allows them to be looked up by type. -->
	<bean id="ENDP_FW_META_PERM.catalog.service.mapper" class="com.mcafee.endp.fw.catalog.service.ServiceMapper">
		<property name="serviceList">
			<list>
				<ref bean="ENDP_FW_META_PERM.catalog.application.service" />
				<ref bean="ENDP_FW_META_PERM.catalog.executable.service" />
				<ref bean="ENDP_FW_META_PERM.catalog.rule.service" />
				<ref bean="ENDP_FW_META_PERM.catalog.group.service" />
				<ref bean="ENDP_FW_META_PERM.catalog.location.service" />
				<ref bean="ENDP_FW_META_PERM.catalog.namedNetwork.service" />
				<ref bean="ENDP_FW_META_PERM.catalog.serviceName.service" />
				<ref bean="ENDP_FW_META_PERM.catalog.fcfwpolicy.service" />
			</list>
		</property>
	</bean>

	<!-- Our action beans. -->
	<bean id="ENDP_FW_META.tab.firewallCatalog" class="com.mcafee.orion.core.ui.Tab">
        <property name="sectionId" value="PolicyMgmt"/>
		<property name="image" value="/ENDP_FW_META/images/HipsCatalog.png"/>
        <property name="resource" ref="ENDP_FW_META.resource"/>
        <property name="id" value="FW_FirewallCatalog"/>
        <property name="order" value="10000"/>
        <property name="URL" value="/ENDP_FW_META/FirewallCatalog.do"/>
        <property name="context" value="/ENDP_FW_META"/>
        <property name="text" value="FirewallCatalog.TabTitle"/>
        <property name="permission" ref="ENDP_FW_META_PERM.catalog.viewCatalog"/>
     </bean>

	<bean id="ENDP_FW_META.actions.catalog.select" class="com.mcafee.endp.fw.catalog.controller.CatalogTypeSelectAction" scope="prototype">
		<property name="resource" ref="ENDP_FW_META.resource" />
		<property name="typeActions">
			<list>
				<ref bean="ENDP_FW_META.actions.catalog.group" />
				<ref bean="ENDP_FW_META.actions.catalog.rule" />
				<ref bean="ENDP_FW_META.actions.catalog.application" />
				<ref bean="ENDP_FW_META.actions.catalog.executable" />
				<ref bean="ENDP_FW_META.actions.catalog.namedNetwork" />
				<ref bean="ENDP_FW_META.actions.catalog.location" />
			</list>
		</property>
        <property name="localeService" ref="core.locale.service" />
	</bean>

	<bean id="ENDP_FW_META.actions.catalog.target.template"
		  class="com.mcafee.endp.fw.catalog.controller.TypeActionImpl"
		  abstract="true">
		<property name="serviceMapper" ref="ENDP_FW_META_PERM.catalog.service.mapper" />
		<property name="preferenceService" ref="core.preferenceService" />
	</bean>

	<bean id="ENDP_FW_META.actions.catalog.group.edit" class="com.mcafee.endp.fw.policies.fw.firecorerules.FirecoreCatalogRuleActions" scope="prototype" parent="ENDP_FW_META.actions.fw.fireCoreRules">
	</bean>

	<bean id="ENDP_FW_META.actions.fw.fireCoreRules" class="com.mcafee.endp.fw.policies.fw.firecorerules.FirecoreRuleActions" scope="prototype">
        <property name="policyObjectService" ref="epo.policyObjectService"/>
        <property name="policyTypeService" ref="epo.policyTypeService"/>
		<property name="serviceMapper" ref="ENDP_FW_META_PERM.catalog.service.mapper" />
		<property name="preferenceService" ref="core.preferenceService" />
        <property name="localeService" ref="core.locale.service"/>
		<property name="resource" ref="ENDP_FW_META.resource" />
	</bean>

    <bean id="ENDP_FW_META.core.nameDecorator" class="com.mcafee.endp.fw.core.NameDecorator" abstract="true">
        <property name="resource" ref="ENDP_FW_META.resource" />
        <property name="localeService" ref="core.locale.service" />
    </bean>

    <bean id="ENDP_FW_META_PERM.catalog.group.nameDecorator" class="com.mcafee.endp.fw.catalog.support.CatalogNameDecorator" parent="ENDP_FW_META.core.nameDecorator">
        <property name="service" ref="ENDP_FW_META_PERM.catalog.group.service" />
    </bean>

    <bean id="ENDP_FW_META.actions.catalog.group" class="com.mcafee.endp.fw.catalog.controller.GroupAction"
		  scope="prototype" parent="ENDP_FW_META.actions.catalog.target.template">
		<property name="service" ref="ENDP_FW_META_PERM.catalog.group.service" />
		<property name="nameDecorator" ref="ENDP_FW_META_PERM.catalog.group.nameDecorator" />
		<property name="selectMap">
			<map>
				<entry key="transportProtocolOptions" value-ref="ENDP_FW_META.enum.IPProtocol" />
			</map>
		</property>
        <property name="localeService" ref="core.locale.service"/>
    </bean>

	<bean id="ENDP_FW_META_PERM.catalog.rule.nameDecorator" class="com.mcafee.endp.fw.catalog.support.CatalogNameDecorator" parent="ENDP_FW_META.core.nameDecorator">
		<property name="service" ref="ENDP_FW_META_PERM.catalog.rule.service" />
    </bean>

	<bean id="ENDP_FW_META.actions.catalog.rule" class="com.mcafee.endp.fw.catalog.controller.RuleAction"
		  scope="prototype" parent="ENDP_FW_META.actions.catalog.target.template">
		<property name="service" ref="ENDP_FW_META_PERM.catalog.rule.service" />
		<property name="nameDecorator" ref="ENDP_FW_META_PERM.catalog.rule.nameDecorator" />
		<property name="selectMap">
			<map>
				<entry key="transportProtocolOptions" value-ref="ENDP_FW_META.enum.IPProtocol" />
			</map>
		</property>
        <property name="localeService" ref="core.locale.service"/>
    </bean>

	<bean id="ENDP_FW_META_PERM.catalog.application.nameDecorator" class="com.mcafee.endp.fw.catalog.support.CatalogNameDecorator" parent="ENDP_FW_META.core.nameDecorator">
		<property name="service" ref="ENDP_FW_META_PERM.catalog.application.service" />
    </bean>

	<bean id="ENDP_FW_META.actions.catalog.application" class="com.mcafee.endp.fw.catalog.controller.ApplicationAction"
		  scope="prototype" parent="ENDP_FW_META.actions.catalog.target.template">
		<property name="service" ref="ENDP_FW_META_PERM.catalog.application.service" />
		<property name="nameDecorator" ref="ENDP_FW_META_PERM.catalog.application.nameDecorator" />
		<property name="resource" ref="ENDP_FW_META.resource" />
		<property name="executableNameDecorator" ref="ENDP_FW_META_PERM.catalog.executable.nameDecorator" />
        <property name="localeService" ref="core.locale.service"/>
	</bean>

	<bean id="ENDP_FW_META.actions.fwWizard.application" class="com.mcafee.endp.fw.catalog.controller.WizardApplicationAction"
		  scope="prototype" parent="ENDP_FW_META.actions.catalog.target.template">
		<property name="service" ref="ENDP_FW_META_PERM.catalog.application.service" />
		<property name="nameDecorator" ref="ENDP_FW_META_PERM.catalog.application.nameDecorator" />
		<property name="resource" ref="ENDP_FW_META.resource" />
		<property name="executableNameDecorator" ref="ENDP_FW_META_PERM.catalog.executable.nameDecorator" />
        <property name="localeService" ref="core.locale.service"/>
    </bean>

	<bean id="ENDP_FW_META_PERM.catalog.executable.nameDecorator" class="com.mcafee.endp.fw.catalog.support.CatalogNameDecorator" parent="ENDP_FW_META.core.nameDecorator">
		<property name="service" ref="ENDP_FW_META_PERM.catalog.executable.service" />
    </bean>

	<bean id="ENDP_FW_META.actions.catalog.executable" class="com.mcafee.endp.fw.catalog.controller.ExecutableAction"
		  scope="prototype" parent="ENDP_FW_META.actions.catalog.target.template">
		<property name="service" ref="ENDP_FW_META_PERM.catalog.executable.service" />
		<property name="nameDecorator" ref="ENDP_FW_META_PERM.catalog.executable.nameDecorator" />
		<property name="signerNameServ" ref="ENDP_FW_META_PERM.catalog.signerName.service" />
        <property name="localeService" ref="core.locale.service"/>
    </bean>

	<bean id="ENDP_FW_META_PERM.catalog.signerName.service" class="com.mcafee.endp.fw.catalog.service.SignerNameService">
	</bean>

	<bean id="ENDP_FW_META_PERM.catalog.namedNetwork.nameDecorator" class="com.mcafee.endp.fw.catalog.support.CatalogNameDecorator" parent="ENDP_FW_META.core.nameDecorator">
		<property name="service" ref="ENDP_FW_META_PERM.catalog.namedNetwork.service" />
    </bean>

	<bean id="ENDP_FW_META.actions.catalog.namedNetwork" class="com.mcafee.endp.fw.catalog.controller.NamedNetworkAction"
		  scope="prototype" parent="ENDP_FW_META.actions.catalog.target.template">
		<property name="service" ref="ENDP_FW_META_PERM.catalog.namedNetwork.service" />
		<property name="nameDecorator" ref="ENDP_FW_META_PERM.catalog.namedNetwork.nameDecorator" />
        <property name="localeService" ref="core.locale.service"/>
    </bean>

	<bean id="ENDP_FW_META_PERM.catalog.location.nameDecorator" class="com.mcafee.endp.fw.catalog.support.CatalogNameDecorator" parent="ENDP_FW_META.core.nameDecorator">
		<property name="service" ref="ENDP_FW_META_PERM.catalog.location.service" />
    </bean>

	<bean id="ENDP_FW_META.actions.catalog.location" class="com.mcafee.endp.fw.catalog.controller.LocationAction"
		  scope="prototype" parent="ENDP_FW_META.actions.catalog.target.template">
		<property name="service" ref="ENDP_FW_META_PERM.catalog.location.service" />
		<property name="nameDecorator" ref="ENDP_FW_META_PERM.catalog.location.nameDecorator" />
        <property name="localeService" ref="core.locale.service"/>
    </bean>

	<bean id="ENDP_FW_META_PERM.catalog.serviceName.nameDecorator" class="com.mcafee.endp.fw.catalog.support.CatalogNameDecorator" parent="ENDP_FW_META.core.nameDecorator">
		<property name="service" ref="ENDP_FW_META_PERM.catalog.serviceName.service" />
    </bean>

	<bean id="ENDP_FW_META.actions.catalog.serviceName" class="com.mcafee.endp.fw.catalog.controller.ServiceNameAction"
		  scope="prototype" parent="ENDP_FW_META.actions.catalog.target.template">
		<property name="service" ref="ENDP_FW_META_PERM.catalog.serviceName.service" />
		<property name="nameDecorator" ref="ENDP_FW_META_PERM.catalog.serviceName.nameDecorator" />
        <property name="localeService" ref="core.locale.service"/>
    </bean>

	<!-- Controller bean that allows the user to select an object from the catalog. -->
	<bean id="ENDP_FW_META.actions.catalog.selectFromCatalog" class="com.mcafee.endp.fw.catalog.controller.SelectionAction" scope="prototype">
		<property name="serviceMap">
			<map>
				<entry key="com.mcafee.endp.fw.catalog.model.Application" value-ref="ENDP_FW_META_PERM.catalog.application.service"/>
				<entry key="com.mcafee.endp.fw.catalog.model.Executable" value-ref="ENDP_FW_META_PERM.catalog.executable.service"/>
				<entry key="com.mcafee.endp.fw.catalog.model.NamedNetwork" value-ref="ENDP_FW_META_PERM.catalog.namedNetwork.service"/>
				<entry key="com.mcafee.endp.fw.catalog.model.Location" value-ref="ENDP_FW_META_PERM.catalog.location.service"/>
				<entry key="com.mcafee.endp.fw.catalog.model.Rule" value-ref="ENDP_FW_META_PERM.catalog.rule.service"/>
				<entry key="com.mcafee.endp.fw.catalog.model.Group" value-ref="ENDP_FW_META_PERM.catalog.group.service"/>
			</map>
		</property>
		<property name="resource" ref="ENDP_FW_META.resource"/>
		<property name="localeService" ref="core.locale.service"/>
	</bean>


	<!-- Catalog Item DAO: Executable -->
	<bean id="ENDP_FW_META.dao.executable" class="com.mcafee.endp.fw.catalog.dao.ExecutableDAO" scope="prototype"></bean>

	<!-- Catalog Item DAO: Application -->
	<bean id="ENDP_FW_META.dao.application" class="com.mcafee.endp.fw.catalog.dao.ApplicationDAO" scope="prototype">
		<property name="executableDAO" ref="ENDP_FW_META.dao.executable"/>
	</bean>

	<!-- Catalog Item DAO: Named Network -->
	<bean id="ENDP_FW_META.dao.namedNetwork" class="com.mcafee.endp.fw.catalog.dao.NamedNetworkDAO" scope="prototype"></bean>

	<!-- Catalog Item DAO: Local Network -->
	<bean id="ENDP_FW_META.dao.localNetwork" class="com.mcafee.endp.fw.catalog.dao.NamedNetworkLocalDAO" scope="prototype"></bean>

	<!-- Catalog Item DAO: Remote Network -->
	<bean id="ENDP_FW_META.dao.remoteNetwork" class="com.mcafee.endp.fw.catalog.dao.NamedNetworkRemoteDAO" scope="prototype"></bean>

	<!-- Catalog Item DAO: Rule -->
	<bean id="ENDP_FW_META.dao.rule" class="com.mcafee.endp.fw.catalog.dao.RuleDAO" scope="prototype">
		<property name="applicationDAO" ref="ENDP_FW_META.dao.application"/>
		<property name="networkLocalDAO" ref="ENDP_FW_META.dao.localNetwork"/>
        <property name="networkRemoteDAO" ref="ENDP_FW_META.dao.remoteNetwork"/>
        <property name="locationDAO" ref="ENDP_FW_META.dao.location"/>
    </bean>

	<!-- Catalog Item DAO: Group -->
	<bean id="ENDP_FW_META.dao.group" class="com.mcafee.endp.fw.catalog.dao.GroupDAO" scope="prototype">
		<property name="ruleDAO" ref="ENDP_FW_META.dao.rule"/>
	</bean>

	<!-- Catalog Item DAO: Rule -->
	<bean id="ENDP_FW_META.dao.leafNodeRule" class="com.mcafee.endp.fw.catalog.dao.LeafNodeRuleDAO" scope="prototype">
		<property name="applicationDAO" ref="ENDP_FW_META.dao.application"/>
		<property name="networkLocalDAO" ref="ENDP_FW_META.dao.localNetwork"/>
		<property name="networkRemoteDAO" ref="ENDP_FW_META.dao.remoteNetwork"/>
        <property name="locationDAO" ref="ENDP_FW_META.dao.location"/>
    </bean>

	<!-- Catalog Item DAO: Service Name -->
	<bean id="ENDP_FW_META.dao.serviceName" class="com.mcafee.endp.fw.catalog.dao.ServiceNameDAO" scope="prototype"></bean>

	<!-- Catalog Item DAO: Location -->
	<bean id="ENDP_FW_META.dao.location" class="com.mcafee.endp.fw.catalog.dao.LocationDAO" scope="prototype"></bean>

</beans>
		