<?xml version="1.0" encoding="UTF-8"?>
<!--
  ~ Copyright (C) 2014, McAfee, Inc.  All Rights Reserved.
  -->

<beans xmlns="http://www.springframework.org/schema/beans"
       xmlns:xsi="http://www.w3.org/2001/XMLSchema-instance"
       xsi:schemaLocation="http://www.springframework.org/schema/beans http://www.springframework.org/schema/beans/spring-beans-2.0.xsd">

	<!-- Computer properties helper bean -->
	<bean id="ENDP_FW_META.computerPropertiesHelper" class="com.mcafee.endp.fw.clientrules.EPOComputerPropertiesHelper">
		<property name="computerPropertiesTable" ref="ComputerMgmt.squid.ComputerProperties"/>
	</bean>

	<!-- FW client rules helper bean -->
	<bean id="ENDP_FW_META.fwClientRulesHelper" class="com.mcafee.endp.fw.clientrules.FWClientRulesHelper">
		<property name="fwClientRulesTable" ref="ENDP_FW_META.FWClientRules"/>
	</bean>


	<bean id="ENDP_FW_META.enum.Reaction" class="com.mcafee.orion.core.query.StaticEnum">
		<property name="column" value="Reaction"/>
		<property name="items">
			<map>
				<entry key="1" value="FWRule.actionBlock"/>
				<entry key="2" value="FWRule.actionAllow"/>
			</map>
		</property>
		<property name="resource" ref="ENDP_FW_META.resource"/>
	</bean>

	<bean id="ENDP_FW_META.enum.EffectiveReaction" class="com.mcafee.orion.core.query.StaticEnum">
		<property name="column" value="EffectiveReaction"/>
		<property name="items">
			<map>
				<entry key="1" value="FWRule.actionBlock"/>
				<entry key="2" value="FWRule.actionAllow"/>
			</map>
		</property>
		<property name="resource" ref="ENDP_FW_META.resource"/>
	</bean>

	<bean id="ENDP_FW_META.enum.Direction" class="com.mcafee.orion.core.query.StaticEnum">
		<property name="column" value="Direction"/>
		<property name="items">
			<map>
				<entry key="3" value="FWRule.dirEither"/>
				<entry key="1" value="FWRule.dirIn"/>
				<entry key="2" value="FWRule.dirOut"/>
			</map>
		</property>
		<property name="resource" ref="ENDP_FW_META.resource"/>
	</bean>

	<bean id="ENDP_FW_META.enum.IPProtocol" class="com.mcafee.orion.core.query.StaticEnum">
		<property name="column" value="IPProtocol"/>
		<property name="items">
			<map>
				<entry key="1" value="FWClientRule.transMap.1"/>
				<entry key="2" value="FWClientRule.transMap.2"/>
				<entry key="3" value="FWClientRule.transMap.3"/>
				<entry key="4" value="FWClientRule.transMap.4"/>
				<entry key="5" value="FWClientRule.transMap.5"/>
				<entry key="6" value="FWClientRule.transMap.6"/>
				<entry key="7" value="FWClientRule.transMap.7"/>
				<entry key="8" value="FWClientRule.transMap.8"/>
				<entry key="9" value="FWClientRule.transMap.9"/>
				<entry key="10" value="FWClientRule.transMap.10"/>
				<entry key="11" value="FWClientRule.transMap.11"/>
				<entry key="12" value="FWClientRule.transMap.12"/>
				<entry key="13" value="FWClientRule.transMap.13"/>
				<entry key="14" value="FWClientRule.transMap.14"/>
				<entry key="15" value="FWClientRule.transMap.15"/>
				<entry key="16" value="FWClientRule.transMap.16"/>
				<entry key="17" value="FWClientRule.transMap.17"/>
				<entry key="18" value="FWClientRule.transMap.18"/>
				<entry key="19" value="FWClientRule.transMap.19"/>
				<entry key="20" value="FWClientRule.transMap.20"/>
				<entry key="21" value="FWClientRule.transMap.21"/>
				<entry key="22" value="FWClientRule.transMap.22"/>
				<entry key="23" value="FWClientRule.transMap.23"/>
				<entry key="24" value="FWClientRule.transMap.24"/>
				<entry key="25" value="FWClientRule.transMap.25"/>
				<entry key="26" value="FWClientRule.transMap.26"/>
				<entry key="27" value="FWClientRule.transMap.27"/>
				<entry key="28" value="FWClientRule.transMap.28"/>
				<entry key="29" value="FWClientRule.transMap.29"/>
				<entry key="30" value="FWClientRule.transMap.30"/>
				<entry key="31" value="FWClientRule.transMap.31"/>
				<entry key="32" value="FWClientRule.transMap.32"/>
				<entry key="33" value="FWClientRule.transMap.33"/>
				<entry key="34" value="FWClientRule.transMap.34"/>
				<entry key="35" value="FWClientRule.transMap.35"/>
				<entry key="36" value="FWClientRule.transMap.36"/>
				<entry key="37" value="FWClientRule.transMap.37"/>
				<entry key="38" value="FWClientRule.transMap.38"/>
				<entry key="39" value="FWClientRule.transMap.39"/>
				<entry key="40" value="FWClientRule.transMap.40"/>
				<entry key="41" value="FWClientRule.transMap.41"/>
				<entry key="42" value="FWClientRule.transMap.42"/>
				<entry key="45" value="FWClientRule.transMap.45"/>
				<entry key="46" value="FWClientRule.transMap.46"/>
				<entry key="47" value="FWClientRule.transMap.47"/>
				<entry key="48" value="FWClientRule.transMap.48"/>
				<entry key="49" value="FWClientRule.transMap.49"/>
				<entry key="50" value="FWClientRule.transMap.50"/>
				<entry key="51" value="FWClientRule.transMap.51"/>
				<entry key="52" value="FWClientRule.transMap.52"/>
				<entry key="53" value="FWClientRule.transMap.53"/>
				<entry key="54" value="FWClientRule.transMap.54"/>
				<entry key="55" value="FWClientRule.transMap.55"/>
				<entry key="56" value="FWClientRule.transMap.56"/>
				<entry key="57" value="FWClientRule.transMap.57"/>
				<entry key="58" value="FWClientRule.transMap.58"/>
				<entry key="61" value="FWClientRule.transMap.61"/>
				<entry key="62" value="FWClientRule.transMap.62"/>
				<entry key="63" value="FWClientRule.transMap.63"/>
				<entry key="64" value="FWClientRule.transMap.64"/>
				<entry key="65" value="FWClientRule.transMap.65"/>
				<entry key="66" value="FWClientRule.transMap.66"/>
				<entry key="67" value="FWClientRule.transMap.67"/>
				<entry key="68" value="FWClientRule.transMap.68"/>
				<entry key="69" value="FWClientRule.transMap.69"/>
				<entry key="70" value="FWClientRule.transMap.70"/>
				<entry key="71" value="FWClientRule.transMap.71"/>
				<entry key="72" value="FWClientRule.transMap.72"/>
				<entry key="73" value="FWClientRule.transMap.73"/>
				<entry key="74" value="FWClientRule.transMap.74"/>
				<entry key="75" value="FWClientRule.transMap.75"/>
				<entry key="76" value="FWClientRule.transMap.76"/>
				<entry key="77" value="FWClientRule.transMap.77"/>
				<entry key="78" value="FWClientRule.transMap.78"/>
				<entry key="79" value="FWClientRule.transMap.79"/>
				<entry key="80" value="FWClientRule.transMap.80"/>
				<entry key="81" value="FWClientRule.transMap.81"/>
				<entry key="82" value="FWClientRule.transMap.82"/>
				<entry key="83" value="FWClientRule.transMap.83"/>
				<entry key="84" value="FWClientRule.transMap.84"/>
				<entry key="85" value="FWClientRule.transMap.85"/>
				<entry key="86" value="FWClientRule.transMap.86"/>
				<entry key="87" value="FWClientRule.transMap.87"/>
				<entry key="88" value="FWClientRule.transMap.88"/>
				<entry key="89" value="FWClientRule.transMap.89"/>
				<entry key="90" value="FWClientRule.transMap.90"/>
				<entry key="91" value="FWClientRule.transMap.91"/>
				<entry key="92" value="FWClientRule.transMap.92"/>
				<entry key="93" value="FWClientRule.transMap.93"/>
				<entry key="94" value="FWClientRule.transMap.94"/>
				<entry key="95" value="FWClientRule.transMap.95"/>
				<entry key="96" value="FWClientRule.transMap.96"/>
				<entry key="97" value="FWClientRule.transMap.97"/>
				<entry key="98" value="FWClientRule.transMap.98"/>
				<entry key="99" value="FWClientRule.transMap.99"/>
				<entry key="100" value="FWClientRule.transMap.100"/>
				<entry key="101" value="FWClientRule.transMap.101"/>
				<entry key="102" value="FWClientRule.transMap.102"/>
				<entry key="103" value="FWClientRule.transMap.103"/>
				<entry key="104" value="FWClientRule.transMap.104"/>
				<entry key="105" value="FWClientRule.transMap.105"/>
				<entry key="106" value="FWClientRule.transMap.106"/>
				<entry key="107" value="FWClientRule.transMap.107"/>
				<entry key="108" value="FWClientRule.transMap.108"/>
				<entry key="109" value="FWClientRule.transMap.109"/>
				<entry key="110" value="FWClientRule.transMap.110"/>
				<entry key="111" value="FWClientRule.transMap.111"/>
				<entry key="112" value="FWClientRule.transMap.112"/>
				<entry key="113" value="FWClientRule.transMap.113"/>
				<entry key="114" value="FWClientRule.transMap.114"/>
				<entry key="115" value="FWClientRule.transMap.115"/>
				<entry key="116" value="FWClientRule.transMap.116"/>
				<entry key="117" value="FWClientRule.transMap.117"/>
				<entry key="118" value="FWClientRule.transMap.118"/>
				<entry key="119" value="FWClientRule.transMap.119"/>
				<entry key="120" value="FWClientRule.transMap.120"/>
				<entry key="121" value="FWClientRule.transMap.121"/>
				<entry key="122" value="FWClientRule.transMap.122"/>
				<entry key="123" value="FWClientRule.transMap.123"/>
				<entry key="124" value="FWClientRule.transMap.124"/>
				<entry key="125" value="FWClientRule.transMap.125"/>
				<entry key="126" value="FWClientRule.transMap.126"/>
				<entry key="127" value="FWClientRule.transMap.127"/>
				<entry key="128" value="FWClientRule.transMap.128"/>
				<entry key="129" value="FWClientRule.transMap.129"/>
				<entry key="130" value="FWClientRule.transMap.130"/>
				<entry key="131" value="FWClientRule.transMap.131"/>
				<entry key="132" value="FWClientRule.transMap.132"/>
				<entry key="133" value="FWClientRule.transMap.133"/>
				<entry key="134" value="FWClientRule.transMap.134"/>
				<entry key="1024" value="FWClientRule.transMap.allIpProto"/>
			</map>
		</property>
		<property name="resource" ref="ENDP_FW_META.resource"/>
	</bean>

	<bean id="ENDP_FW_META.enum.FWProcessEvalOption" class="com.mcafee.orion.core.query.StaticEnum">
		<property name="column" value="ProcessEvalOption"/>
		<property name="items">
			<map>
				<entry key="0" value="FWClientRule.appMatch.fingerprint"/>
				<entry key="1" value="FWClientRule.appMatch.pathFirst"/>
				<entry key="2" value="FWClientRule.appMatch.path"/>
			</map>
		</property>
		<property name="resource" ref="ENDP_FW_META.resource"/>
	</bean>

	<bean id="ENDP_FW_META.enum.NonIPProtocol" class="com.mcafee.orion.core.query.StaticEnum">
		<property name="column" value="NonIPProtocol"/>
		<property name="items">
			<map>
				<entry key="0" value="FWClientRule.netMap.0"/>
				<entry key="32923" value="FWClientRule.netMap.32923"/>
				<entry key="32823" value="FWClientRule.netMap.32823"/>
				<entry key="33169" value="FWClientRule.netMap.33169"/>
			</map>
		</property>
		<property name="resource" ref="ENDP_FW_META.resource"/>
	</bean>

	<!-- Datasource for client rules -->
	<bean id="ENDP_FW_META.fwClientRule.datasource" class="com.mcafee.endp.fw.clientrules.datasource.FWClientRuleDS" scope="prototype">
		<property name="queryBuilderService" ref="core.queryBuilder.service"/>
		<property name="tableService" ref="core.tableService"/>
		<property name="UIManager" ref="core.uiManager"/>
		<property name="resource" ref="ENDP_FW_META.resource"/>
		<property name="filters">
			<list>
				<bean class="com.mcafee.epo.computermgmt.ui.datasource.BasicSexpDataSourceFilter">
					<constructor-arg index="0" value="thisGroup"/>
					<constructor-arg index="1" value="ENDP_FW_META.fwClientRule.filter.thisGroup"/>
					<constructor-arg index="2" ref="ENDP_FW_META.resource"/>
					<constructor-arg index="3" ref="core.sexp.serializer"/>
					<constructor-arg index="4" value=""/>
				</bean>
				<bean class="com.mcafee.epo.computermgmt.ui.datasource.BasicSexpDataSourceFilter">
					<constructor-arg index="0" value="thisGroupAndSubgroup"/>
					<constructor-arg index="1" value="ENDP_FW_META.fwClientRule.filter.thisGroupAndSubgroup"/>
					<constructor-arg index="2" ref="ENDP_FW_META.resource"/>
					<constructor-arg index="3" ref="core.sexp.serializer"/>
					<constructor-arg index="4" value=""/>
				</bean>
			</list>
		</property>
		<property name="searchableColumns">
			<list>
				<value>FW_Rule.name</value>
				<value>FW_Rule.note</value>
				<value>FW_Rule.lastModifyingUsername</value>
			</list>
		</property>
	</bean>

    <bean id="ENDP_FW_META.fwClientRule.aggregated.datasource" class="com.mcafee.endp.fw.clientrules.datasource.FWClientRuleAggregatedDS" scope="prototype">
        <property name="queryBuilderService" ref="core.queryBuilder.service"/>
        <property name="tableService" ref="core.tableService"/>
        <property name="UIManager" ref="core.uiManager"/>
        <property name="resource" ref="ENDP_FW_META.resource"/>
    </bean>

    <bean id="ENDP_FW_META.fwClientRule.drillDown.datasource" class="com.mcafee.endp.fw.clientrules.datasource.FWClientRuleDrillDownDS" scope="prototype">
        <property name="queryBuilderService" ref="core.queryBuilder.service"/>
        <property name="tableService" ref="core.tableService"/>
        <property name="UIManager" ref="core.uiManager"/>
        <property name="resource" ref="ENDP_FW_META.resource"/>
    </bean>

    <bean id="ENDP_FW_META.fwClientRuleExe.datasource" class="com.mcafee.endp.fw.clientrules.firecore.FWClientRuleExeDS" scope="prototype" init-method="init">
		<property name="queryBuilderService" ref="core.queryBuilder.service"/>
		<property name="tableService" ref="core.tableService"/>
        <property name="localeService" ref="core.locale.service" />
		<property name="resource" ref="ENDP_FW_META.resource"/>
		<property name="computerPropertiesHelper" ref="ENDP_FW_META.computerPropertiesHelper"/>
		<property name="fwClientRulesHelper" ref="ENDP_FW_META.fwClientRulesHelper"/>
	</bean>

	<bean id="ENDP_FW_META.rt.FWClientRulesExeView" class="com.mcafee.orion.core.ui.RegisteredType">
		<property name="name" value="fwClientRuleExe.Name"/>
		<property name="description" value="fwClientRuleExe.Description"/>
		<property name="resource" ref="ENDP_FW_META.resource"/>
		<property name="UID" value="FW_ClientRuleExe"/>
		<property name="dataSource" ref="ENDP_FW_META.fwClientRuleExe.datasource"/>
		<property name="detailPage">
			<bean class="com.mcafee.orion.core.ui.detail.DetailPage">
				<property name="permissionURI">
					<bean class="com.mcafee.orion.core.util.OrionURI">
						<constructor-arg value="perm:ENDP_FW_META.policy.view?featureID=ENDP_FW_META_FW"/>
					</bean>
				</property>
				<property name="helpIdResolver">
					<bean class="com.mcafee.orion.core.help.StringHelpIdResolver">
						<property name="helpId" value="efw_1050/source/pageref/GUID-27CFA648-9714-42E9-9ACE-C0A36155D2DB.html"/>
					</bean>
				</property>
				<property name="resource" ref="ENDP_FW_META.resource"/>
			</bean>
		</property>
	</bean>

	<bean id="ENDP_FW_META.namedNetwork.datasource" class="com.mcafee.endp.fw.clientrules.firecore.NamedNetworkDS" scope="prototype" init-method="init">
		<property name="queryBuilderService" ref="core.queryBuilder.service"/>
		<property name="tableService" ref="core.tableService"/>
        <property name="localeService" ref="core.locale.service" />
		<property name="resource" ref="ENDP_FW_META.resource"/>
	</bean>

	<bean id="ENDP_FW_META.rt.NamedNetwork" class="com.mcafee.orion.core.ui.RegisteredType">
		<property name="name" value="fwClientRule.namedNetwork.rt.Name"/>
		<property name="description" value="fwClientRule.namedNetwork.rt.Description"/>
		<property name="resource" ref="ENDP_FW_META.resource"/>
		<property name="UID" value="FW_NamedNetwork"/>
		<property name="dataSource" ref="ENDP_FW_META.namedNetwork.datasource"/>
		<property name="detailPage">
			<bean class="com.mcafee.orion.core.ui.detail.DetailPage">
				<property name="permissionURI">
					<bean class="com.mcafee.orion.core.util.OrionURI">
						<constructor-arg value="perm:ENDP_FW_META.policy.view?featureID=ENDP_FW_META_FW"/>
					</bean>
				</property>
				<property name="helpIdResolver">
					<bean class="com.mcafee.orion.core.help.StringHelpIdResolver">
						<property name="helpId" value="efw_1050/source/pageref/GUID-27CFA648-9714-42E9-9ACE-C0A36155D2DB.html"/>
					</bean>
				</property>
				<property name="resource" ref="ENDP_FW_META.resource"/>
			</bean>
		</property>
	</bean>

	<!-- FWClientRules Registered Type -->
	<bean id="ENDP_FW_META.rt.FWClientRules" class="com.mcafee.orion.core.ui.RegisteredType">
		<property name="name" value="fwClientRule.Name"/>
		<property name="description" value="fwClientRule.Description"/>
		<property name="resource" ref="ENDP_FW_META.resource"/>
		<property name="UID" value="FW_ClientRule"/>
		<property name="dataSource" ref="ENDP_FW_META.fwClientRule.datasource"/>
		<property name="detailPage">
			<bean class="com.mcafee.orion.core.ui.detail.DetailPage">
				<property name="permissionURI">
					<bean class="com.mcafee.orion.core.util.OrionURI">
						<constructor-arg value="perm:ENDP_FW_META.policy.view?featureID=ENDP_FW_META_FW"/>
					</bean>
				</property>
				<property name="helpIdResolver">
					<bean class="com.mcafee.orion.core.help.StringHelpIdResolver">
						<property name="helpId" value="efw_1050/source/pageref/GUID-27CFA648-9714-42E9-9ACE-C0A36155D2DB.html"/>
					</bean>
				</property>
				<property name="resource" ref="ENDP_FW_META.resource"/>
			</bean>
		</property>
	</bean>

	<bean id="ENDP_FW_META.fwClientRule.displayer" class="com.mcafee.endp.fw.clientrules.firecore.FWClientRuleDA" scope="prototype">
		<constructor-arg index="0" value="Hip8FWClientRule"/>
		<constructor-arg index="1" ref="ENDP_FW_META.resource"/>
		<property name="tableInfo" ref="ENDP_FW_META.FWClientRules"/>
	</bean>

	<bean id="ENDP_FW_META.fwClientRule.application.displayer" class="com.mcafee.endp.fw.clientrules.firecore.FWClientRuleDA" scope="prototype">
		<constructor-arg index="0" value="Hip8FWClientRule.application"/>
		<constructor-arg index="1" ref="ENDP_FW_META.resource"/>
		<property name="tableInfo" ref="ENDP_FW_META.FWApplications"/>
	</bean>

	<bean id="ENDP_FW_META.fwClientRule.namedNetwork.displayer" class="com.mcafee.endp.fw.clientrules.firecore.FWClientRuleDA" scope="prototype">
		<constructor-arg index="0" value="Hip8FWClientRule.namedNetwork"/>
		<constructor-arg index="1" ref="ENDP_FW_META.resource"/>
		<property name="tableInfo" ref="ENDP_FW_META.FWNamedNetwork"/>
	</bean>

	<bean id="ENDP_FW_META.fwClientRule.localNet.displayer" class="com.mcafee.endp.fw.clientrules.firecore.FWClientRuleDA" scope="prototype">
		<constructor-arg index="0" value="Hip8FWClientRule.localNet"/>
		<constructor-arg index="1" ref="ENDP_FW_META.resource"/>
		<property name="tableInfo" ref="ENDP_FW_META.FWLocalNet"/>
	</bean>

	<bean id="ENDP_FW_META.fwClientRule.remoteNet.displayer" class="com.mcafee.endp.fw.clientrules.firecore.FWClientRuleDA" scope="prototype">
		<constructor-arg index="0" value="Hip8FWClientRule.remoteNet"/>
		<constructor-arg index="1" ref="ENDP_FW_META.resource"/>
		<property name="tableInfo" ref="ENDP_FW_META.FWRemoteNet"/>
	</bean>

	<bean id="ENDP_FW_META.fwClientRule.application.jointable.displayer" class="com.mcafee.endp.fw.clientrules.firecore.FWClientRuleDA" scope="prototype">
		<constructor-arg index="0" value="Hip8FWClientRule.application.jointable"/>
		<constructor-arg index="1" ref="ENDP_FW_META.resource"/>
		<property name="tableInfo" ref="ENDP_FW_META.FWRuleApplication"/>
	</bean>

	<bean id="ENDP_FW_META.fwClientRuleExeView.displayer" class="com.mcafee.endp.fw.clientrules.firecore.FWClientRuleExecutableViewDA" scope="prototype">
		<constructor-arg index="0" value="HIP8FWClientRuleExe"/>
		<constructor-arg index="1" ref="ENDP_FW_META.resource"/>
		<property name="tableInfo" ref="ENDP_FW_META.FWClientRuleExecutablesView"/>
	</bean>


	<bean id="ENDP_FW_META.FWClientRuleExecutablesView" class="com.mcafee.orion.core.query.SquidTableInfo">
		<property name="tableName" value="FW_ClientRuleExecutableView"/>
		<property name="resource" ref="ENDP_FW_META.resource"/>
		<property name="displayNameKey" value="fwClientRuleExecutablesView.Name"/>
		<property name="registeredTypeUID" value="FW_ClientRuleExe"/>
		<property name="descriptionKey" value="fwClientRuleExecutablesView.Description"/>
		<property name="propertyFormatter" ref="ENDP_FW_META.fwClientRuleExeView.displayer"/>
        <property name="queryTargetGroup" ref="ENDP_GS_1000.query.target.group"/>
		<property name="permissionUri" value="perm:ENDP_FW_META.policy.view?featureID=ENDP_FW_META_FW"/>
		<property name="uidColumnName" value="RuleId"/>
		<property name="columns">
			<list>
				<value>RuleId string select</value>
				<value>RuleName string none</value>
				<value>AppId string none</value>
				<value>ExeId string none</value>
				<value>ExeName string all</value>
				<value>ExeNote string all</value>
				<value>ExeFilename string all</value>
				<value>ExeFingerprint string all</value>
				<value>ExeSignername string all</value>
			</list>
		</property>
		<!--<property name="foreignKeys">
		<list>
			<bean class="com.mcafee.orion.core.query.table.ForeignKey">
				<property name="sourceColumns" value="RuleId"/>
				<property name="destinationTable" value="FW_Rule"/>
				<property name="destinationColumns" value="id"/>
			</bean>
		</list>
		</property>-->
	</bean>

	<bean id="ENDP_FW_META.FWApplications" class="com.mcafee.orion.core.query.SquidTableInfo">
		<property name="tableName" value="FW_Application"/>
		<property name="type" value="join"/>
		<property name="resource" ref="ENDP_FW_META.resource"/>
		<property name="displayNameKey" value="fwClientRule.Application"/>
		<property name="registeredTypeUID" value="HIP8FWClientRuleApplication"/>
		<property name="descriptionKey" value="fwClientRule.ApplicationDescription"/>
		<property name="propertyFormatter" ref="ENDP_FW_META.fwClientRule.application.displayer"/>
		<property name="permissionUri" value="perm:ENDP_FW_META.policy.view?featureID=ENDP_FW_META_FW"/>
		<property name="uidColumnName" value="id"/>
		<property name="columns">
			<list>
				<value>id string none</value>
				<value>version int none</value>
				<value>lastModifyingUsername string all</value>
				<value>lastModified timestamp all</value>
				<value>name string all</value>
				<value>note string all</value>
			</list>
		</property>
	</bean>

	<bean id="ENDP_FW_META.FWRuleApplication" class="com.mcafee.orion.core.query.SquidTableInfo">
		<property name="tableName" value="FW_Rule_Application"/>
		<property name="type" value="join"/>
		<property name="resource" ref="ENDP_FW_META.resource"/>
		<property name="displayNameKey" value="fwClientRule.Application"/>
		<property name="registeredTypeUID" value="HIP8FWClientRuleApplicationJoinTable"/>
		<property name="descriptionKey" value="fwClientRule.ApplicationDescription"/>
		<property name="propertyFormatter" ref="ENDP_FW_META.fwClientRule.application.jointable.displayer"/>
		<property name="permissionUri" value="perm:ENDP_FW_META.policy.view?featureID=ENDP_FW_META_FW"/>
		<property name="columns">
			<list>
				<value>RuleId string none</value>
				<value>ApplicationId string none</value>
			</list>
		</property>
		<property name="foreignKeys">
			<list>
				<bean class="com.mcafee.orion.core.query.table.ForeignKey">
					<property name="joinType" value="left"/>
					<property name="sourceColumns" value="ApplicationId"/>
					<property name="destinationTable" value="FW_Application"/>
					<property name="destinationColumns" value="id"/>
				</bean>
			</list>
		</property>
	</bean>

	<bean id="ENDP_FW_META.FWNamedNetwork" class="com.mcafee.orion.core.query.SquidTableInfo">
		<property name="tableName" value="FW_NamedNetwork"/>
		<property name="type" value="join"/>
		<property name="resource" ref="ENDP_FW_META.resource"/>
		<property name="displayNameKey" value="fwClientRule.NamedNetwork"/>
		<property name="registeredTypeUID" value="FW_NamedNetwork"/>
		<property name="descriptionKey" value="fwClientRule.NamedNetworkDescription"/>
		<property name="propertyFormatter" ref="ENDP_FW_META.fwClientRule.namedNetwork.displayer"/>
		<property name="permissionUri" value="perm:ENDP_FW_META.policy.view?featureID=ENDP_FW_META_FW"/>
		<property name="uidColumnName" value="id"/>
		<property name="columns">
			<list>
				<value>id string none</value>
				<value>version int none</value>
				<value>name string all</value>
				<value>lastModifyingUsername string all</value>
				<value>lastModified timestamp all</value>
				<value>note string all</value>
			</list>
		</property>
	</bean>

	<bean id="ENDP_FW_META.FWLocalNet" class="com.mcafee.orion.core.query.SquidTableInfo">
		<property name="tableName" value="FW_Rule_LocalNetwork"/>
		<property name="type" value="join"/>
		<property name="resource" ref="ENDP_FW_META.resource"/>
		<property name="displayNameKey" value="fwClientRule.LocalNetwork"/>
		<property name="registeredTypeUID" value="HIP8FWClientRuleLocalNetwork"/>
		<property name="descriptionKey" value="fwClientRule.LocalNetworkDescription"/>
		<property name="propertyFormatter" ref="ENDP_FW_META.fwClientRule.localNet.displayer"/>
		<property name="permissionUri" value="perm:ENDP_FW_META.policy.view?featureID=ENDP_FW_META_FW"/>
		<property name="columns">
			<list>
				<value>RuleId string none</value>
				<value>NamedNetworkId string none</value>
			</list>
		</property>
		<property name="foreignKeys">
			<list>
				<bean class="com.mcafee.orion.core.query.table.ForeignKey">
					<property name="joinType" value="left"/>
					<property name="sourceColumns" value="NamedNetworkId"/>
					<property name="destinationTable" value="FW_NamedNetwork"/>
					<property name="destinationColumns" value="id"/>
				</bean>
			</list>
		</property>
	</bean>

	<bean id="ENDP_FW_META.FWRemoteNet" class="com.mcafee.orion.core.query.SquidTableInfo">
		<property name="tableName" value="FW_Rule_RemoteNetwork"/>
		<property name="type" value="join"/>
		<property name="resource" ref="ENDP_FW_META.resource"/>
		<property name="displayNameKey" value="fwClientRule.RemoteNetwork"/>
		<property name="registeredTypeUID" value="HIP8FWClientRuleRemoteNetwork"/>
		<property name="descriptionKey" value="fwClientRule.RemoteNetworkDescription"/>
		<property name="propertyFormatter" ref="ENDP_FW_META.fwClientRule.remoteNet.displayer"/>
		<property name="permissionUri" value="perm:ENDP_FW_META.policy.view?featureID=ENDP_FW_META_FW"/>
		<property name="columns">
			<list>
				<value>RuleId string none</value>
				<value>NamedNetworkId string none</value>
			</list>
		</property>
		<property name="foreignKeys">
			<list>
				<bean class="com.mcafee.orion.core.query.table.ForeignKey">
					<property name="joinType" value="left"/>
					<property name="sourceColumns" value="NamedNetworkId"/>
					<property name="destinationTable" value="FW_NamedNetwork"/>
					<property name="destinationColumns" value="id"/>
				</bean>
			</list>
		</property>
	</bean>

	<!-- FWClientRules SquidTableInfo-->
	<bean id="ENDP_FW_META.FWClientRules" class="com.mcafee.orion.core.query.SquidTableInfo">
		<property name="tableName" value="FW_Rule"/>
		<property name="resource" ref="ENDP_FW_META.resource"/>
		<property name="displayNameKey" value="fwClientRule.Name"/>
		<property name="registeredTypeUID" value="FW_ClientRule"/>
		<property name="descriptionKey" value="fwClientRule.Description"/>
        <property name="queryTargetGroup" ref="ENDP_GS_1000.query.target.group"/>
		<property name="propertyFormatter" ref="ENDP_FW_META.fwClientRule.displayer"/>
		<property name="permissionUri" value="perm:ENDP_FW_META.policy.view?featureID=ENDP_FW_META_FW"/>
		<property name="uidColumnName" value="id"/>
		<property name="columns">
			<list>
				<value>id string none</value>
				<value>version int none</value>
				<value>lastModifyingUsername string all</value>
				<value>lastModified timestamp all</value>
				<value>name string all</value>
				<value>note string all</value>
				<value>enabled enum all</value>
				<value>action string_enum all</value>
				<value>direction string_enum all</value>
				<value>mediaFlags enum all</value>
				<value>tcpFlagsFlags enum none</value>
				<value>transportProtocol enum all</value>
				<value>localServiceList string all</value>
				<value>remoteServiceList string all</value>
				<value>intrusion boolean all</value>
				<value>trafficLogged boolean all</value>
				<value>schedule_start string all</value>
				<value>schedule_end string all</value>
				<value>schedule_offHours string_enum all</value>
				<value>schedule_weekMask int none</value>
				<value>schedule_clickTimeout int none</value>
				<value>DTYPE string none</value>
				<value>leafNodeId int none</value>
				<value>tenantId int none</value>
				<value>count long none</value>  <!-- Note: This is just a dummy columns so that we can aggregate data -->
			</list>
		</property>
		<property name="enums">
			<list>
				<bean id="enum.FW.action" class="com.mcafee.orion.core.query.StaticEnum">
					<property name="column" value="action"/>
					<property name="items">
						<map>
							<entry key="ALLOW" value="FWRule.actionAllow"/>
							<entry key="BLOCK" value="FWRule.actionBlock"/>
							<entry key="JUMP" value="FWRule.actionJump"/>
						</map>
					</property>
					<property name="resource" ref="ENDP_FW_META.resource"/>
				</bean>
				<bean id="enum.FW.MediaFlags" class="com.mcafee.orion.core.query.StaticEnum">
					<property name="column" value="mediaFlags"/>
					<property name="items">
						<map>
							<entry key="0" value="FWRule.none"/>
							<entry key="1" value="FWRule.wired"/>
							<entry key="2" value="FWRule.wireless"/>
							<entry key="3" value="FWRule.wired.wireless"/>
							<entry key="4" value="FWRule.vpn"/>
							<entry key="5" value="FWRule.vpn.wired"/>
							<entry key="6" value="FWRule.vpn.wireless"/>
							<entry key="7" value="FWRule.all"/>
						</map>
					</property>
					<property name="resource" ref="ENDP_FW_META.resource"/>
				</bean>
				<bean id="enum.FW.Direction" class="com.mcafee.orion.core.query.StaticEnum">
					<property name="column" value="direction"/>
					<property name="items">
						<map>
							<entry key="EITHER" value="FWRule.dirEither"/>
							<entry key="IN" value="FWRule.dirIn"/>
							<entry key="OUT" value="FWRule.dirOut"/>
						</map>
					</property>
					<property name="resource" ref="ENDP_FW_META.resource"/>
				</bean>
                <bean id="enum.FW.Enabled" class="com.mcafee.orion.core.query.StaticEnum">
                    <property name="column" value="enabled"/>
                    <property name="items">
                        <map>
                            <entry key="1" value="FWRule.enabled_lbl"/>
                            <entry key="0" value="FWRule.disabled_lbl"/>
                        </map>
                    </property>
                    <property name="resource" ref="ENDP_FW_META.resource"/>
                </bean>
				<bean id="enum.FW.ScheduleOffHoursOption" class="com.mcafee.orion.core.query.StaticEnum">
					<property name="column" value="schedule_offHours"/>
					<property name="items">
						<map>
							<entry key="0" value="Hip8FWClientRule.disable"/>
							<entry key="1" value="Hip8FWClientRule.none"/>
							<entry key="2" value="Hip8FWClientRule.switch"/>
						</map>
					</property>
					<property name="resource" ref="ENDP_FW_META.resource"/>
				</bean>
				<bean id="enum.FW.IPProtocol" class="com.mcafee.orion.core.query.StaticEnum">
					<property name="column" value="transportProtocol"/>
					<property name="items">
						<map>
							<entry key="1" value="FWClientRule.transMap.1"/>
							<entry key="2" value="FWClientRule.transMap.2"/>
							<entry key="3" value="FWClientRule.transMap.3"/>
							<entry key="4" value="FWClientRule.transMap.4"/>
							<entry key="5" value="FWClientRule.transMap.5"/>
							<entry key="6" value="FWClientRule.transMap.6"/>
							<entry key="7" value="FWClientRule.transMap.7"/>
							<entry key="8" value="FWClientRule.transMap.8"/>
							<entry key="9" value="FWClientRule.transMap.9"/>
							<entry key="10" value="FWClientRule.transMap.10"/>
							<entry key="11" value="FWClientRule.transMap.11"/>
							<entry key="12" value="FWClientRule.transMap.12"/>
							<entry key="13" value="FWClientRule.transMap.13"/>
							<entry key="14" value="FWClientRule.transMap.14"/>
							<entry key="15" value="FWClientRule.transMap.15"/>
							<entry key="16" value="FWClientRule.transMap.16"/>
							<entry key="17" value="FWClientRule.transMap.17"/>
							<entry key="18" value="FWClientRule.transMap.18"/>
							<entry key="19" value="FWClientRule.transMap.19"/>
							<entry key="20" value="FWClientRule.transMap.20"/>
							<entry key="21" value="FWClientRule.transMap.21"/>
							<entry key="22" value="FWClientRule.transMap.22"/>
							<entry key="23" value="FWClientRule.transMap.23"/>
							<entry key="24" value="FWClientRule.transMap.24"/>
							<entry key="25" value="FWClientRule.transMap.25"/>
							<entry key="26" value="FWClientRule.transMap.26"/>
							<entry key="27" value="FWClientRule.transMap.27"/>
							<entry key="28" value="FWClientRule.transMap.28"/>
							<entry key="29" value="FWClientRule.transMap.29"/>
							<entry key="30" value="FWClientRule.transMap.30"/>
							<entry key="31" value="FWClientRule.transMap.31"/>
							<entry key="32" value="FWClientRule.transMap.32"/>
							<entry key="33" value="FWClientRule.transMap.33"/>
							<entry key="34" value="FWClientRule.transMap.34"/>
							<entry key="35" value="FWClientRule.transMap.35"/>
							<entry key="36" value="FWClientRule.transMap.36"/>
							<entry key="37" value="FWClientRule.transMap.37"/>
							<entry key="38" value="FWClientRule.transMap.38"/>
							<entry key="39" value="FWClientRule.transMap.39"/>
							<entry key="40" value="FWClientRule.transMap.40"/>
							<entry key="41" value="FWClientRule.transMap.41"/>
							<entry key="42" value="FWClientRule.transMap.42"/>
							<entry key="45" value="FWClientRule.transMap.45"/>
							<entry key="46" value="FWClientRule.transMap.46"/>
							<entry key="47" value="FWClientRule.transMap.47"/>
							<entry key="48" value="FWClientRule.transMap.48"/>
							<entry key="49" value="FWClientRule.transMap.49"/>
							<entry key="50" value="FWClientRule.transMap.50"/>
							<entry key="51" value="FWClientRule.transMap.51"/>
							<entry key="52" value="FWClientRule.transMap.52"/>
							<entry key="53" value="FWClientRule.transMap.53"/>
							<entry key="54" value="FWClientRule.transMap.54"/>
							<entry key="55" value="FWClientRule.transMap.55"/>
							<entry key="56" value="FWClientRule.transMap.56"/>
							<entry key="57" value="FWClientRule.transMap.57"/>
							<entry key="58" value="FWClientRule.transMap.58"/>
							<entry key="61" value="FWClientRule.transMap.61"/>
							<entry key="62" value="FWClientRule.transMap.62"/>
							<entry key="63" value="FWClientRule.transMap.63"/>
							<entry key="64" value="FWClientRule.transMap.64"/>
							<entry key="65" value="FWClientRule.transMap.65"/>
							<entry key="66" value="FWClientRule.transMap.66"/>
							<entry key="67" value="FWClientRule.transMap.67"/>
							<entry key="68" value="FWClientRule.transMap.68"/>
							<entry key="69" value="FWClientRule.transMap.69"/>
							<entry key="70" value="FWClientRule.transMap.70"/>
							<entry key="71" value="FWClientRule.transMap.71"/>
							<entry key="72" value="FWClientRule.transMap.72"/>
							<entry key="73" value="FWClientRule.transMap.73"/>
							<entry key="74" value="FWClientRule.transMap.74"/>
							<entry key="75" value="FWClientRule.transMap.75"/>
							<entry key="76" value="FWClientRule.transMap.76"/>
							<entry key="77" value="FWClientRule.transMap.77"/>
							<entry key="78" value="FWClientRule.transMap.78"/>
							<entry key="79" value="FWClientRule.transMap.79"/>
							<entry key="80" value="FWClientRule.transMap.80"/>
							<entry key="81" value="FWClientRule.transMap.81"/>
							<entry key="82" value="FWClientRule.transMap.82"/>
							<entry key="83" value="FWClientRule.transMap.83"/>
							<entry key="84" value="FWClientRule.transMap.84"/>
							<entry key="85" value="FWClientRule.transMap.85"/>
							<entry key="86" value="FWClientRule.transMap.86"/>
							<entry key="87" value="FWClientRule.transMap.87"/>
							<entry key="88" value="FWClientRule.transMap.88"/>
							<entry key="89" value="FWClientRule.transMap.89"/>
							<entry key="90" value="FWClientRule.transMap.90"/>
							<entry key="91" value="FWClientRule.transMap.91"/>
							<entry key="92" value="FWClientRule.transMap.92"/>
							<entry key="93" value="FWClientRule.transMap.93"/>
							<entry key="94" value="FWClientRule.transMap.94"/>
							<entry key="95" value="FWClientRule.transMap.95"/>
							<entry key="96" value="FWClientRule.transMap.96"/>
							<entry key="97" value="FWClientRule.transMap.97"/>
							<entry key="98" value="FWClientRule.transMap.98"/>
							<entry key="99" value="FWClientRule.transMap.99"/>
							<entry key="100" value="FWClientRule.transMap.100"/>
							<entry key="101" value="FWClientRule.transMap.101"/>
							<entry key="102" value="FWClientRule.transMap.102"/>
							<entry key="103" value="FWClientRule.transMap.103"/>
							<entry key="104" value="FWClientRule.transMap.104"/>
							<entry key="105" value="FWClientRule.transMap.105"/>
							<entry key="106" value="FWClientRule.transMap.106"/>
							<entry key="107" value="FWClientRule.transMap.107"/>
							<entry key="108" value="FWClientRule.transMap.108"/>
							<entry key="109" value="FWClientRule.transMap.109"/>
							<entry key="110" value="FWClientRule.transMap.110"/>
							<entry key="111" value="FWClientRule.transMap.111"/>
							<entry key="112" value="FWClientRule.transMap.112"/>
							<entry key="113" value="FWClientRule.transMap.113"/>
							<entry key="114" value="FWClientRule.transMap.114"/>
							<entry key="115" value="FWClientRule.transMap.115"/>
							<entry key="116" value="FWClientRule.transMap.116"/>
							<entry key="117" value="FWClientRule.transMap.117"/>
							<entry key="118" value="FWClientRule.transMap.118"/>
							<entry key="119" value="FWClientRule.transMap.119"/>
							<entry key="120" value="FWClientRule.transMap.120"/>
							<entry key="121" value="FWClientRule.transMap.121"/>
							<entry key="122" value="FWClientRule.transMap.122"/>
							<entry key="123" value="FWClientRule.transMap.123"/>
							<entry key="124" value="FWClientRule.transMap.124"/>
							<entry key="125" value="FWClientRule.transMap.125"/>
							<entry key="126" value="FWClientRule.transMap.126"/>
							<entry key="127" value="FWClientRule.transMap.127"/>
							<entry key="128" value="FWClientRule.transMap.128"/>
							<entry key="129" value="FWClientRule.transMap.129"/>
							<entry key="130" value="FWClientRule.transMap.130"/>
							<entry key="131" value="FWClientRule.transMap.131"/>
							<entry key="132" value="FWClientRule.transMap.132"/>
							<entry key="133" value="FWClientRule.transMap.133"/>
							<entry key="134" value="FWClientRule.transMap.134"/>
							<entry key="1024" value="FWClientRule.transMap.allIpProto"/>
						</map>
					</property>
					<property name="resource" ref="ENDP_FW_META.resource"/>
				</bean>
			</list>
		</property>
		<property name="foreignKeys">
			<list>
				<bean class="com.mcafee.orion.core.query.table.ForeignKey">
					<property name="sourceColumns" value="id"/>
					<property name="destinationTable" value="FW_ClientRuleExecutableView"/>
					<property name="destinationColumns" value="RuleId"/>
				</bean>
				<bean class="com.mcafee.orion.core.query.table.ForeignKey">
					<property name="sourceColumns" value="leafNodeId"/>
					<property name="destinationTable" value="EPOLeafNode"/>
					<property name="destinationColumns" value="AutoID"/>
				</bean>
				<bean class="com.mcafee.orion.core.query.table.ForeignKey">
					<property name="sourceColumns" value="leafNodeId"/>
					<property name="destinationTable" value="EPOComputerProperties"/>
					<property name="destinationColumns" value="ParentID"/>
				</bean>
				<bean class="com.mcafee.orion.core.query.table.ForeignKey">
					<property name="joinType" value="left"/>
					<property name="sourceColumns" value="id"/>
					<property name="destinationTable" value="FW_Rule_Application"/>
					<property name="destinationColumns" value="RuleId"/>
				</bean>
				<bean class="com.mcafee.orion.core.query.table.ForeignKey">
					<property name="joinType" value="left"/>
					<property name="sourceColumns" value="id"/>
					<property name="destinationTable" value="FW_Rule_RemoteNetwork"/>
					<property name="destinationColumns" value="RuleId"/>
				</bean>
			</list>
		</property>
	</bean>

	<bean id="ENDP_FW_META.FWClientRule.uiAction.CreateRule" class="com.mcafee.orion.core.ui.UIActionInfo">
		<property name="id" value="FWClientRule.CreateRule"/>
		<property name="registeredType" ref="ENDP_FW_META.rt.FWClientRules"/>
		<property name="resource" ref="ENDP_FW_META.resource"/>
		<property name="displayNameKey" value="ClientRules.CreateRule"/>
		<property name="actionContext" value="/ENDP_FW_META"/>
		<property name="actionURL" value="/CreateFWRuleConfig.do"/>
		<property name="input" value="N"/>
		<property name="preActionKey" value="ClientRules.CreateRulePre"/>
		<property name="confirmRequired" value="false"/>
        <property name="asyncJavascriptFile" value="/ENDP_FW_META/clientrules/ListFWPolicies.js"/>
		<property name="asyncCallback" value="createFWRulesFromClientRule80"/>
		<property name="output" value="self"/>
		<property name="permission" value="perm:ENDP_FW_META.policy.edit?featureID=ENDP_FW_META_FW"/>
	</bean>
</beans>
