<?xml version="1.0" encoding="UTF-8"?>
<!--
  ~ Copyright (C) 2014, McAfee, Inc.  All Rights Reserved.
 -->

<beans xmlns="http://www.springframework.org/schema/beans"
       xmlns:xsi="http://www.w3.org/2001/XMLSchema-instance"
       xsi:schemaLocation="http://www.springframework.org/schema/beans http://www.springframework.org/schema/beans/spring-beans-2.0.xsd">

	<bean id="ENDP_FW_META.networkDataSource" class="com.mcafee.endp.fw.firewall.DataSources.NetworkDataSource" scope="prototype">
		<property name="exceptions" ref="ENDP_FW_META.resource"/>
		<property name="resource" ref="ENDP_FW_META.resource"/>
		<property name="displayAdapter" ref="ENDP_FW_META.networkDisplayAdapter"/>
	</bean>

	<bean id="ENDP_FW_META.networkDisplayAdapter" class="com.mcafee.endp.fw.firewall.DisplayAdapters.NetworkDisplayAdapter" scope="prototype">
		<constructor-arg index="0" value="aramid.NamedNetwork"/>
		<constructor-arg index="1" ref="ENDP_FW_META.resource"/>

	</bean>

	<bean id="ENDP_FW_META.networkCellRenderer" class="com.mcafee.endp.fw.firewall.CellRenderers.NetworkCellRenderer" scope="prototype">
		<constructor-arg index="0" ref="ENDP_FW_META.resource"/>
	</bean>

    <!-- Firewall Threat Type -->
    <bean id="ENDP_FW_META.ThreatType" class="com.mcafee.epo.core.squid.registries.EventColumnTranslator">
        <property name="type" value="ThreatType"/>
        <property name="resource" ref="ENDP_FW_META.resource"/>
        <property name="mapKeyValue">
            <map>
                <entry value="IDS_FW_THREAT_TYPE_INTRUSION" key="Events.category.fw.intrusion"/>
                <entry value="IDS_FW_THREAT_TYPE_TRAFFIC" key="Events.category.fw.traffic"/>
                <entry value="IDS_FW_THREAT_TYPE_DETECTION" key="Events.category.fw.detect"/>
            </map>
        </property>
    </bean>

    <!-- Firewall Threat Categories -->
	<bean id="ENDP_FW_META.ThreatCategory" class="com.mcafee.epo.core.squid.registries.EventColumnTranslator">
		<property name="type" value="ThreatCategory"/>
		<property name="resource" ref="ENDP_FW_META.resource"/>
		<property name="mapKeyValue">
			<map>
				<entry value="fw.intrusion" key="Events.category.fw.intrusion"/>
				<entry value="ops.fw.traffic" key="Events.category.fw.traffic"/>
                <entry value="ops.fw.detect" key="Events.category.fw.detect"/>
			</map>
		</property>
	</bean>

	<bean id="ENDP_FW_META.firewallActions" class="com.mcafee.endp.fw.firewall.actions.FirewallActions" scope="prototype">
		<property name="resource" ref="ENDP_FW_META.resource"/>
		<property name="exceptions" ref="ENDP_FW_META.resource"/>
		<property name="exeDataSource" ref="ENDP_FW_META.ExecutableDataSource"/>
		<property name="hostDataSource" ref="ENDP_FW_META.NetworkHostDataSource"/>
		<property name="jsonXStream" ref="ENDP_FW_META.jsonXStream"/>
		<property name="applicationService" ref="ENDP_FW_META_PERM.catalog.application.service"/>
		<property name="locationService" ref="ENDP_FW_META_PERM.catalog.location.service"/>
		<property name="namedNetworkService" ref="ENDP_FW_META_PERM.catalog.namedNetwork.service"/>
		<property name="nameDecorator" ref="ENDP_FW_META.firewall.network.nameDecorator"/>
		<property name="localeService" ref="core.locale.service"/>
	</bean>

	<bean id="ENDP_FW_META.firewall.network.nameDecorator" class="com.mcafee.endp.fw.firewall.util.NamedNetworkDecorator" parent="ENDP_FW_META.core.nameDecorator">
    </bean>

	<bean id="ENDP_FW_META.catalogActions" class="com.mcafee.endp.fw.firewall.actions.CatalogActions" scope="prototype">
		<property name="resource" ref="ENDP_FW_META.resource"/>
		<property name="exceptions" ref="ENDP_FW_META.resource"/>
		<property name="localeService" ref="core.locale.service"/>
		<property name="jsonXStream" ref="ENDP_FW_META.jsonXStream"/>
	</bean>

	<bean id="ENDP_FW_META.firewall.protocolSelect" class="com.mcafee.endp.fw.firewall.util.ProtocolGroupSelect" scope="prototype">
		<property name="resource" ref="ENDP_FW_META.resource"/>
	</bean>
</beans>



