<?xml version="1.0"?>
<!--
  ~ Copyright (C) 2014, McAfee, Inc.  All Rights Reserved.
  -->

<mvc-action-config version="1.0">
	<!--  FW Options Actions -->
	<action-set bean="ENDP_FW_META.actions.FWOptsActions">
		<action name="EditFWOptions.do" execute="EditPolicy"
		        permission="perm:ENDP_FW_META.policy.view?featureID=ENDP_FW_META_FW" checkSecurityToken="false"/>
		<action name="SaveFWOptions.do" execute="SavePolicy"
		        permission="perm:ENDP_FW_META.policy.edit?featureID=ENDP_FW_META_FW" checkSecurityToken="true"/>
		<action name="AddTrustedExecutable.do" execute="CreateTrustedExecutable"
		        permission="perm:ENDP_FW_META.policy.view?featureID=ENDP_FW_META_FW" checkSecurityToken="true"/>
		<action name="EditTrustedExecutable.do" execute="EditTrustedExecutable"
		        permission="perm:ENDP_FW_META.policy.view?featureID=ENDP_FW_META_FW" checkSecurityToken="true"/>
		<action name="CancelEditPolicy.do" execute="CancelEditPolicy"
		        permission="perm:ENDP_FW_META.policy.view?featureID=ENDP_FW_META_FW" checkSecurityToken="false"/>
		<action name="SaveTrustedExecutable.do" execute="SaveTrustedExecutable"
		        permission="perm:ENDP_FW_META.policy.view?featureID=ENDP_FW_META_FW" checkSecurityToken="false"/>
		<action name="SaveDefinedNetwork.do" execute="SaveDefinedNetwork"
		        permission="perm:ENDP_FW_META.policy.view?featureID=ENDP_FW_META_FW" checkSecurityToken="false"/>
		<action name="AddDefinedNetwork.do" execute="CreateDefinedNetwork"
		        permission="perm:ENDP_FW_META.policy.view?featureID=ENDP_FW_META_FW" checkSecurityToken="true"/>
		<action name="EditDefinedNetwork.do" execute="EditDefinedNetwork"
		        permission="perm:ENDP_FW_META.policy.view?featureID=ENDP_FW_META_FW" checkSecurityToken="false"/>
	</action-set>

	<!-- DNS Blocking actions -->
	<action-set bean="ENDP_FW_META.actions.dnsBlockingActions">
		<action name="EditBlockedDomains.do" execute="EditPolicy"
		        permission="perm:ENDP_FW_META.policy.view?featureID=ENDP_FW_META_FW" checkSecurityToken="false"/>
		<action name="CancelBlockedDomains.do" execute="CancelPolicy"
		        permission="perm:ENDP_FW_META.policy.view?featureID=ENDP_FW_META_FW" checkSecurityToken="false"/>
		<action name="SaveBlockedDomains.do" execute="SavePolicy"
		        permission="perm:ENDP_FW_META.policy.edit?featureID=ENDP_FW_META_FW" checkSecurityToken="true"/>
	</action-set>

	<action-set bean="ENDP_FW_META.actions.FWClientRuleActions">
		<action name="ListFWTargetPolicies.do" execute="ListFWTargetPolicies"
		        permission="perm:ENDP_FW_META.policy.edit?featureID=ENDP_FW_META_FW" checkSecurityToken="true"/>
		<action name="CreateFWRuleConfig.do" execute="CreateFWRuleConfig"
		        permission="perm:ENDP_FW_META.policy.edit?featureID=ENDP_FW_META_FW" checkSecurityToken="true"/>
		<action name="CreateFWRulesFromClientRules.do" execute="CreateFWRulesFromClientRules"
		        permission="perm:ENDP_FW_META.policy.edit?featureID=ENDP_FW_META_FW" checkSecurityToken="true"/>
	</action-set>

	<action-set bean="ENDP_FW_META.actions.Graft">
		<action name="graft.do" execute="graft" checkSecurityToken="false"/>
	</action-set>


	<action-set bean="ENDP_FW_META.actions.catalog.select">
		<action name="FirewallCatalog.do" execute="selectType"
		        permission="perm:ENDP_FW_META.policy.view?featureID=ENDP_FW_META_FW" checkSecurityToken="false"/>
	</action-set>

	<action-set bean="ENDP_FW_META.actions.catalog.group">
		<action name="GroupTable.do" execute="table"
		        permission="perm:ENDP_FW_META.policy.view?featureID=ENDP_FW_META_FW" checkSecurityToken="false"/>
		<action name="GroupEdit.do" execute="edit"
		        permission="perm:ENDP_FW_META.policy.edit?featureID=ENDP_FW_META_FW" checkSecurityToken="true"/>
		<action name="GroupView.do" execute="view"
		        permission="perm:ENDP_FW_META.policy.view?featureID=ENDP_FW_META_FW" checkSecurityToken="false"/>
		<action name="GroupReEdit.do" execute="reedit"
		        permission="perm:ENDP_FW_META.policy.view?featureID=ENDP_FW_META_FW" checkSecurityToken="false"/>
		<action name="GroupEditFinish.do" execute="editFinish"
		        permission="perm:ENDP_FW_META.policy.edit?featureID=ENDP_FW_META_FW" checkSecurityToken="true"/>
		<action name="GroupCreate.do" execute="create"
		        permission="perm:ENDP_FW_META.policy.edit?featureID=ENDP_FW_META_FW" checkSecurityToken="true"/>
		<action name="GroupImportUpload.do" execute="importUpload"
		        permission="perm:ENDP_FW_META.policy.edit?featureID=ENDP_FW_META_FW" checkSecurityToken="true"/>
		<action name="GroupImportReview.do" execute="importReview"
		        permission="perm:ENDP_FW_META.policy.edit?featureID=ENDP_FW_META_FW" checkSecurityToken="true"/>
		<action name="GroupImportFinish.do" execute="importFinish"
		        permission="perm:ENDP_FW_META.policy.edit?featureID=ENDP_FW_META_FW" checkSecurityToken="true"/>
		<action name="GroupDelete.do" execute="delete"
		        permission="perm:ENDP_FW_META.policy.edit?featureID=ENDP_FW_META_FW" checkSecurityToken="true"/>
		<action name="GroupDeleteFinish.do" execute="deleteFinish"
		        permission="perm:ENDP_FW_META.policy.edit?featureID=ENDP_FW_META_FW" checkSecurityToken="true"/>
		<action name="GroupExport.do" execute="export"
		        permission="perm:ENDP_FW_META.policy.view?featureID=ENDP_FW_META_FW" checkSecurityToken="true"/>
		<action name="GroupExportAll.do" execute="exportAll"
		        permission="perm:ENDP_FW_META.policy.view?featureID=ENDP_FW_META_FW" checkSecurityToken="true"/>
		<action name="GroupDuplicate.do" execute="duplicate"
		        permission="perm:ENDP_FW_META.policy.edit?featureID=ENDP_FW_META_FW" checkSecurityToken="true"/>
		<action name="GroupDependencyEdit.do" execute="editDependencies"
		        permission="perm:ENDP_FW_META.policy.view?featureID=ENDP_FW_META_FW" checkSecurityToken="false"/>
		<action name="GroupDependencyAsyncQuery.do" execute="retrieveDependencies"
		        permission="perm:ENDP_FW_META.policy.view?featureID=ENDP_FW_META_FW" checkSecurityToken="false"/>
		<action name="GroupDependencyEditFinish.do" execute="editDependenciesFinish"
		        permission="perm:ENDP_FW_META.policy.edit?featureID=ENDP_FW_META_FW" checkSecurityToken="true"/>
		<action name="GroupFilter.do" execute="filter"
		        permission="perm:ENDP_FW_META.policy.view?featureID=ENDP_FW_META_FW" checkSecurityToken="false"/>
		<action name="GroupCancel.do" execute="cancel"
		        permission="perm:ENDP_FW_META.policy.view?featureID=ENDP_FW_META_FW" checkSecurityToken="false"/>
		<action name="GroupSelectColumns.do" execute="selectColumns"
		        permission="perm:ENDP_FW_META.policy.view?featureID=ENDP_FW_META_FW" checkSecurityToken="true"/>
		<action name="GroupSelectColumnsFinish.do" execute="selectColumnsFinish"
		        permission="perm:ENDP_FW_META.policy.view?featureID=ENDP_FW_META_FW" checkSecurityToken="false"/>
	</action-set>

	<action-set bean="ENDP_FW_META.actions.catalog.group.edit">
		<action name="GroupEditFireCoreFWRules.do" execute="editPolicy"
		        permission="perm:ENDP_FW_META.policy.view?featureID=ENDP_FW_META_FW" checkSecurityToken="false"/>
		<action name="GroupReEditFireCoreFWRules.do" execute="reeditPolicy"
		        permission="perm:ENDP_FW_META.policy.view?featureID=ENDP_FW_META_FW" checkSecurityToken="false"/>
		<action name="GroupCancelFireCoreFWRules.do" execute="cancelEdit"
		        permission="perm:ENDP_FW_META.policy.view?featureID=ENDP_FW_META_FW" checkSecurityToken="true"/>
		<action name="GroupAddSingleFireCoreFWRule.do" execute="addSingleFireCoreFWRule"
		        permission="perm:ENDP_FW_META.policy.edit?featureID=ENDP_FW_META_FW" checkSecurityToken="true"/>
		<action name="GroupAddSingleFireCoreFWGroup.do" execute="addSingleFireCoreFWGroup"
		        permission="perm:ENDP_FW_META.policy.edit?featureID=ENDP_FW_META_FW" checkSecurityToken="true"/>
		<action name="GroupEditSingleFireCoreFWRule.do" execute="editSingleFireCoreFWRule"
		        permission="perm:ENDP_FW_META.policy.view?featureID=ENDP_FW_META_FW" checkSecurityToken="false"/>
		<action name="GroupViewSingleFireCoreFWRule.do" execute="viewSingleFireCoreFWRule"
		        permission="perm:ENDP_FW_META.policy.view?featureID=ENDP_FW_META_FW" checkSecurityToken="false"/>
		<action name="GroupAddRuleFromCatalog.do" execute="addRuleFromCatalog"
		        permission="perm:ENDP_FW_META.policy.edit?featureID=ENDP_FW_META_FW" checkSecurityToken="true"/>
		<action name="GroupAddGroupFromCatalog.do" execute="addGroupFromCatalog"
		        permission="perm:ENDP_FW_META.policy.edit?featureID=ENDP_FW_META_FW" checkSecurityToken="true"/>
		<action name="GroupExportSelected.do" execute="exportSelected"
		        permission="perm:ENDP_FW_META.policy.view?featureID=ENDP_FW_META_FW" checkSecurityToken="true"/>
		<action name="GroupFinishEditSingleFireCoreFWRule.do" execute="finishEditSingleFireCoreFWRule"
		        permission="perm:ENDP_FW_META.policy.edit?featureID=ENDP_FW_META_FW" checkSecurityToken="true"/>
		<action name="GroupFinishCatalogAdd.do" execute="finishCatalogAdd"
		        permission="perm:ENDP_FW_META.policy.edit?featureID=ENDP_FW_META_FW" checkSecurityToken="true"/>
		<action name="GroupSaveFireCoreFWRules.do" execute="saveFireCoreFWRules"
		        permission="perm:ENDP_FW_META.policy.edit?featureID=ENDP_FW_META_FW" checkSecurityToken="true"/>
		<action name="GroupFireCoreColumnSelect.do" execute="selectColumns"
		        permission="perm:ENDP_FW_META.policy.view?featureID=ENDP_FW_META_FW" checkSecurityToken="true"/>
		<action name="GroupFireCoreFinishColumnSelect.do" execute="selectColumnsFinish"
		        permission="perm:ENDP_FW_META.policy.view?featureID=ENDP_FW_META_FW" checkSecurityToken="true"/>
        <action name="UpdateFireCoreFWRuleList.do" execute="updateFireCoreFWRuleList"
                permission="perm:ENDP_FW_META.policy.edit?featureID=ENDP_FW_META_FW" checkSecurityToken="true"/>
    </action-set>

	<action-set bean="ENDP_FW_META.actions.catalog.rule">
		<action name="RuleTable.do" execute="table"
		        permission="perm:ENDP_FW_META.policy.view?featureID=ENDP_FW_META_FW" checkSecurityToken="false"/>
		<action name="RuleEdit.do" execute="edit"
		        permission="perm:ENDP_FW_META.policy.edit?featureID=ENDP_FW_META_FW" checkSecurityToken="true"/>
		<action name="RuleView.do" execute="view"
		        permission="perm:ENDP_FW_META.policy.view?featureID=ENDP_FW_META_FW" checkSecurityToken="true"/>
		<action name="RuleEditFinish.do" execute="editFinish"
		        permission="perm:ENDP_FW_META.policy.edit?featureID=ENDP_FW_META_FW" checkSecurityToken="true"/>
		<action name="RuleCreate.do" execute="create"
		        permission="perm:ENDP_FW_META.policy.edit?featureID=ENDP_FW_META_FW" checkSecurityToken="true"/>
		<action name="RuleImportUpload.do" execute="importUpload"
		        permission="perm:ENDP_FW_META.policy.edit?featureID=ENDP_FW_META_FW" checkSecurityToken="true"/>
		<action name="RuleImportReview.do" execute="importReview"
		        permission="perm:ENDP_FW_META.policy.edit?featureID=ENDP_FW_META_FW" checkSecurityToken="true"/>
		<action name="RuleImportFinish.do" execute="importFinish"
		        permission="perm:ENDP_FW_META.policy.edit?featureID=ENDP_FW_META_FW" checkSecurityToken="true"/>
		<action name="RuleDelete.do" execute="delete"
		        permission="perm:ENDP_FW_META.policy.edit?featureID=ENDP_FW_META_FW" checkSecurityToken="true"/>
		<action name="RuleDeleteFinish.do" execute="deleteFinish"
		        permission="perm:ENDP_FW_META.policy.edit?featureID=ENDP_FW_META_FW" checkSecurityToken="true"/>
		<action name="RuleExport.do" execute="export"
		        permission="perm:ENDP_FW_META.policy.view?featureID=ENDP_FW_META_FW" checkSecurityToken="true"/>
		<action name="RuleExportAll.do" execute="exportAll"
		        permission="perm:ENDP_FW_META.policy.view?featureID=ENDP_FW_META_FW" checkSecurityToken="true"/>
		<action name="RuleDuplicate.do" execute="duplicate"
		        permission="perm:ENDP_FW_META.policy.edit?featureID=ENDP_FW_META_FW" checkSecurityToken="true"/>
		<action name="RuleDependencyEdit.do" execute="editDependencies"
		        permission="perm:ENDP_FW_META.policy.view?featureID=ENDP_FW_META_FW" checkSecurityToken="false"/>
		<action name="RuleDependencyAsyncQuery.do" execute="retrieveDependencies"
		        permission="perm:ENDP_FW_META.policy.view?featureID=ENDP_FW_META_FW" checkSecurityToken="false"/>
		<action name="RuleDependencyEditFinish.do" execute="editDependenciesFinish"
		        permission="perm:ENDP_FW_META.policy.edit?featureID=ENDP_FW_META_FW" checkSecurityToken="true"/>
		<action name="RuleFilter.do" execute="filter"
		        permission="perm:ENDP_FW_META.policy.view?featureID=ENDP_FW_META_FW" checkSecurityToken="false"/>
		<action name="RuleCancel.do" execute="cancel"
		        permission="perm:ENDP_FW_META.policy.view?featureID=ENDP_FW_META_FW" checkSecurityToken="false"/>
		<action name="RuleSelectColumns.do" execute="selectColumns"
		        permission="perm:ENDP_FW_META.policy.view?featureID=ENDP_FW_META_FW" checkSecurityToken="true"/>
		<action name="RuleSelectColumnsFinish.do" execute="selectColumnsFinish"
		        permission="perm:ENDP_FW_META.policy.view?featureID=ENDP_FW_META_FW" checkSecurityToken="false"/>
	</action-set>

	<action-set bean="ENDP_FW_META.actions.catalog.application">
		<action name="ApplicationTable.do" execute="table" permission="perm:ENDP_FW_META.policy.view?featureID=ENDP_FW_META_FW" checkSecurityToken="false"/>
		<action name="ApplicationEdit.do" execute="edit"
		        permission="perm:ENDP_FW_META.policy.edit?featureID=ENDP_FW_META_FW" checkSecurityToken="true"/>
		<action name="ApplicationView.do" execute="view"
		        permission="perm:ENDP_FW_META.policy.view?featureID=ENDP_FW_META_FW" checkSecurityToken="true"/>
		<action name="ApplicationEditFinish.do" execute="editFinish"
		        permission="perm:ENDP_FW_META.policy.edit?featureID=ENDP_FW_META_FW" checkSecurityToken="true"/>
		<action name="ApplicationCreate.do" execute="create"
		        permission="perm:ENDP_FW_META.policy.edit?featureID=ENDP_FW_META_FW" checkSecurityToken="true"/>
		<action name="ApplicationImportUpload.do" execute="importUpload"
		        permission="perm:ENDP_FW_META.policy.edit?featureID=ENDP_FW_META_FW" checkSecurityToken="true"/>
		<action name="ApplicationImportReview.do" execute="importReview"
		        permission="perm:ENDP_FW_META.policy.edit?featureID=ENDP_FW_META_FW" checkSecurityToken="true"/>
		<action name="ApplicationImportFinish.do" execute="importFinish"
		        permission="perm:ENDP_FW_META.policy.edit?featureID=ENDP_FW_META_FW" checkSecurityToken="true"/>
		<action name="ApplicationDelete.do" execute="delete"
		        permission="perm:ENDP_FW_META.policy.edit?featureID=ENDP_FW_META_FW" checkSecurityToken="true"/>
		<action name="ApplicationDeleteFinish.do" execute="deleteFinish"
		        permission="perm:ENDP_FW_META.policy.edit?featureID=ENDP_FW_META_FW" checkSecurityToken="true"/>
		<action name="ApplicationExport.do" execute="export"
		        permission="perm:ENDP_FW_META.policy.view?featureID=ENDP_FW_META_FW" checkSecurityToken="true"/>
		<action name="ApplicationExportAll.do" execute="exportAll"
		        permission="perm:ENDP_FW_META.policy.view?featureID=ENDP_FW_META_FW" checkSecurityToken="true"/>
		<action name="ApplicationDuplicate.do" execute="duplicate"
		        permission="perm:ENDP_FW_META.policy.edit?featureID=ENDP_FW_META_FW" checkSecurityToken="true"/>
		<action name="ApplicationDependencyEdit.do" execute="editDependencies"
		        permission="perm:ENDP_FW_META.policy.view?featureID=ENDP_FW_META_FW" checkSecurityToken="true"/>
		<action name="ApplicationDependencyAsyncQuery.do" execute="retrieveDependencies"
		        permission="perm:ENDP_FW_META.policy.view?featureID=ENDP_FW_META_FW" checkSecurityToken="false"/>
		<action name="ApplicationDependencyEditFinish.do" execute="editDependenciesFinish"
		        permission="perm:ENDP_FW_META.policy.edit?featureID=ENDP_FW_META_FW" checkSecurityToken="true"/>
		<action name="ApplicationFilter.do" execute="filter"
		        permission="perm:ENDP_FW_META.policy.view?featureID=ENDP_FW_META_FW" checkSecurityToken="false"/>
		<action name="ApplicationCancel.do" execute="cancel"
		        permission="perm:ENDP_FW_META.policy.view?featureID=ENDP_FW_META_FW" checkSecurityToken="false"/>
		<action name="ApplicationExecutableEdit.do" execute="executableEdit"
		        permission="perm:ENDP_FW_META.policy.edit?featureID=ENDP_FW_META_FW" checkSecurityToken="true"/>
		<action name="ApplicationExecutableCreate.do" execute="executableCreate"
		        permission="perm:ENDP_FW_META.policy.edit?featureID=ENDP_FW_META_FW" checkSecurityToken="true"/>
		<action name="ApplicationExecutableView.do" execute="executableView"
		        permission="perm:ENDP_FW_META.policy.view?featureID=ENDP_FW_META_FW" checkSecurityToken="true"/>
		<action name="ApplicationExecutableEditFinish.do" execute="executableEditFinish"
		        permission="perm:ENDP_FW_META.policy.edit?featureID=ENDP_FW_META_FW" checkSecurityToken="true"/>
		<action name="ApplicationExecutableCatalogAdd.do" execute="executableCatalogAdd"
		        permission="perm:ENDP_FW_META.policy.edit?featureID=ENDP_FW_META_FW" checkSecurityToken="true"/>
		<action name="ApplicationExecutableCatalogAddFinish.do" execute="executableCatalogAddFinish"
		        permission="perm:ENDP_FW_META.policy.edit?featureID=ENDP_FW_META_FW" checkSecurityToken="true"/>
		<action name="ApplicationExecutableEditCancel.do" execute="executableEditCancel"
		        permission="perm:ENDP_FW_META.policy.view?featureID=ENDP_FW_META_FW" checkSecurityToken="true"/>
		<action name="ApplicationExecutableDuplicate.do" execute="executableDuplicate"
		        permission="perm:ENDP_FW_META.policy.edit?featureID=ENDP_FW_META_FW" checkSecurityToken="true"/>

		<action name="ApplicationExecutableDependencyEdit.do" execute="executableEditDependencies"
		        permission="perm:ENDP_FW_META.policy.view?featureID=ENDP_FW_META_FW" checkSecurityToken="true"/>
		<action name="ApplicationExecutableDependencyAsyncQuery.do" execute="executableRetrieveDependencies"
		        permission="perm:ENDP_FW_META.policy.view?featureID=ENDP_FW_META_FW" checkSecurityToken="false"/>
		<action name="ApplicationExecutableDependencyEditFinish.do" execute="executableEditDependenciesFinish"
		        permission="perm:ENDP_FW_META.policy.edit?featureID=ENDP_FW_META_FW" checkSecurityToken="true"/>

		<action name="ApplicationSelectColumns.do" execute="selectColumns"
		        permission="perm:ENDP_FW_META.policy.view?featureID=ENDP_FW_META_FW" checkSecurityToken="true"/>
		<action name="ApplicationSelectColumnsFinish.do" execute="selectColumnsFinish"
		        permission="perm:ENDP_FW_META.policy.view?featureID=ENDP_FW_META_FW" checkSecurityToken="false"/>
	</action-set>

	<action-set bean="ENDP_FW_META.actions.fwWizard.application">
		<action name="WizardApplicationTable.do" execute="table" permission="perm:ENDP_FW_META.policy.view?featureID=ENDP_FW_META_FW" checkSecurityToken="false"/>
		<action name="WizardApplicationEdit.do" execute="edit"
		        permission="perm:ENDP_FW_META.policy.edit?featureID=ENDP_FW_META_FW" checkSecurityToken="true"/>
		<action name="WizardApplicationView.do" execute="view"
		        permission="perm:ENDP_FW_META.policy.view?featureID=ENDP_FW_META_FW" checkSecurityToken="false"/>
		<action name="WizardApplicationEditFinish.do" execute="editFinish"
		        permission="perm:ENDP_FW_META.policy.edit?featureID=ENDP_FW_META_FW" checkSecurityToken="true"/>
		<action name="WizardApplicationCreate.do" execute="create"
		        permission="perm:ENDP_FW_META.policy.edit?featureID=ENDP_FW_META_FW" checkSecurityToken="true"/>
		<action name="WizardApplicationImportUpload.do" execute="importUpload"
		        permission="perm:ENDP_FW_META.policy.edit?featureID=ENDP_FW_META_FW" checkSecurityToken="true"/>
		<action name="WizardApplicationImportReview.do" execute="importReview"
		        permission="perm:ENDP_FW_META.policy.edit?featureID=ENDP_FW_META_FW" checkSecurityToken="true"/>
		<action name="WizardApplicationImportFinish.do" execute="importFinish"
		        permission="perm:ENDP_FW_META.policy.edit?featureID=ENDP_FW_META_FW" checkSecurityToken="true"/>
		<action name="WizardApplicationDelete.do" execute="delete"
		        permission="perm:ENDP_FW_META.policy.edit?featureID=ENDP_FW_META_FW" checkSecurityToken="true"/>
		<action name="WizardApplicationDeleteFinish.do" execute="deleteFinish"
		        permission="perm:ENDP_FW_META.policy.edit?featureID=ENDP_FW_META_FW" checkSecurityToken="true"/>
		<action name="WizardApplicationExport.do" execute="export"
		        permission="perm:ENDP_FW_META.policy.view?featureID=ENDP_FW_META_FW" checkSecurityToken="true"/>
		<action name="WizardApplicationExportAll.do" execute="exportAll"
		        permission="perm:ENDP_FW_META.policy.view?featureID=ENDP_FW_META_FW" checkSecurityToken="true"/>
		<action name="WizardApplicationDuplicate.do" execute="duplicate"
		        permission="perm:ENDP_FW_META.policy.edit?featureID=ENDP_FW_META_FW" checkSecurityToken="true"/>
		<action name="WizardApplicationDependencyEdit.do" execute="editDependencies"
		        permission="perm:ENDP_FW_META.policy.view?featureID=ENDP_FW_META_FW" checkSecurityToken="false"/>
		<action name="WizardApplicationDependencyAsyncQuery.do" execute="retrieveDependencies"
		        permission="perm:ENDP_FW_META.policy.view?featureID=ENDP_FW_META_FW" checkSecurityToken="false"/>
		<action name="WizardApplicationDependencyEditFinish.do" execute="editDependenciesFinish"
		        permission="perm:ENDP_FW_META.policy.edit?featureID=ENDP_FW_META_FW" checkSecurityToken="true"/>
		<action name="WizardApplicationFilter.do" execute="filter"
		        permission="perm:ENDP_FW_META.policy.view?featureID=ENDP_FW_META_FW" checkSecurityToken="false"/>
		<action name="WizardApplicationCancel.do" execute="cancel"
		        permission="perm:ENDP_FW_META.policy.view?featureID=ENDP_FW_META_FW" checkSecurityToken="false"/>
		<action name="WizardApplicationExecutableEdit.do" execute="executableEdit"
		        permission="perm:ENDP_FW_META.policy.edit?featureID=ENDP_FW_META_FW" checkSecurityToken="true"/>
		<action name="WizardApplicationExecutableCreate.do" execute="executableCreate"
		        permission="perm:ENDP_FW_META.policy.edit?featureID=ENDP_FW_META_FW" checkSecurityToken="true"/>
		<action name="WizardApplicationExecutableView.do" execute="executableView"
		        permission="perm:ENDP_FW_META.policy.view?featureID=ENDP_FW_META_FW" checkSecurityToken="true"/>
		<action name="WizardApplicationExecutableEditFinish.do" execute="executableEditFinish"
		        permission="perm:ENDP_FW_META.policy.edit?featureID=ENDP_FW_META_FW" checkSecurityToken="true"/>
		<action name="WizardApplicationExecutableCatalogAdd.do" execute="executableCatalogAdd"
		        permission="perm:ENDP_FW_META.policy.edit?featureID=ENDP_FW_META_FW" checkSecurityToken="true"/>
		<action name="WizardApplicationExecutableCatalogAddFinish.do" execute="executableCatalogAddFinish"
		        permission="perm:ENDP_FW_META.policy.edit?featureID=ENDP_FW_META_FW" checkSecurityToken="true"/>
		<action name="WizardApplicationExecutableEditCancel.do" execute="executableEditCancel"
		        permission="perm:ENDP_FW_META.policy.view?featureID=ENDP_FW_META_FW" checkSecurityToken="true"/>
		<action name="WizardApplicationExecutableDuplicate.do" execute="executableDuplicate"
		        permission="perm:ENDP_FW_META.policy.edit?featureID=ENDP_FW_META_FW" checkSecurityToken="true"/>

		<action name="WizardApplicationExecutableAddToCatalog.do" execute="addExecutableToCatalog"
		        permission="perm:ENDP_FW_META.policy.edit?featureID=ENDP_FW_META_FW" checkSecurityToken="true"/>
		<action name="WizardApplicationExecutableBreakFromCatalog.do" execute="breakExecutableFromCatalog"
		        permission="perm:ENDP_FW_META.policy.edit?featureID=ENDP_FW_META_FW" checkSecurityToken="true"/>

		<action name="WizardApplicationExecutableDependencyEdit.do" execute="executableEditDependencies"
		        permission="perm:ENDP_FW_META.policy.view?featureID=ENDP_FW_META_FW" checkSecurityToken="true"/>
		<action name="WizardApplicationExecutableDependencyAsyncQuery.do" execute="executableRetrieveDependencies"
		        permission="perm:ENDP_FW_META.policy.view?featureID=ENDP_FW_META_FW" checkSecurityToken="false"/>
		<action name="WizardApplicationExecutableDependencyEditFinish.do" execute="executableEditDependenciesFinish"
		        permission="perm:ENDP_FW_META.policy.edit?featureID=ENDP_FW_META_FW" checkSecurityToken="true"/>

		<action name="WizardApplicationSelectColumns.do" execute="selectColumns"
		        permission="perm:ENDP_FW_META.policy.view?featureID=ENDP_FW_META_FW" checkSecurityToken="false"/>
		<action name="WizardApplicationSelectColumnsFinish.do" execute="selectColumnsFinish"
		        permission="perm:ENDP_FW_META.policy.view?featureID=ENDP_FW_META_FW" checkSecurityToken="false"/>
	</action-set>




	<action-set bean="ENDP_FW_META.actions.catalog.executable">
		<action name="ExecutableTable.do" execute="table"
		        permission="perm:ENDP_FW_META.policy.view?featureID=ENDP_FW_META_FW" checkSecurityToken="false"/>
		<action name="ExecutableEdit.do" execute="edit"
		        permission="perm:ENDP_FW_META.policy.edit?featureID=ENDP_FW_META_FW" checkSecurityToken="true"/>
		<action name="ExecutableView.do" execute="view"
		        permission="perm:ENDP_FW_META.policy.view?featureID=ENDP_FW_META_FW" checkSecurityToken="true"/>
		<action name="ExecutableEditFinish.do" execute="editFinish"
		        permission="perm:ENDP_FW_META.policy.edit?featureID=ENDP_FW_META_FW" checkSecurityToken="true"/>
		<action name="ExecutableCreate.do" execute="create"
		        permission="perm:ENDP_FW_META.policy.edit?featureID=ENDP_FW_META_FW" checkSecurityToken="true"/>
		<action name="ExecutableImportUpload.do" execute="importUpload"
		        permission="perm:ENDP_FW_META.policy.edit?featureID=ENDP_FW_META_FW" checkSecurityToken="true"/>
		<action name="ExecutableImportReview.do" execute="importReview"
		        permission="perm:ENDP_FW_META.policy.edit?featureID=ENDP_FW_META_FW" checkSecurityToken="true"/>
		<action name="ExecutableImportFinish.do" execute="importFinish"
		        permission="perm:ENDP_FW_META.policy.edit?featureID=ENDP_FW_META_FW" checkSecurityToken="true"/>
		<action name="ExecutableDelete.do" execute="delete"
		        permission="perm:ENDP_FW_META.policy.edit?featureID=ENDP_FW_META_FW" checkSecurityToken="true"/>
		<action name="ExecutableDeleteFinish.do" execute="deleteFinish"
		        permission="perm:ENDP_FW_META.policy.edit?featureID=ENDP_FW_META_FW" checkSecurityToken="true"/>
		<action name="ExecutableExport.do" execute="export"
		        permission="perm:ENDP_FW_META.policy.view?featureID=ENDP_FW_META_FW" checkSecurityToken="true"/>
		<action name="ExecutableExportAll.do" execute="exportAll"
		        permission="perm:ENDP_FW_META.policy.view?featureID=ENDP_FW_META_FW" checkSecurityToken="true"/>
		<action name="ExecutableDuplicate.do" execute="duplicate"
		        permission="perm:ENDP_FW_META.policy.edit?featureID=ENDP_FW_META_FW" checkSecurityToken="true"/>
		<action name="ExecutableDependencyEdit.do" execute="editDependencies"
		        permission="perm:ENDP_FW_META.policy.view?featureID=ENDP_FW_META_FW" checkSecurityToken="true"/>
		<action name="ExecutableDependencyAsyncQuery.do" execute="retrieveDependencies"
		        permission="perm:ENDP_FW_META.policy.view?featureID=ENDP_FW_META_FW" checkSecurityToken="false"/>
		<action name="ExecutableDependencyEditFinish.do" execute="editDependenciesFinish"
		        permission="perm:ENDP_FW_META.policy.edit?featureID=ENDP_FW_META_FW" checkSecurityToken="true"/>
		<action name="ExecutableFilter.do" execute="filter"
		        permission="perm:ENDP_FW_META.policy.view?featureID=ENDP_FW_META_FW" checkSecurityToken="false"/>
		<action name="ExecutableCancel.do" execute="cancel"
		        permission="perm:ENDP_FW_META.policy.view?featureID=ENDP_FW_META_FW" checkSecurityToken="false"/>
		<action name="ExecutableSelectColumns.do" execute="selectColumns"
		        permission="perm:ENDP_FW_META.policy.view?featureID=ENDP_FW_META_FW" checkSecurityToken="true"/>
		<action name="ExecutableSelectColumnsFinish.do" execute="selectColumnsFinish"
		        permission="perm:ENDP_FW_META.policy.view?featureID=ENDP_FW_META_FW" checkSecurityToken="false"/>
		<action name="ExecutableAutocompleteSignerNames.do" execute="autocompleteSigner"
		        permission="perm:ENDP_FW_META.policy.view?featureID=ENDP_FW_META_FW" checkSecurityToken="false"/>
		<action name="ExecutableValidateSignerName.do" execute="validateSigner"
		        permission="perm:ENDP_FW_META.policy.view?featureID=ENDP_FW_META_FW" checkSecurityToken="false"/>
	</action-set>

	<action-set bean="ENDP_FW_META.actions.catalog.namedNetwork">
		<action name="NamedNetworkTable.do" execute="table"
		        permission="perm:ENDP_FW_META.policy.view?featureID=ENDP_FW_META_FW" checkSecurityToken="false"/>
		<action name="NamedNetworkEdit.do" execute="edit"
		        permission="perm:ENDP_FW_META.policy.edit?featureID=ENDP_FW_META_FW" checkSecurityToken="true"/>
		<action name="NamedNetworkView.do" execute="view"
		        permission="perm:ENDP_FW_META.policy.view?featureID=ENDP_FW_META_FW" checkSecurityToken="true"/>
		<action name="NamedNetworkEditFinish.do" execute="editFinish"
		        permission="perm:ENDP_FW_META.policy.edit?featureID=ENDP_FW_META_FW" checkSecurityToken="true"/>
		<action name="NamedNetworkCreate.do" execute="create"
		        permission="perm:ENDP_FW_META.policy.edit?featureID=ENDP_FW_META_FW" checkSecurityToken="true"/>
		<action name="NamedNetworkImportUpload.do" execute="importUpload"
		        permission="perm:ENDP_FW_META.policy.edit?featureID=ENDP_FW_META_FW" checkSecurityToken="true"/>
		<action name="NamedNetworkImportReview.do" execute="importReview"
		        permission="perm:ENDP_FW_META.policy.edit?featureID=ENDP_FW_META_FW" checkSecurityToken="true"/>
		<action name="NamedNetworkImportFinish.do" execute="importFinish"
		        permission="perm:ENDP_FW_META.policy.edit?featureID=ENDP_FW_META_FW" checkSecurityToken="true"/>
		<action name="NamedNetworkDelete.do" execute="delete"
		        permission="perm:ENDP_FW_META.policy.edit?featureID=ENDP_FW_META_FW" checkSecurityToken="true"/>
		<action name="NamedNetworkDeleteFinish.do" execute="deleteFinish"
		        permission="perm:ENDP_FW_META.policy.edit?featureID=ENDP_FW_META_FW" checkSecurityToken="true"/>
		<action name="NamedNetworkExport.do" execute="export"
		        permission="perm:ENDP_FW_META.policy.view?featureID=ENDP_FW_META_FW" checkSecurityToken="true"/>
		<action name="NamedNetworkExportAll.do" execute="exportAll"
		        permission="perm:ENDP_FW_META.policy.view?featureID=ENDP_FW_META_FW" checkSecurityToken="true"/>
		<action name="NamedNetworkDuplicate.do" execute="duplicate"
		        permission="perm:ENDP_FW_META.policy.edit?featureID=ENDP_FW_META_FW" checkSecurityToken="true"/>
		<action name="NamedNetworkDependencyEdit.do" execute="editDependencies"
		        permission="perm:ENDP_FW_META.policy.view?featureID=ENDP_FW_META_FW" checkSecurityToken="true"/>
		<action name="NamedNetworkDependencyAsyncQuery.do" execute="retrieveDependencies"
		        permission="perm:ENDP_FW_META.policy.view?featureID=ENDP_FW_META_FW" checkSecurityToken="false"/>
		<action name="NamedNetworkDependencyEditFinish.do" execute="editDependenciesFinish"
		        permission="perm:ENDP_FW_META.policy.edit?featureID=ENDP_FW_META_FW" checkSecurityToken="true"/>
		<action name="NamedNetworkFilter.do" execute="filter"
		        permission="perm:ENDP_FW_META.policy.view?featureID=ENDP_FW_META_FW" checkSecurityToken="false"/>
		<action name="NamedNetworkCancel.do" execute="cancel"
		        permission="perm:ENDP_FW_META.policy.view?featureID=ENDP_FW_META_FW" checkSecurityToken="false"/>
		<action name="NamedNetworkSelectColumns.do" execute="selectColumns"
		        permission="perm:ENDP_FW_META.policy.view?featureID=ENDP_FW_META_FW" checkSecurityToken="true"/>
		<action name="NamedNetworkSelectColumnsFinish.do" execute="selectColumnsFinish"
		        permission="perm:ENDP_FW_META.policy.view?featureID=ENDP_FW_META_FW" checkSecurityToken="false"/>
	</action-set>

	<action-set bean="ENDP_FW_META.actions.catalog.location">
		<action name="LocationTable.do" execute="table"
		        permission="perm:ENDP_FW_META.policy.view?featureID=ENDP_FW_META_FW" checkSecurityToken="false"/>
		<action name="LocationEdit.do" execute="edit"
		        permission="perm:ENDP_FW_META.policy.edit?featureID=ENDP_FW_META_FW" checkSecurityToken="true"/>
		<action name="LocationView.do" execute="view"
		        permission="perm:ENDP_FW_META.policy.view?featureID=ENDP_FW_META_FW" checkSecurityToken="true"/>
		<action name="LocationEditFinish.do" execute="editFinish"
		        permission="perm:ENDP_FW_META.policy.edit?featureID=ENDP_FW_META_FW" checkSecurityToken="true"/>
		<action name="LocationCreate.do" execute="create"
		        permission="perm:ENDP_FW_META.policy.edit?featureID=ENDP_FW_META_FW" checkSecurityToken="true"/>
		<action name="LocationImportUpload.do" execute="importUpload"
		        permission="perm:ENDP_FW_META.policy.edit?featureID=ENDP_FW_META_FW" checkSecurityToken="true"/>
		<action name="LocationImportReview.do" execute="importReview"
		        permission="perm:ENDP_FW_META.policy.edit?featureID=ENDP_FW_META_FW" checkSecurityToken="true"/>
		<action name="LocationImportFinish.do" execute="importFinish"
		        permission="perm:ENDP_FW_META.policy.edit?featureID=ENDP_FW_META_FW" checkSecurityToken="true"/>
		<action name="LocationDelete.do" execute="delete"
		        permission="perm:ENDP_FW_META.policy.edit?featureID=ENDP_FW_META_FW" checkSecurityToken="true"/>
		<action name="LocationDeleteFinish.do" execute="deleteFinish"
		        permission="perm:ENDP_FW_META.policy.edit?featureID=ENDP_FW_META_FW" checkSecurityToken="true"/>
		<action name="LocationExport.do" execute="export"
		        permission="perm:ENDP_FW_META.policy.view?featureID=ENDP_FW_META_FW" checkSecurityToken="true"/>
		<action name="LocationExportAll.do" execute="exportAll"
		        permission="perm:ENDP_FW_META.policy.view?featureID=ENDP_FW_META_FW" checkSecurityToken="true"/>
		<action name="LocationDuplicate.do" execute="duplicate"
		        permission="perm:ENDP_FW_META.policy.edit?featureID=ENDP_FW_META_FW" checkSecurityToken="true"/>
		<action name="LocationDependencyEdit.do" execute="editDependencies"
		        permission="perm:ENDP_FW_META.policy.view?featureID=ENDP_FW_META_FW" checkSecurityToken="true"/>
		<action name="LocationDependencyAsyncQuery.do" execute="retrieveDependencies"
		        permission="perm:ENDP_FW_META.policy.view?featureID=ENDP_FW_META_FW" checkSecurityToken="false"/>
		<action name="LocationDependencyEditFinish.do" execute="editDependenciesFinish"
		        permission="perm:ENDP_FW_META.policy.edit?featureID=ENDP_FW_META_FW" checkSecurityToken="true"/>
		<action name="LocationFilter.do" execute="filter"
		        permission="perm:ENDP_FW_META.policy.view?featureID=ENDP_FW_META_FW" checkSecurityToken="false"/>
		<action name="LocationCancel.do" execute="cancel"
		        permission="perm:ENDP_FW_META.policy.view?featureID=ENDP_FW_META_FW" checkSecurityToken="false"/>
		<action name="LocationSelectColumns.do" execute="selectColumns"
		        permission="perm:ENDP_FW_META.policy.view?featureID=ENDP_FW_META_FW" checkSecurityToken="true"/>
		<action name="LocationSelectColumnsFinish.do" execute="selectColumnsFinish"
		        permission="perm:ENDP_FW_META.policy.view?featureID=ENDP_FW_META_FW" checkSecurityToken="false"/>
	</action-set>

	<action-set bean="ENDP_FW_META.actions.catalog.serviceName">
		<action name="ServiceNameTable.do" execute="table"
		        permission="perm:ENDP_FW_META.policy.view?featureID=ENDP_FW_META_FW" checkSecurityToken="false"/>
		<action name="ServiceNameEdit.do" execute="edit"
		        permission="perm:ENDP_FW_META.policy.edit?featureID=ENDP_FW_META_FW" checkSecurityToken="true"/>
		<action name="ServiceNameView.do" execute="view"
		        permission="perm:ENDP_FW_META.policy.view?featureID=ENDP_FW_META_FW" checkSecurityToken="false"/>
		<action name="ServiceNameEditFinish.do" execute="editFinish"
		        permission="perm:ENDP_FW_META.policy.edit?featureID=ENDP_FW_META_FW" checkSecurityToken="true"/>
		<action name="ServiceNameCreate.do" execute="create"
		        permission="perm:ENDP_FW_META.policy.edit?featureID=ENDP_FW_META_FW" checkSecurityToken="true"/>
		<action name="ServiceNameImportUpload.do" execute="importUpload"
		        permission="perm:ENDP_FW_META.policy.edit?featureID=ENDP_FW_META_FW" checkSecurityToken="true"/>
		<action name="ServiceNameImportReview.do" execute="importReview"
		        permission="perm:ENDP_FW_META.policy.edit?featureID=ENDP_FW_META_FW" checkSecurityToken="true"/>
		<action name="ServiceNameImportFinish.do" execute="importFinish"
		        permission="perm:ENDP_FW_META.policy.edit?featureID=ENDP_FW_META_FW" checkSecurityToken="true"/>
		<action name="ServiceNameDelete.do" execute="delete"
		        permission="perm:ENDP_FW_META.policy.edit?featureID=ENDP_FW_META_FW" checkSecurityToken="true"/>
		<action name="ProtectedApplicationView.do" execute="view"
		        permission="perm:ENDP_FW_META.policy.view?featureID=ENDP_FW_META_FW" checkSecurityToken="false"/>
		<action name="ServiceNameDeleteFinish.do" execute="deleteFinish"
		        permission="perm:ENDP_FW_META.policy.edit?featureID=ENDP_FW_META_FW" checkSecurityToken="true"/>
		<action name="ServiceNameExport.do" execute="export"
		        permission="perm:ENDP_FW_META.policy.view?featureID=ENDP_FW_META_FW" checkSecurityToken="true"/>
		<action name="ServiceNameExportAll.do" execute="exportAll"
		        permission="perm:ENDP_FW_META.policy.view?featureID=ENDP_FW_META_FW" checkSecurityToken="true"/>
		<action name="ServiceNameDuplicate.do" execute="duplicate"
		        permission="perm:ENDP_FW_META.policy.edit?featureID=ENDP_FW_META_FW" checkSecurityToken="true"/>
		<action name="ServiceNameDependencyEdit.do" execute="editDependencies"
		        permission="perm:ENDP_FW_META.policy.view?featureID=ENDP_FW_META_FW" checkSecurityToken="false"/>
		<action name="ServiceNameDependencyAsyncQuery.do" execute="retrieveDependencies"
		        permission="perm:ENDP_FW_META.policy.view?featureID=ENDP_FW_META_FW" checkSecurityToken="false"/>
		<action name="ServiceNameDependencyEditFinish.do" execute="editDependenciesFinish"
		        permission="perm:ENDP_FW_META.policy.edit?featureID=ENDP_FW_META_FW" checkSecurityToken="true"/>
		<action name="ServiceNameFilter.do" execute="filter"
		        permission="perm:ENDP_FW_META.policy.view?featureID=ENDP_FW_META_FW" checkSecurityToken="false"/>
		<action name="ServiceNameCancel.do" execute="cancel"
		        permission="perm:ENDP_FW_META.policy.view?featureID=ENDP_FW_META_FW" checkSecurityToken="false"/>
		<action name="ServiceNameSelectColumns.do" execute="selectColumns"
		        permission="perm:ENDP_FW_META.policy.view?featureID=ENDP_FW_META_FW" checkSecurityToken="false"/>
		<action name="ServiceNameSelectColumnsFinish.do" execute="selectColumnsFinish"
		        permission="perm:ENDP_FW_META.policy.view?featureID=ENDP_FW_META_FW" checkSecurityToken="false"/>
	</action-set>

	<action-set bean="ENDP_FW_META.actions.catalog.selectFromCatalog">
		<action name="catalogSelect.do" execute="select"
		        permission="perm:ENDP_FW_META.policy.view?featureID=ENDP_FW_META_FW" checkSecurityToken="false"/>
		<action name="filterCatalogSelect.do" execute="filterSelect"
		        permission="perm:ENDP_FW_META.policy.view?featureID=ENDP_FW_META_FW" checkSecurityToken="false"/>
		<action name="catalogSelectFinish.do" execute="selectFinish"
		        permission="perm:ENDP_FW_META.policy.view?featureID=ENDP_FW_META_FW" checkSecurityToken="false"/>
	</action-set>

	<action-set bean="ENDP_FW_META.actions.fw.fireCoreRules">
		<action name="EditFireCoreFWRules.do" execute="editPolicy"
		        permission="perm:ENDP_FW_META.policy.view?featureID=ENDP_FW_META_FW" checkSecurityToken="false"/>
		<action name="ReEditFireCoreFWRules.do" execute="reeditPolicy"
		        permission="perm:ENDP_FW_META.policy.view?featureID=ENDP_FW_META_FW" checkSecurityToken="true"/>
		<action name="CancelFireCoreFWRules.do" execute="cancelEdit"
		        permission="perm:ENDP_FW_META.policy.view?featureID=ENDP_FW_META_FW" checkSecurityToken="true"/>
		<action name="AddSingleFireCoreFWRule.do" execute="addSingleFireCoreFWRule"
		        permission="perm:ENDP_FW_META.policy.edit?featureID=ENDP_FW_META_FW" checkSecurityToken="true"/>
		<action name="AddSingleFireCoreFWGroup.do" execute="addSingleFireCoreFWGroup"
		        permission="perm:ENDP_FW_META.policy.edit?featureID=ENDP_FW_META_FW" checkSecurityToken="true"/>
		<action name="AddSingleFireCoreFWGroup2.do" execute="addSingleFireCoreFWGroup2"
		        permission="perm:ENDP_FW_META.policy.edit?featureID=ENDP_FW_META_FW" checkSecurityToken="true"/>
		<action name="EditSingleFireCoreFWRule.do" execute="editSingleFireCoreFWRule"
		        permission="perm:ENDP_FW_META.policy.edit?featureID=ENDP_FW_META_FW" checkSecurityToken="true"/>
		<action name="ViewSingleFireCoreFWRule.do" execute="viewSingleFireCoreFWRule"
		        permission="perm:ENDP_FW_META.policy.view?featureID=ENDP_FW_META_FW" checkSecurityToken="false"/>
		<action name="AddRuleFromCatalog.do" execute="addRuleFromCatalog"
		        permission="perm:ENDP_FW_META.policy.edit?featureID=ENDP_FW_META_FW" checkSecurityToken="true"/>
		<action name="AddGroupFromCatalog.do" execute="addGroupFromCatalog"
		        permission="perm:ENDP_FW_META.policy.edit?featureID=ENDP_FW_META_FW" checkSecurityToken="true"/>
		<action name="exportSelected.do" execute="exportSelected"
		        permission="perm:ENDP_FW_META.policy.edit?featureID=ENDP_FW_META_FW" checkSecurityToken="true"/>
		<action name="FinishEditSingleFireCoreFWRule.do" execute="finishEditSingleFireCoreFWRule"
		        permission="perm:ENDP_FW_META.policy.edit?featureID=ENDP_FW_META_FW" checkSecurityToken="true"/>
		<action name="FinishCatalogAdd.do" execute="finishCatalogAdd"
		        permission="perm:ENDP_FW_META.policy.edit?featureID=ENDP_FW_META_FW" checkSecurityToken="true"/>
		<action name="SaveFireCoreFWRules.do" execute="saveFireCoreFWRules"
		        permission="perm:ENDP_FW_META.policy.edit?featureID=ENDP_FW_META_FW" checkSecurityToken="true"/>
		<action name="AddRuleToCatalog.do" execute="addTreeSelectionToCatalog"
		        permission="perm:ENDP_FW_META.policy.edit?featureID=ENDP_FW_META_FW" checkSecurityToken="true"/>
		<action name="BreakRuleFromCatalog.do" execute="breakFromCatalog"
		        permission="perm:ENDP_FW_META.policy.edit?featureID=ENDP_FW_META_FW" checkSecurityToken="true"/>
		<action name="editFirewallRule.do" execute="editFirewallRule"
		        permission="perm:ENDP_FW_META.policy.view?featureID=ENDP_FW_META_FW" checkSecurityToken="false"/>
		<action name="FireCoreColumnSelect.do" execute="selectColumns"
		        permission="perm:ENDP_FW_META.policy.view?featureID=ENDP_FW_META_FW" checkSecurityToken="true"/>
		<action name="FireCoreFinishColumnSelect.do" execute="selectColumnsFinish"
		        permission="perm:ENDP_FW_META.policy.view?featureID=ENDP_FW_META_FW" checkSecurityToken="true"/>
	</action-set>

	<action-set class="com.mcafee.endp.fw.firewall.actions.FirewallActions">
		<action name="addNamedNetwork.do" execute="addNamedNetwork" permission="perm:ENDP_FW_META.policy.edit?featureID=ENDP_FW_META_FW" checkSecurityToken="true"/>
		<action name="editNamedNetwork.do" execute="editNamedNetwork" permission="perm:ENDP_FW_META.policy.edit?featureID=ENDP_FW_META_FW" checkSecurityToken="true"/>
		<action name="saveNamedNetwork.do" execute="saveNamedNetwork" permission="perm:ENDP_FW_META.policy.edit?featureID=ENDP_FW_META_FW" checkSecurityToken="true"/>
		<action name="prepareDeleteNetwork.do" execute="prepareDeleteNetwork" permission="perm:ENDP_FW_META.policy.edit?featureID=ENDP_FW_META_FW" checkSecurityToken="true"/>
		<action name="deleteNamedNetwork.do" execute="deleteNamedNetwork" permission="perm:ENDP_FW_META.policy.edit?featureID=ENDP_FW_META_FW" checkSecurityToken="true"/>
		<action name="viewNetworkHosts.do" execute="viewNetworkHosts" permission="perm:ENDP_FW_META.policy.view?featureID=ENDP_FW_META_FW" checkSecurityToken="false"/>

		<action name="prepareAddApplication.do" execute="prepareAddApplication" permission="perm:ENDP_FW_META.policy.edit?featureID=ENDP_FW_META_FW" checkSecurityToken="true"/>
		<action name="prepareDeleteApplication.do" execute="prepareDeleteApplication" permission="perm:ENDP_FW_META.policy.edit?featureID=ENDP_FW_META_FW" checkSecurityToken="true"/>
		<action name="deleteRuleApplication.do" execute="deleteRuleApplication" permission="perm:ENDP_FW_META.policy.edit?featureID=ENDP_FW_META_FW" checkSecurityToken="true"/>
		<action name="prepareAppBreakFromCatalog.do" execute="prepareAppBreakFromCatalog" permission="perm:ENDP_FW_META.policy.edit?featureID=ENDP_FW_META_FW" checkSecurityToken="true"/>
		<action name="appBreakFromCatalog.do" execute="appBreakFromCatalog" permission="perm:ENDP_FW_META.policy.edit?featureID=ENDP_FW_META_FW" checkSecurityToken="true"/>
		<action name="viewApplicationContents.do" execute="viewApplicationContents" permission="perm:ENDP_FW_META.policy.view?featureID=ENDP_FW_META_FW" checkSecurityToken="true"/>

		<action name="commitToCatalog.do" execute="commitToCatalog" permission="perm:ENDP_FW_META.policy.edit?featureID=ENDP_FW_META_FW" checkSecurityToken="true"/>
		<action name="cancelSave.do" execute="cancelSave" permission="perm:ENDP_FW_META.policy.edit?featureID=ENDP_FW_META_FW" checkSecurityToken="true"/>
		<action name="loadCatalog.do" execute="loadCatalog" permission="perm:ENDP_FW_META.policy.edit?featureID=ENDP_FW_META_FW" checkSecurityToken="true"/>

		<action name="saveApplicationList.do" execute="saveApplicationList" permission="perm:ENDP_FW_META.policy.edit?featureID=ENDP_FW_META_FW" checkSecurityToken="true"/>
		<action name="saveNetworkList.do" execute="saveNetworkList" permission="perm:ENDP_FW_META.policy.edit?featureID=ENDP_FW_META_FW" checkSecurityToken="true"/>
		<action name="saveServiceList.do" execute="saveServiceList" permission="perm:ENDP_FW_META.policy.edit?featureID=ENDP_FW_META_FW" checkSecurityToken="true"/>
		<action name="saveLocationList.do" execute="saveLocationList" permission="perm:ENDP_FW_META.policy.edit?featureID=ENDP_FW_META_FW" checkSecurityToken="true"/>

		<action name="prepareAddLocation.do" execute="prepareAddLocation" permission="perm:ENDP_FW_META.policy.edit?featureID=ENDP_FW_META_FW" checkSecurityToken="true"/>
		<action name="prepareLocationBreakFromCatalog.do" execute="prepareLocationBreakFromCatalog"
		        permission="perm:ENDP_FW_META.policy.edit?featureID=ENDP_FW_META_FW" checkSecurityToken="true"/>
		<action name="locationBreakFromCatalog.do" execute="locationBreakFromCatalog" permission="perm:ENDP_FW_META.policy.edit?featureID=ENDP_FW_META_FW" checkSecurityToken="true"/>

		<action name="prepareAddNetwork.do" execute="prepareAddNetwork" permission="perm:ENDP_FW_META.policy.edit?featureID=ENDP_FW_META_FW" checkSecurityToken="true"/>
		<action name="prepareNetworkBreakFromCatalog.do" execute="prepareNetworkBreakFromCatalog"
		        permission="perm:ENDP_FW_META.policy.edit?featureID=ENDP_FW_META_FW" checkSecurityToken="true"/>
		<action name="networkBreakFromCatalog.do" execute="networkBreakFromCatalog" permission="perm:ENDP_FW_META.policy.edit?featureID=ENDP_FW_META_FW" checkSecurityToken="true"/>
	</action-set>

	<action-set bean="ENDP_FW_META.actions.RuleEditorActions">
		<action name="showRuleEditor.do" execute="showRuleEditor"
		        permission="perm:ENDP_FW_META.policy.view?featureID=ENDP_FW_META_FW" checkSecurityToken="false"/>
		<action name="showRuleEditorPage.do" execute="showRuleEditorPage"
		        permission="perm:ENDP_FW_META.policy.view?featureID=ENDP_FW_META_FW" checkSecurityToken="false"/>
		<action name="cancelRuleChanges.do" execute="cancelRuleChanges"
		        permission="perm:ENDP_FW_META.policy.view?featureID=ENDP_FW_META_FW" checkSecurityToken="false"/>
		<action name="saveRule.do" execute="saveRule"
		        permission="perm:ENDP_FW_META.policy.view?featureID=ENDP_FW_META_FW" checkSecurityToken="false"/>
		<action name="saveRuleProgress.do" execute="saveRuleProgress"
		        permission="perm:ENDP_FW_META.policy.view?featureID=ENDP_FW_META_FW" checkSecurityToken="true"/>
	</action-set>

	<action-set bean="ENDP_FW_META.actions.GroupEditorActions">
		<action name="showGroupEditor.do" execute="showGroupEditor"
		        permission="perm:ENDP_FW_META.policy.view?featureID=ENDP_FW_META_FW" checkSecurityToken="false"/>
		<action name="showGroupEditorPage.do" execute="showGroupEditorPage"
		        permission="perm:ENDP_FW_META.policy.view?featureID=ENDP_FW_META_FW" checkSecurityToken="false"/>
		<action name="cancelGroupChanges.do" execute="cancelGroupChanges"
		        permission="perm:ENDP_FW_META.policy.view?featureID=ENDP_FW_META_FW" checkSecurityToken="false"/>
		<action name="saveGroup.do" execute="saveGroup"
		        permission="perm:ENDP_FW_META.policy.view?featureID=ENDP_FW_META_FW" checkSecurityToken="false"/>
		<action name="saveGroupProgress.do" execute="saveGroupProgress"
		        permission="perm:ENDP_FW_META.policy.view?featureID=ENDP_FW_META_FW" checkSecurityToken="true"/>
	</action-set>

	<action-set class="com.mcafee.endp.fw.firewall.actions.CatalogActions">
		<action name="getServices.do" execute="getServices" permission="perm:ENDP_FW_META.policy.view?featureID=ENDP_FW_META_FW" checkSecurityToken="false"/>
	</action-set>

	<action-set bean="ENDP_FW_META.actions.role">
		<action name="editPermissions.do" execute="editPermissions" checkSecurityToken="false"/>
	</action-set>

	<action-set bean="ENDP_FW_META.catalogActions.role">
		<action name="editCatalogPermissions.do" execute="editCatalogPermissions" checkSecurityToken="false"/>
	</action-set>

	<action-set bean="ENDP_FW_META.loggingActions">
		<action name="loadDebugLogging.do" execute="getDebugLoggingUI" permission="perm:ENDP_GS_1000.policy.view?featureID=ENDP_GS_1000" checkSecurityToken="false"/>
		<action name="loadEventForwarding.do" execute="getEventForwardingUI" permission="perm:ENDP_GS_1000.policy.view?featureID=ENDP_GS_1000" checkSecurityToken="false"/>
	</action-set>
</mvc-action-config>
