<?xml version="1.0" encoding="UTF-8"?>
<!--
  ~ Copyright (C) 2014, McAfee, Inc.  All Rights Reserved.
 -->

<beans xmlns="http://www.springframework.org/schema/beans"
	   xmlns:xsi="http://www.w3.org/2001/XMLSchema-instance"
	   xsi:schemaLocation="http://www.springframework.org/schema/beans http://www.springframework.org/schema/beans/spring-beans-2.0.xsd">


	<!-- Feature List for Cloud Mode -->
	<bean id="ENDP_FW_META.features" class="com.mcafee.orion.core.auth.feature.FeatureList">
		<property name="extensionName" value="ENDP_FW_META"/>
		<property name="opsFeatures">
			<list>
				<value>ENDP_FW_META_PERM.ops.catalog</value>
				<value>ENDP_FW_META_PERM.ops.tasks</value>
			</list>
		</property>
		<property name="tenantFeatures">
			<list>
			</list>
		</property>
		<property name="authorizableFeatures">
			<list>
				<value>ENDP_FW_META</value>
				<value>ENDP_FW_META_PERM.catalog</value>
				<value>ENDP_FW_META_PERM.permission</value>
			</list>
		</property>
	</bean>

	<!-- Policy Permissions -->
	<bean id="ENDP_FW_META.role" class="com.mcafee.epo.product.auth.EPOProductRole" scope="prototype">
		<property name="roleList">
			<list>
				<!-- default product feature permissions provided by ePO -->
				<bean id="ENDP_FW_META.Feature1.role.noaccess" class="com.mcafee.epo.product.auth.EPOProductFeatureRoleNoAccess">
					<property name="roleID" value="ENDP_FW_META.ENDP_FW_META_GEN.noaccess"/>
					<property name="productID" value="ENDP_FW_META"/>
					<property name="featureID" value="ENDP_FW_META_GEN"/>
				</bean>
				<bean id="ENDP_FW_META.Feature1.role.reviewer" class="com.mcafee.epo.product.auth.EPOProductFeatureRoleReviewer">
					<property name="roleID" value="ENDP_FW_META.ENDP_FW_META_GEN.reviewer"/>
					<property name="productID" value="ENDP_FW_META"/>
					<property name="featureID" value="ENDP_FW_META_GEN"/>
				</bean>
				<bean id="ENDP_FW_META.Feature1.role.admin" class="com.mcafee.epo.product.auth.EPOProductFeatureRoleAdmin">
					<property name="roleID" value="ENDP_FW_META.ENDP_FW_META_GEN.admin"/>
					<property name="productID" value="ENDP_FW_META"/>
					<property name="featureID" value="ENDP_FW_META_GEN"/>
				</bean>

				<bean id="ENDP_FW_META.ENDP_FW_META_FW.role.noaccess" class="com.mcafee.epo.product.auth.EPOProductFeatureRoleNoAccess">
					<property name="roleID" value="ENDP_FW_META.ENDP_FW_META_FW.noaccess"/>
					<property name="productID" value="ENDP_FW_META"/>
					<property name="featureID" value="ENDP_FW_META_FW"/>
				</bean>
				<bean id="ENDP_FW_META.ENDP_FW_META_FW.role.reviewer" class="com.mcafee.epo.product.auth.EPOProductFeatureRoleReviewer">
					<property name="roleID" value="ENDP_FW_META.ENDP_FW_META_FW.reviewer"/>
					<property name="productID" value="ENDP_FW_META"/>
					<property name="featureID" value="ENDP_FW_META_FW"/>
				</bean>
				<bean id="ENDP_FW_META.ENDP_FW_META_FW.role.admin" class="com.mcafee.epo.product.auth.EPOProductFeatureRoleAdmin">
					<property name="roleID" value="ENDP_FW_META.ENDP_FW_META_FW.admin"/>
					<property name="productID" value="ENDP_FW_META"/>
					<property name="featureID" value="ENDP_FW_META_FW"/>
				</bean>
			</list>
		</property>
	</bean>

	<!-- Role Factory: Policy Roles -->
	<bean id="ENDP_FW_META.roleFactory.policies" class="com.mcafee.epo.product.auth.EPOProductRoleFactory">
		<property name="resource" ref="ENDP_FW_META.resource"/>
		<property name="beanId" value="ENDP_FW_META.role"/>
		<property name="prefix" value="ENDP_FW_META"/>
		<property name="editURI">
			<bean id="ENDP_FW_META.roleEditUri"
				  class="com.mcafee.orion.core.servlet.WebAppUrl">
				<property name="context" value="/PolicyMgmt"/>
				<property name="url" value="/ProductRoleConfig.do"/>
			</bean>
		</property>
		<property name="helpID" value="efw_1050/source/pageref/GUID-C38E4797-734A-4A6E-A1E0-3232C69124B7.html"/>
	</bean>

	<!-- Additional Product Roles -->
	<bean id="ENDP_FW_META_PERM.permission.role" class="com.mcafee.endp.fw.security.ENDPFWRole" scope="prototype">
		<property name="adminOnlyPermission" ref="ENDP_FW_META.permissionURI.adminOnly"/>
		<property name="viewClientRulesPermission" ref="ENDP_FW_META.permissionURI.viewClientRules"/>
		<property name="viewClientPropertiesPermission" ref="ENDP_FW_META.permissionURI.viewClientProperties"/>
		<property name="viewSquidQueryPermission" ref="ENDP_FW_META.permissionURI.viewSquidQuery"/>
	</bean>
	<!--Catalog related permissions -->
	<bean id="ENDP_FW_META_PERM.catalog.role" class="com.mcafee.endp.fw.security.ENDPFWCatalogRole" scope="prototype">
		<property name="viewCatalogPermission" ref="ENDP_FW_META.catalogURI.viewCatalog"/>
		<property name="importCatalogPermission" ref="ENDP_FW_META.catalogURI.importCatalog"/>
	</bean>

	<!-- Role Factory: Additional Roles -->
	<bean id="ENDP_FW_META.roleFactory.general" class="com.mcafee.endp.fw.security.ENDPFWRoleFactory">
		<property name="resource" ref="ENDP_FW_META.resource"/>
		<property name="prefix" value="ENDP_FW_META_PERM.permission"/>
		<property name="displayNameKey" value="ENDP_FW_META_PERM.permission.role.label"/>
		<property name="beanId" value="ENDP_FW_META_PERM.permission.role"/>
		<property name="editURI">
			<bean class="com.mcafee.orion.core.servlet.WebAppUrl">
				<property name="context" value="/ENDP_FW_META"/>
				<property name="url" value="/editPermissions.do"/>
			</bean>
		</property>
	</bean>
	
	<!--- Role Factory for catalog -->
	<bean id="ENDP_FW_META.roleFactory.catalog" class="com.mcafee.endp.fw.security.ENDPFWCatalogRoleFactory">
		<property name="resource" ref="ENDP_FW_META.resource"/>
		<property name="prefix" value="ENDP_FW_META_PERM.catalog"/>
		<property name="displayNameKey" value="ENDP_FW_META_PERM.catalog.role.label"/>
		<property name="beanId" value="ENDP_FW_META_PERM.catalog.role"/>
		<property name="editURI">
			<bean class="com.mcafee.orion.core.servlet.WebAppUrl">
				<property name="context" value="/ENDP_FW_META"/>
				<property name="url" value="/editCatalogPermissions.do"/>
			</bean>
		</property>
	</bean>

	<!-- Permission URIs -->
	<bean id="ENDP_FW_META.opsURI.tasks.propertyTranslator" class="com.mcafee.orion.core.util.OrionURI">
		<constructor-arg ref="ENDP_FW_META_PERM.ops.tasks.propertyTranslator"/>
	</bean>
	<bean id="ENDP_FW_META_PERM.ops.tasks.propertyTranslator" class="java.lang.String">
		<constructor-arg value="perm:ENDP_FW_META_PERM.ops.tasks.propertyTranslator"/>
	</bean>

	<bean id="ENDP_FW_META.opsURI.catalog.importCatalog" class="com.mcafee.orion.core.util.OrionURI">
		<constructor-arg ref="ENDP_FW_META_PERM.ops.catalog.importCatalog"/>
	</bean>
	<bean id="ENDP_FW_META_PERM.ops.catalog.importCatalog" class="java.lang.String">
		<constructor-arg value="perm:ENDP_FW_META_PERM.ops.catalog.importCatalog"/>
	</bean>

	<bean id="ENDP_FW_META.catalogURI.viewCatalog" class="com.mcafee.orion.core.util.OrionURI">
		<constructor-arg ref="ENDP_FW_META_PERM.catalog.viewCatalog"/>
	</bean>
	<bean id="ENDP_FW_META_PERM.catalog.viewCatalog" class="java.lang.String">
		<constructor-arg value="perm:ENDP_FW_META_PERM.catalog.viewCatalog"/>
	</bean>

	<bean id="ENDP_FW_META.catalogURI.importCatalog" class="com.mcafee.orion.core.util.OrionURI">
		<constructor-arg ref="ENDP_FW_META_PERM.catalog.importCatalog"/>
	</bean>
	<bean id="ENDP_FW_META_PERM.catalog.importCatalog" class="java.lang.String">
		<constructor-arg value="perm:ENDP_FW_META_PERM.catalog.importCatalog"/>
	</bean>

	<bean id="ENDP_FW_META.permissionURI.adminOnly" class="com.mcafee.orion.core.util.OrionURI">
		<constructor-arg ref="ENDP_FW_META_PERM.permission.adminOnly"/>
	</bean>
	<bean id="ENDP_FW_META_PERM.permission.adminOnly" class="java.lang.String">
		<constructor-arg value="perm:ENDP_FW_META_PERM.permission.adminOnly"/>
	</bean>

	<bean id="ENDP_FW_META.permissionURI.viewClientRules" class="com.mcafee.orion.core.util.OrionURI">
		<constructor-arg ref="ENDP_FW_META_PERM.permission.viewClientRules"/>
	</bean>
	<bean id="ENDP_FW_META_PERM.permission.viewClientRules" class="java.lang.String">
		<constructor-arg value="perm:ENDP_FW_META_PERM.permission.viewClientRules"/>
	</bean>

	<bean id="ENDP_FW_META.permissionURI.viewClientProperties" class="com.mcafee.orion.core.util.OrionURI">
		<constructor-arg ref="ENDP_FW_META_PERM.permission.viewClientProperties"/>
	</bean>
	<bean id="ENDP_FW_META_PERM.permission.viewClientProperties" class="java.lang.String">
		<constructor-arg value="perm:ENDP_FW_META_PERM.permission.viewClientProperties"/>
	</bean>

	<bean id="ENDP_FW_META.permissionURI.viewSquidQuery" class="com.mcafee.orion.core.util.OrionURI">
		<constructor-arg ref="ENDP_FW_META_PERM.permission.viewSquidQuery"/>
	</bean>
	<bean id="ENDP_FW_META_PERM.permission.viewSquidQuery" class="java.lang.String">
		<constructor-arg value="perm:ENDP_FW_META_PERM.permission.viewSquidQuery"/>
	</bean>
</beans>