<?xml version="1.0" encoding="UTF-8"?>
<!--
 Copyright (C) 2007-2018 McAfee, LLC
-->

<!-- This file contains bean definitions related to SQUID integration -->
<!-- PLEASE DO NOT MODIFY THE ORDER IN WHICH THE BEANS ARE LISTED IN THIS FILE -->

<beans xmlns="http://www.springframework.org/schema/beans"
       xmlns:xsi="http://www.w3.org/2001/XMLSchema-instance"
       xsi:schemaLocation="http://www.springframework.org/schema/beans http://www.springframework.org/schema/beans/spring-beans-2.0.xsd">

    <bean id="ENDP_FW_META.rt.EndpointProtectionCustomProps" class="com.mcafee.orion.core.ui.RegisteredType">
        <property name="name" value="rt.FWProtectionCustomProps.name"/>
        <property name="description" value="rt.FWProtectionCustomProps.description"/>
        <property name="resource" ref="ENDP_FW_META.resource"/>
        <property name="UID" value="FW_ProtectionCustomProps"/>
        <property name="coloringScheme">
            <bean class="com.mcafee.endp.fw.reports.AssignColoringScheme"/>
        </property>
     </bean>

    <bean id="enum.ComplianceStatus" class="com.mcafee.orion.core.query.StaticEnum">
        <property name="column" value="ComplianceStatus"/>
        <property name="items">
            <map>
                <entry key="0" value="noncompliantkey"/>
                <entry key="1" value="compliantkey"/>
            </map>
        </property>
        <property name="resource" ref="ENDP_FW_META.resource"/>
    </bean>

    <bean id="enum.ComplianceReason" class="com.mcafee.orion.core.query.StaticEnum">
        <property name="column" value="ComplianceReason"/>
        <property name="items">
            <map>
                <entry key="0" value="Properties.Endpoint.FW.ComplianceReason.0"/>
                <entry key="1" value="Properties.Endpoint.FW.ComplianceReason.1"/>
                <entry key="2" value="Properties.Endpoint.FW.ComplianceReason.2"/>
                <entry key="3" value="Properties.Endpoint.FW.ComplainceReason.3"/>
            </map>
        </property>
        <property name="resource" ref="ENDP_FW_META.resource"/>
    </bean>

    <bean id="enum.FWMode" class="com.mcafee.orion.core.query.StaticEnum">
        <property name="column" value="FWMode"/>
        <property name="items">
            <map>
                <entry key="0" value="Properties.Endpoint.FW.FWMode.0"/>
                <entry key="1" value="Properties.Endpoint.FW.FWMode.1"/>
                <entry key="2" value="Properties.Endpoint.FW.FWMode.2"/>
                <entry key="3" value="Properties.Endpoint.FW.FWMode.3"/>
                <entry key="4" value="Properties.Endpoint.FW.FWMode.4"/>
                <entry key="5" value="Properties.Endpoint.FW.FWMode.5"/>
                <entry key="6" value="Properties.Endpoint.FW.FWMode.6"/>
            </map>
        </property>
        <property name="resource" ref="ENDP_FW_META.resource"/>
    </bean>
    <bean id="enum.FWStatus" class="com.mcafee.orion.core.query.StaticEnum">
        <property name="column" value="FWStatus"/>
        <property name="items">
            <map>
                <entry key="0" value="Common.Disabled"/>
                <entry key="1" value="Common.Enabled"/>
            </map>
        </property>
        <property name="resource" ref="ENDP_FW_META.resource"/>
    </bean>
    <bean id="enum.FWAdaptiveModeStatus" class="com.mcafee.orion.core.query.StaticEnum">
        <property name="column" value="FWAdaptiveModeStatus"/>
        <property name="items">
            <map>
                <entry key="0" value="Common.Disabled"/>
                <entry key="1" value="Common.Enabled"/>
            </map>
        </property>
        <property name="resource" ref="ENDP_FW_META.resource"/>
    </bean>
    <bean id="enum.FWFault" class="com.mcafee.orion.core.query.StaticEnum">
        <property name="column" value="FWFault"/>
        <property name="items">
            <map>
                <entry key="0" value="Common.False"/>
                <entry key="1" value="Common.True"/>
            </map>
        </property>
        <property name="resource" ref="ENDP_FW_META.resource"/>
    </bean>
    <bean id="enum.LicenseStatus" class="com.mcafee.orion.core.query.StaticEnum">
        <property name="column" value="LicenseStatus"/>
        <property name="items">
            <map>
                <entry key="0" value="Properties.Endpoint.FW.License.0"/>
                <entry key="1" value="Properties.Endpoint.FW.License.1"/>
            </map>
        </property>
        <property name="resource" ref="ENDP_FW_META.resource"/>
    </bean>
    <bean id="enum.RebootRequired" class="com.mcafee.orion.core.query.StaticEnum">
        <property name="column" value="RebootRequired"/>
        <property name="items">
            <map>
                <entry key="0" value="Common.False"/>
                <entry key="1" value="Common.True"/>
            </map>
        </property>
        <property name="resource" ref="ENDP_FW_META.resource"/>
    </bean>
    <bean id="enum.ServiceRunning" class="com.mcafee.orion.core.query.StaticEnum">
        <property name="column" value="ServiceRunning"/>
        <property name="items">
            <map>
                <entry key="0" value="Common.False"/>
                <entry key="1" value="Common.True"/>
            </map>
        </property>
        <property name="resource" ref="ENDP_FW_META.resource"/>
    </bean>


    <!-- register the custom props table -->
    <bean id="ENDP_FW_META.customProps.tableinfo" class="com.mcafee.orion.core.query.SquidTableInfo">
        <property name="tableName" value="FW_CustomProps"/>
        <property name="resource" ref="ENDP_FW_META.resource"/>
        <property name="type" value="target"/>
        <property name="queryTargetGroup" ref="ENDP_GS_1000.query.target.group"/>
        <property name="displayNameKey" value="FWProtectionCustomProps.Name"/>
        <property name="descriptionKey" value="FWProtectionCustomProps.Description"/>
		<property name="registeredTypeUID" value="FW_ProtectionCustomProps"/>
	    <property name="permissionUri" ref="ENDP_FW_META_PERM.permission.viewClientProperties"/>
        <property name="propertyFormatter">
            <bean class="com.mcafee.endp.fw.reports.EndpointFWPropsDA">
                <constructor-arg index="0" value="ENDP_FW_META.FWProtectionStatus.da"/>
                <constructor-arg index="1" ref="ENDP_FW_META.resource"/>
            </bean>
        </property>
        <!-- see the installschema for the schema of the AMCustomProps-->
        <property name="uidColumnName" value="AutoID"/>
		<isMultiTenant>		
			<extensionVersionIsGreaterThanOrEqual extension="console" version="5.9.38.41">
				<property name="allowCustomQueries" value="true"/>
			</extensionVersionIsGreaterThanOrEqual>
		</isMultiTenant>
        <property name="columns">          <!--columns of the AMCustomProps-->
            <list>
                <value>AutoID                                   int none</value>
                <value>ParentID                                 int none</value>
                <value>ComplianceStatus                         enum all</value>
                <value>ComplianceReason                         enum all</value>
                <value>AdditionalComplianceReason               string select,cond,group</value>
                <value>FWStatus                                 enum all</value>
                <value>FWAdaptiveModeStatus                     enum select,cond,group</value>
                <value>FWFault                                  enum select,cond,group</value>
                <value>FWMode                                   enum select,cond,group</value>
                <value>Hotfix                                   string select,cond,group</value>
                <value>Language                                 string select,cond,group</value>
                <value>LastPolicyEnforcement                    string select,cond,group</value>
                <value>LicenseStatus                            enum select,cond,group</value>
                <value>Patch                                    string select,cond,group</value>
                <value>PolicyNameClientUI                       string select,cond,group</value>
                <value>PolicyNameFwOptions                      string select,cond,group</value>
                <value>PolicyNameFwRules                        string select,cond,group</value>
                <value>PolicyNameTrustedAppList                 string select,cond,group</value>
                <value>PolicyNameTrustedNetworks                string select,cond,group</value>
                <value>ProductVersion                           string select,cond,group</value>
                <value>RebootRequired                           enum select,cond,group</value>
                <value>ServiceRunning                           enum select,cond,group</value>
                <value>InstallDir32                             string select,cond,group</value>
                <value>InstallDir64                             string select,cond,group</value>
                <value>ProductVer                               string select,cond,group</value>
                <value>LeafNodeID                               int none</value>
            </list>
        </property>
        <property name="foreignKeys">
            <list>
                <bean class="com.mcafee.orion.core.query.table.ForeignKey">
                    <property name="joinType" value="left"/>
                    <property name="cardinality" value="one-to-one"/>  <!-- IMPORTANT! This is what tells SQUID to add this Table to the sub-tables in the foreign query-able target -->
                    <property name="sourceColumns" value="LeafNodeID"/>
                    <property name="destinationTable" value="EPOLeafNode"/>
                    <property name="destinationColumns" value="AutoID"/>
                </bean>

            </list>
        </property>
        <property name="enums">
            <list>
                <ref bean="enum.FWMode"/>
                <ref bean="enum.FWStatus"/>
                <ref bean="enum.ComplianceStatus"/>
                <ref bean="enum.ComplianceReason"/>
                <ref bean="enum.FWAdaptiveModeStatus"/>
                <ref bean="enum.FWFault"/>
                <ref bean="enum.LicenseStatus"/>
                <ref bean="enum.RebootRequired"/>
                <ref bean="enum.ServiceRunning"/>
            </list>
        </property>
    </bean>

    <!--========================= Rollup Squid ==========================-->
    <isNotMultiTenant>

    <!-- rollup.props registered type -->
    <bean id="ENDP_FW_META.rt.rollup.props" class="com.mcafee.orion.core.ui.RegisteredType">
        <property name="UID" value="ENDP_FW_META.rt.rollup.props.id"/>
        <property name="resource" ref="ENDP_FW_META.resource"/>
        <property name="name" value="rt.rollup.props.name"/>
        <property name="description" value="rt.rollup.props.description"/>
    </bean>

    <!-- rollup.props squid table -->
    <bean id="ENDP_FW_META.squid.rollup.props" class="com.mcafee.orion.core.query.SquidTableInfo">
        <property name="resource" ref="ENDP_FW_META.resource"/>
        <property name="displayNameKey" value="rollup.props.table.name"/>
        <property name="descriptionKey" value="rollup.props.table.description"/>
        <property name="type" value="rollup"/>
        <property name="registeredTypeUID" value="ENDP_FW_META.rt.rollup.props.id"/>
        <property name="propertyFormatter">
            <bean class="com.mcafee.endp.fw.reports.EndpointFWPropsDA">
                <constructor-arg index="0" value="ENDP_FW_META.FWProtectionStatus.da"/>
                <constructor-arg index="1" ref="ENDP_FW_META.resource"/>
            </bean>
        </property>

        <property name="tableName" value="ENSRollup_FW_CustomProps"/>
        <property name="uidColumnName" value="AutoID"/>
        <property name="columns">
            <list>
                <value>RegSvrId                     int none</value>
                <value>AutoID                       int none</value>
                <value>ParentID                     int none</value>
                <value>ComplianceStatus             enum all</value>
                <value>ComplianceReason             enum all</value>
                <value>AdditionalComplianceReason   string select,cond,group</value>
                <value>FWStatus                     enum all</value>
                <value>FWAdaptiveModeStatus         enum select,cond,group</value>
                <value>FWFault                      enum select,cond,group</value>
                <value>FWMode                       enum select,cond,group</value>
                <value>Hotfix                       string select,cond,group</value>
                <value>Language                     string select,cond,group</value>
                <value>LastPolicyEnforcement        string select,cond,group</value>
                <value>LicenseStatus                enum select,cond,group</value>
                <value>Patch                        string select,cond,group</value>
                <value>PolicyNameClientUI           string select,cond,group</value>
                <value>PolicyNameFwOptions          string select,cond,group</value>
                <value>PolicyNameFwRules            string select,cond,group</value>
                <value>PolicyNameTrustedAppList     string select,cond,group</value>
                <value>PolicyNameTrustedNetworks    string select,cond,group</value>
                <value>ProductVersion               string select,cond,group</value>
                <value>RebootRequired               enum select,cond,group</value>
                <value>ServiceRunning               enum select,cond,group</value>
                <value>InstallDir32                 string select,cond,group</value>
                <value>InstallDir64                 string select,cond,group</value>
                <value>ProductVer                   string select,cond,group</value>
            </list>
        </property>
        <property name="foreignKeys">
            <list>
                <!-- EPORollup_ProductProperties(ServerId, ExternalId) = ENSRollup_FW_CustomProps(RegSvrId, ParentID) -->
                <bean class="com.mcafee.orion.core.query.table.ForeignKey">
                    <property name="joinType" value="left"/>
                    <property name="cardinality" value="one-to-one"/>
                    <property name="sourceTable" value="ENSRollup_FW_CustomProps"/>
                    <property name="sourceColumns" value="RegSvrId,ParentID"/>
                    <property name="destinationTable" value="EPORollup_ProductPropertiesFIREWALL"/>
                    <property name="destinationColumns" value="ServerId,ExternalId"/>
                </bean>
            </list>
        </property>
        <property name="enums">
            <list>
                <ref bean="enum.FWMode"/>
                <ref bean="enum.FWStatus"/>
                <ref bean="enum.ComplianceStatus"/>
                <ref bean="enum.ComplianceReason"/>
                <ref bean="enum.FWAdaptiveModeStatus"/>
                <ref bean="enum.FWFault"/>
                <ref bean="enum.LicenseStatus"/>
                <ref bean="enum.RebootRequired"/>
                <ref bean="enum.ServiceRunning"/>
            </list>
        </property>
    </bean>
    </isNotMultiTenant>

    <bean id="ENDP_FW_META.customProps.queryInjector" class="com.mcafee.endpoint.security.NodePermissionsQueryInjector">
        <property name="id" value="ENDP_FW_META.customProps.queryInjector"/>
        <property name="injectableTables">
            <set>
                <value>FW_CustomProps</value>
            </set>
        </property>
    </bean>
</beans>
