<?xml version="1.0" encoding="UTF-8"?>
<!--
  ~ Copyright (C) 2007-2009, McAfee, Inc.  All Rights Reserved.
  -->

<web-app xmlns:xsi="http://www.w3.org/2001/XMLSchema-instance"
	xmlns="http://java.sun.com/xml/ns/j2ee"
	xsi:schemaLocation="http://java.sun.com/xml/ns/j2ee http://java.sun.com/xml/ns/j2ee/web-app_2_4.xsd"
	version="2.4">

	<display-name>ENDP_FW_META</display-name>

	<context-param>
		<param-name>plugin-factory</param-name>
		<param-value>/WEB-INF/plugin.xml</param-value>
	</context-param>

	<context-param>
		<param-name>bean-factory</param-name>
		<param-value>
            /WEB-INF/beans.xml,
			/WEB-INF/permissions.xml,
            /WEB-INF/squidBeans.xml,
			/WEB-INF/eventbeans.xml,
			/WEB-INF/clientrulebeans.xml,
			/WEB-INF/catalog.xml
        </param-value>
	</context-param>

    <context-param>
		<param-name>
			javax.servlet.jsp.jstl.fmt.localizationContext
		</param-name>
		<param-value>com.mcafee.entercept.firewallmigrator.Messages</param-value>
	</context-param>

	<listener>
		<listener-class>
			com.mcafee.orion.core.servlet.OrionPluginContextListener
		</listener-class>
	</listener>

    <listener>
        <listener-class>
	        com.mcafee.endp.fw.core.EnterceptPluginContextListener
        </listener-class>
    </listener>

	<listener>
		<listener-class>
			org.springframework.web.util.IntrospectorCleanupListener
		</listener-class>
	</listener>


	<servlet>
		<servlet-name>controller</servlet-name>
		<servlet-class>
			com.mcafee.orion.core.servlet.ControllerServlet
		</servlet-class>
		<load-on-startup>1</load-on-startup>
	</servlet>

<!--@precompiledJspInfo@-->

	<servlet-mapping>
		<servlet-name>controller</servlet-name>
		<url-pattern>*.do</url-pattern>
	</servlet-mapping>

	<security-constraint>
		<web-resource-collection>
			<web-resource-name>All Pages</web-resource-name> <!--name required but unused-->
			<url-pattern>*.jsp</url-pattern>
			<url-pattern>*.html</url-pattern>
			<url-pattern>*.do</url-pattern>
			<http-method>POST</http-method>
			<http-method>GET</http-method>
		</web-resource-collection>
		<auth-constraint>
			<role-name>orion</role-name>
		</auth-constraint>
		<user-data-constraint>
			<transport-guarantee>NONE</transport-guarantee>
		</user-data-constraint>
	</security-constraint>

	<!-- Security roles referenced by this web application -->
	<security-role>
		<role-name>orion</role-name>
	</security-role>
</web-app>
