{
  "engine": "POSTGRES",
  "instanceID": "database-1",
  "instanceResourceID": "db-7NIVF3HPQPQNA4A5Q63WHUMBHA",
  "timestamp": "2020-06-18T10:21:40Z",
  "version": 1,
  "uptime": "01:23:40",
  "numVCPUs": 1,
  "cpuUtilization": {
    "guest": 0,
    "irq": 0,
    "system": 2.2,
    "wait": 0.1,
    "idle": 94.8,
    "user": 2.8,
    "total": 5.3,
    "steal": 0.1,
    "nice": 0.1
  },
  "loadAverageMinute": {
    "one": 0,
    "five": 0.02,
    "fifteen": 0
  },
  "memory": {
    "writeback": 0,
    "hugePagesFree": 0,
    "hugePagesRsvd": 0,
    "hugePagesSurp": 0,
    "cached": 541552,
    "hugePagesSize": 2048,
    "free": 90868,
    "hugePagesTotal": 0,
    "inactive": 398944,
    "pageTables": 5488,
    "dirty": 456,
    "mapped": 57084,
    "active": 420132,
    "total": 1019328,
    "slab": 48644,
    "buffers": 33920
  },
  "tasks": {
    "sleeping": 110,
    "zombie": 0,
    "running": 0,
    "stopped": 0,
    "total": 110,
    "blocked": 0
  },
  "swap": {
    "cached": 872,
    "total": 4095996,
    "free": 4092060,
    "in": 0.4,
    "out": 0
  },
  "network": [
    {
      "interface": "eth0",
      "rx": 865.35,
      "tx": 5664.77
    }
  ],
  "diskIO": [
    {
      "writeKbPS": 14.47,
      "readIOsPS": 0,
      "await": 0.02,
      "readKbPS": 0,
      "rrqmPS": 0,
      "util": 0.01,
      "avgQueueLen": 0,
      "tps": 3.62,
      "readKb": 0,
      "device": "rdsdev",
      "writeKb": 868,
      "avgReqSz": 8,
      "wrqmPS": 0,
      "writeIOsPS": 3.62
    },
    {
      "writeKbPS": 43.13,
      "readIOsPS": 0,
      "await": 0.47,
      "readKbPS": 0,
      "rrqmPS": 0,
      "util": 0.18,
      "avgQueueLen": 0,
      "tps": 3.83,
      "readKb": 0,
      "device": "filesystem",
      "writeKb": 2588,
      "avgReqSz": 22.5,
      "wrqmPS": 3.1,
      "writeIOsPS": 3.83
    }
  ],
  "physicalDeviceIO": [
    {
      "writeKbPS": 14.47,
      "readIOsPS": 0,
      "await": 0.05,
      "readKbPS": 0,
      "rrqmPS": 0,
      "util": 0.01,
      "avgQueueLen": 0,
      "tps": 1.3,
      "readKb": 0,
      "device": "xvdg",
      "writeKb": 868,
      "avgReqSz": 22.26,
      "wrqmPS": 2.32,
      "writeIOsPS": 1.3
    }
  ],
  "fileSys": [
    {
      "used": 1259704,
      "name": "",
      "usedFiles": 1400,
      "usedFilePercent": 0.11,
      "maxFiles": 1310720,
      "mountPoint": "/rdsdbdata",
      "total": 20496340,
      "usedPercent": 6.15
    },
    {
      "used": 1937808,
      "name": "",
      "usedFiles": 74732,
      "usedFilePercent": 11.4,
      "maxFiles": 655360,
      "mountPoint": "/",
      "total": 10190104,
      "usedPercent": 19.02
    }
  ],
  "processList": [
    {
      "vss": 826724,
      "name": "OS processes",
      "tgid": 0,
      "parentID": 0,
      "memoryUsedPc": 3.88,
      "cpuUsedPc": 0.1,
      "id": 0,
      "rss": 39560,
      "vmlimit": 0
    },
    {
      "vss": 2513780,
      "name": "RDS processes",
      "tgid": 0,
      "parentID": 0,
      "memoryUsedPc": 26.87,
      "cpuUsedPc": 2.23,
      "id": 0,
      "rss": 273860,
      "vmlimit": 0
    },
    {
      "vss": 350468,
      "name": "postgres",
      "tgid": 5283,
      "parentID": 1,
      "memoryUsedPc": 2.43,
      "cpuUsedPc": 0,
      "id": 5283,
      "rss": 24756,
      "vmlimit": "unlimited"
    },
    {
      "vss": 125268,
      "name": "postgres: logger   ",
      "tgid": 5284,
      "parentID": 5283,
      "memoryUsedPc": 0.43,
      "cpuUsedPc": 0,
      "id": 5284,
      "rss": 4400,
      "vmlimit": "unlimited"
    },
    {
      "vss": 350608,
      "name": "postgres: checkpointer   ",
      "tgid": 5286,
      "parentID": 5283,
      "memoryUsedPc": 1.59,
      "cpuUsedPc": 0,
      "id": 5286,
      "rss": 16176,
      "vmlimit": "unlimited"
    },
    {
      "vss": 350468,
      "name": "postgres: background writer   ",
      "tgid": 5287,
      "parentID": 5283,
      "memoryUsedPc": 0.46,
      "cpuUsedPc": 0,
      "id": 5287,
      "rss": 4656,
      "vmlimit": "unlimited"
    },
    {
      "vss": 350468,
      "name": "postgres: walwriter   ",
      "tgid": 5288,
      "parentID": 5283,
      "memoryUsedPc": 1.13,
      "cpuUsedPc": 0,
      "id": 5288,
      "rss": 11536,
      "vmlimit": "unlimited"
    },
    {
      "vss": 351140,
      "name": "postgres: autovacuum launcher   ",
      "tgid": 5289,
      "parentID": 5283,
      "memoryUsedPc": 0.75,
      "cpuUsedPc": 0,
      "id": 5289,
      "rss": 7632,
      "vmlimit": "unlimited"
    },
    {
      "vss": 125264,
      "name": "postgres: archiver   last was 000000010000000000000011",
      "tgid": 5290,
      "parentID": 5283,
      "memoryUsedPc": 0.47,
      "cpuUsedPc": 0,
      "id": 5290,
      "rss": 4752,
      "vmlimit": "unlimited"
    },
    {
      "vss": 125400,
      "name": "postgres: stats collector   ",
      "tgid": 5291,
      "parentID": 5283,
      "memoryUsedPc": 0.46,
      "cpuUsedPc": 0.02,
      "id": 5291,
      "rss": 4668,
      "vmlimit": "unlimited"
    },
    {
      "vss": 350896,
      "name": "postgres: logical replication launcher   ",
      "tgid": 5292,
      "parentID": 5283,
      "memoryUsedPc": 0.55,
      "cpuUsedPc": 0,
      "id": 5292,
      "rss": 5564,
      "vmlimit": "unlimited"
    },
    {
      "vss": 456336,
      "name": "postgres: rdsadmin rdsadmin 127.0.0.1(41975) idle",
      "tgid": 22448,
      "parentID": 5283,
      "memoryUsedPc": 1.73,
      "cpuUsedPc": 0,
      "id": 22448,
      "rss": 17664,
      "vmlimit": "unlimited"
    },
    {
      "vss": 456936,
      "name": "postgres: rdsadmin rdsadmin 127.0.0.1(41987) idle",
      "tgid": 22788,
      "parentID": 5283,
      "memoryUsedPc": 1.76,
      "cpuUsedPc": 0.08,
      "id": 22788,
      "rss": 17904,
      "vmlimit": "unlimited"
    }
  ]
}

