<?xml version= "1.0" encoding = "UTF-8"?>
<BackupRestoreXML version = "1.0" module="TP">
    <ProcessorArchitecture  Type = "X86">
        <PreserveFile>
            <FileName>*</FileName>
            <FilePath>[COMMONFILES]\\McAfee\\Engine</FilePath>
            <RestorePath>[COMMONFILES]\\McAfee\\Engine</RestorePath>
        </PreserveFile>
		<PreserveFile>
            <FileName>*</FileName>
            <FilePath>[INSTALLDIR]\\Threat Prevention\\AMCore</FilePath>
            <RestorePath>[INSTALLDIR]\\Threat Prevention\\AMCore</RestorePath>
        </PreserveFile>
    </ProcessorArchitecture>
    <ProcessorArchitecture  Type = "X64">
        <PreserveFile>
            <FileName>*</FileName>
            <FilePath>[COMMONFILES]\\McAfee\\Engine</FilePath>
            <RestorePath>[COMMONFILES]\\McAfee\\Engine</RestorePath>
        </PreserveFile>
		<PreserveFile>
            <FileName>*</FileName>
            <FilePath>[INSTALLDIR]\\Threat Prevention\\AMCore</FilePath>
            <RestorePath>[INSTALLDIR]\\Threat Prevention\\AMCore</RestorePath>
        </PreserveFile>
    </ProcessorArchitecture>
</BackupRestoreXML>