<?xml version="1.0" encoding="UTF-8" ?>
<epo:EPOTaskSchema xmlns:epo="mcafee-epo-task" xmlns:xsi="http://www.w3.org/2001/XMLSchema-instance">
	<EPOTaskVerInfo vermjr="4" vermin="0" verrel="0" verbld="0" />
	<EPOTaskLocaleString productid="ENDP_AM_1000" token="EAM_Scan_Task">
		<Translation codepage="1033">Custom On-demand Scan</Translation>
		<Translation codepage="1031">Benutzerdefinierter On-Demand-Scan</Translation>
		<Translation codepage="1034">Análisis bajo demanda personalizado</Translation>
		<Translation codepage="1036">Analyse à la demande personnalisée</Translation>
        <Translation codepage="1040">Scansione su richiesta personalizzata</Translation>
		<Translation codepage="1041">カスタム オンデマンド スキャン</Translation>
		<Translation codepage="1042">사용자 지정 주문형 검색</Translation>
        <Translation codepage="1046">Varredura por solicitação personalizada</Translation>
		<Translation codepage="2052">自定义按需扫描</Translation>
		<Translation codepage="1028">自訂按指定掃描</Translation>
		<Translation codepage="1049">Выборочная проверка по требованию</Translation>
	</EPOTaskLocaleString>
    <EPOTaskLocaleString productid="ENDP_AM_1000" token="EAM_Quarantine_Restore">
		<Translation codepage="1033">Restore from Quarantine</Translation>
		<Translation codepage="1031">Aus Quarantäne wiederherstellen</Translation>
		<Translation codepage="1034">Restaurar desde cuarentena</Translation>
		<Translation codepage="1036">Restaurer à partir de la quarantaine</Translation>
        <Translation codepage="1040">Ripristina da quarantena</Translation>
		<Translation codepage="1041">隔離領域からの復元</Translation>
		<Translation codepage="1042">검역에서 복원</Translation>
        <Translation codepage="1046">Restauração da quarentena</Translation>
		<Translation codepage="2052">还原隔离项</Translation>
		<Translation codepage="1028">從隔離還原</Translation>
		<Translation codepage="1049">Восстановить из карантина</Translation>
	</EPOTaskLocaleString>
    <EPOTaskLocaleString productid="ENDP_AM_1000" token="EAM_Rollback_Content">
		<Translation codepage="1033">Roll Back AMCore Content</Translation>
		<Translation codepage="1031">Rollback von AMCore Content</Translation>
		<Translation codepage="1034">Revertir AMCore Content</Translation>
		<Translation codepage="1036">Restauration d'AMCore Content</Translation>
        <Translation codepage="1040">Ripristina AMCore content</Translation>
		<Translation codepage="1041">AMCore コンテンツのロールバック</Translation>
		<Translation codepage="1042">AMCore Content 롤백</Translation>
        <Translation codepage="1046">Reverter AMCore Content</Translation>
		<Translation codepage="2052">回滚 AMCore 内容</Translation>
		<Translation codepage="1028">復原 AMCore 內容</Translation>
		<Translation codepage="1049">Откат содержимого AMCore</Translation>
	</EPOTaskLocaleString>
    <EPOTaskLocaleString productid="ENDP_AM_1000" token="EAM_PolicyBased_Scans">
		<Translation codepage="1033">Policy Based On-Demand Scan</Translation>
		<Translation codepage="1031">Richtlinienbasierter On-Demand-Scan</Translation>
		<Translation codepage="1034">Análisis bajo demanda basado en directiva</Translation>
		<Translation codepage="1036">Analyse à la demande basée sur une stratégie</Translation>
        <Translation codepage="1040">Scansione su richiesta basata su policy</Translation>
		<Translation codepage="1041">ポリシー別のオンデマンド スキャン</Translation>
		<Translation codepage="1042">정책 기반 주문형 검색</Translation>
        <Translation codepage="1046">Varredura por solicitação com base em política</Translation>
		<Translation codepage="2052">基于策略的按需扫描</Translation>
		<Translation codepage="1028">原則式按指定掃描</Translation>
		<Translation codepage="1049">Проверка по требованию на основе политики</Translation>
	</EPOTaskLocaleString>

    <EPOTaskType
		productid="ENDP_AM_1000"
		typeid="EAM_Scan_Task"
		platforms="WXPHE:5:1:1|WXPW:5:1:1|WXPE:5:1:2|WXPS:5:2:1|WVST|WVSTS|WNT7W|WIN8W|WIN8S|WINXW|WINXS|MAC"
		editurl="EditODSTaskSettings.do"
		saveurl="SaveODSTaskSettings.do"
		singleton="false" 
		hidden="false"
        taskpermission="true">
	</EPOTaskType>
	<EPOTaskObject name="" productid="ENDP_AM_1000" typeid="EAM_Scan_Task">
		<Section name="General">
			<Setting name="TaskType" value="SCAN" />
			<Setting name="szTaskName" value="New Scan Task" />
			<Setting name="wTaskAttrib" value="3" />
			<Setting name="UIType" value="2" />
			<Setting name="bAutoStart" value="1" />
			<Setting name="bAutoExit" value="1" />
			<Setting name="bAlwaysExit" value="1" />
			<Setting name="bEnableSplash" value="0" />
		</Section>
		<Section name="ScanOptions">
            <Setting name="bDetectUnwantedPrograms" value="1" />
            <Setting name="bScanMime" value="0" />
            <Setting name="bScanArchives" value="1" />
            <Setting name="bScanFilesMigratedToStorage" value="0" />
            <Setting name="bUnknownProgramHeuristics" value="1" />
            <Setting name="bUnknownMacroHeuristics" value="1" />
            <Setting name="dwScanItemCount" value="0" />
			<!--<Setting name="szScanItem3" value="SpecialRegistry" />-->
            <Setting name="bScanSubDirs" value="1" />
            <Setting name="bScanBootSectors" value="1" />
            <Setting name="ExtensionMode" value="1" />
            <Setting name="szProgExts" value="" />
        </Section>
        <Section name="GTI">
            <Setting name="GTISensitivityLevel" value="3" />
        </Section>
        <Section name="Exclusions">
			<Setting name="dwExclusionCount" value="0" />
			<Setting name="bOverwriteExclusions" value="1" />
        </Section>
        <Section name="Remediation">
            <Setting name="uAction" value="1" />
            <Setting name="uSecAction" value="2" />
            <Setting name="uAction_Program" value="1" />
            <Setting name="uSecAction_Program" value="2" />
        </Section>
        <Section name="Performance">
            <Setting name="bInteractiveUserIsIdle" value="1" />
            <Setting name="bPermitUserDefer" value="0" />
            <Setting name="uDeferTime" value="23" />
            <Setting name="szDeferMessage" value="DefaultMcAfeeDeferMessage" />
            <Setting name="uMessageDuration" value="45" />
            <Setting name="bDeferScanInFullScreen" value="0" />
            <Setting name="bDeferScanOnBattery" value="1" />
            <Setting name="bUseCache" value="1" />
			<Setting name="bSystemUtilization" value="1" />
            <Setting name="SystemUtilization" value="3" />
			<Setting name="CPUPercentage" value="80" />
            <Setting name="bEnforceMaxScanTime" value="1" />
            <Setting name="uScannerThreadTimeOut" value="45" />
            <Setting name="bEnforceMaxODSThreads" value="1" />
            <Setting name="uScannerMaxODSThreads" value="5" />
			
		</Section>
        <Section name="Account">
			<Setting name="szUserName" value="" />
			<Setting name="szDomainName" value="" />
			<Setting name="szPassword" value="" />
		</Section>
	</EPOTaskObject>
    <EPOTaskType
		productid="ENDP_AM_1000"
		typeid="EAM_Quarantine_Restore"
        platforms="WXPHE:5:1:1|WXPW:5:1:1|WXPE:5:1:2|WXPS:5:2:1|WVST|WVSTS|WNT7W|WIN8W|WIN8S|WINXW|WINXS"
		editurl="EditQRSettings.do"
		saveurl="SaveQRSettings.do"
		singleton="false"
		hidden="false"
        taskpermission="true">
	</EPOTaskType>
	<EPOTaskObject name="" productid="ENDP_AM_1000" typeid="EAM_Quarantine_Restore">
		<Section name="General">
			<Setting name="TaskType" value="RESTORE" />
			<Setting name="szTaskName" value="New Quarantine Restore Task" />
			<Setting name="wTaskAttrib" value="3" />
			<Setting name="UIType" value="2" />
			<Setting name="bAutoStart" value="1" />
			<Setting name="bAutoExit" value="1" />
			<Setting name="bAlwaysExit" value="1" />
			<Setting name="bEnableSplash" value="0" />
		</Section>
		<Section name="Restore">
			<Setting name="szDetectionName" value="" />
		</Section>
		<Section name="VSE7_Scheduler">
			<Setting name="VSE7_UserName" value="" />
			<Setting name="VSE7_DomainName" value="" />
			<Setting name="VSE7_Password" value="" />
		</Section>
	</EPOTaskObject>

    <EPOTaskType
		productid="ENDP_AM_1000"
		typeid="EAM_PolicyBased_Scans"
        platforms="WXPHE:5:1:1|WXPW:5:1:1|WXPE:5:1:2|WXPS:5:2:1|WVST|WVSTS|WNT7W|WIN8W|WIN8S|WINXW|WINXS|MAC"
		editurl="EditFullScanTaskSettings.do"
		saveurl="SaveFullScanTaskSettings.do"
		singleton="false"
		hidden="false"
        taskpermission="true"
        immutable="true">
	</EPOTaskType>
    <EPOTaskObject name="" productid="ENDP_AM_1000" typeid="EAM_PolicyBased_Scans">
        <Section name="General">
            <Setting name="szGuid" value="0" />
            <Setting name="TaskType" value="PolicyBasedScan" />
        </Section>
    </EPOTaskObject>
    <EPOTaskObjectInstance
        name="On-Demand Scan - Full Scan"
        description="To change the settings for this scan, navigate to the Endpoint Security Threat Prevention > On-Demand Scan policy, Full Scan tab."
        productid="ENDP_AM_1000" typeid="EAM_PolicyBased_Scans"
        simpledeployment="true"
        schedule="weekly">
        <Section name="General">
            <Setting name="szGuid" value="ODS_TASK_ID_FULL_SCAN" />
        </Section>
    </EPOTaskObjectInstance>
    <EPOTaskObjectInstance
        name="On-Demand Scan - Quick Scan"
        description="To change the settings for this scan, navigate to the Endpoint Security Threat Prevention > On-Demand Scan policy, Quick Scan tab."
        productid="ENDP_AM_1000"
        typeid="EAM_PolicyBased_Scans"
        simpledeployment="true"
        schedule="daily">
        <Section name="General">
            <Setting name="szGuid" value="ODS_TASK_ID_QUICK_SCAN" />
        </Section>
    </EPOTaskObjectInstance>

    <EPOTaskType
   		productid="ENDP_AM_1000"
   		typeid="EAM_Rollback_Content"
           platforms="WXPHE:5:1:1|WXPW:5:1:1|WXPE:5:1:2|WXPS:5:2:1|WVST|WVSTS|WNT7W|WIN8W|WIN8S|WINXW|WINXS"
   		editurl="EditRBCSettings.do"
   		saveurl="SaveRBCSettings.do"
   		singleton="false"
   		hidden="false"
        taskpermission="true">
   	</EPOTaskType>
   	<EPOTaskObject name="" productid="ENDP_AM_1000" typeid="EAM_Rollback_Content">
   		<Section name="General">
   			<Setting name="TaskType" value="ROLLBACKCONTENT" />
   			<Setting name="szTaskName" value="New Roll Back AMCore Content" />
            <Setting name="szBadContentVersions" value="" />
   		</Section>
   	</EPOTaskObject>
</epo:EPOTaskSchema>
