<?xml version="1.0" encoding="UTF-8"?>
<!--~~~~~~~~~~~~~~~~~~~~~~~~~~~~~~~~~~~~~~~~~~~~~~~~~~~~~~~~~~~~~~~~~~~~~~~~~~~~
  ~ Copyright (c) 2014 McAfee Inc. - All Rights Reserved
  ~~~~~~~~~~~~~~~~~~~~~~~~~~~~~~~~~~~~~~~~~~~~~~~~~~~~~~~~~~~~~~~~~~~~~~~~~~~-->

<epo:EPOTaskSchema xmlns:epo="mcafee-epo-task"
	xmlns:xsi="http://www.w3.org/2001/XMLSchema-instance">
	<EPOTaskVerInfo vermjr="5" vermin="1" verrel="1" verbld="0" />

    <EPOTaskObjectInstance name="Endpoint Security Deployment Task (Default)" serverid="" productid="EPOAGENTMETA" typeid="Deployment" platform="WIN95|WIN98|WINME|WNTS|WNTW|WXPW|WXPS|WXPHE|WXPE|W2KS|W2KW|WVST|WVSTS|WNT7W|WIN8W|WIN8S|WINXW|WINXS|MAC" description="Default Endpoint Security deployment task" taskobjectflag="0">
        <Section name="AutoUpdateOption">
            <Setting name="AutoUpdateEnabled" value="0" />
        </Section>
        <Section name="DeploymentOptions">
            <Setting name="DummyPolicy" value="0"/>
            <Setting name="UpdateAfterDeployment" value="0"/>
        </Section>
        <Section name="General">
            <Setting name="TaskType" value="Deployment"/>
        </Section>
        <Section name="Install">
            <Setting name="Install_1" value="ENDP_AM_1070"/>
            <Setting name="Install_2" value="ENDP_FW_1070"/>
            <Setting name="Install_3" value="ENDP_WP_1070"/>
            <Setting name="Install_4" value="ENDPATP_1070"/>
            <Setting name="NumInstalls" value="4"/>
        </Section>
        <Section name="Install\ENDP_AM_1070">
            <Setting name="BuildVersion" value=""/>
            <Setting name="InstallCommandLine" value=""/>
            <Setting name="Language" value="0000"/>
            <Setting name="PackagePathType" value="Current"/>
        </Section>
        <Section name="Install\ENDP_FW_1070">
            <Setting name="BuildVersion" value=""/>
            <Setting name="InstallCommandLine" value=""/>
            <Setting name="Language" value="0000"/>
            <Setting name="PackagePathType" value="Current"/>
        </Section>
        <Section name="Install\ENDP_WP_1070">
            <Setting name="BuildVersion" value=""/>
            <Setting name="InstallCommandLine" value=""/>
            <Setting name="Language" value="0000"/>
            <Setting name="PackagePathType" value="Current"/>
        </Section>
        <Section name="Install\ENDPATP_1070">
            <Setting name="BuildVersion" value=""/>
            <Setting name="InstallCommandLine" value=""/>
            <Setting name="Language" value="0000"/>
            <Setting name="PackagePathType" value="Current"/>
        </Section>
        <Section name="SchedulerExtraData">
            <Setting name="RunAtEnforcementEnabled" value="0"/>
        </Section>
        <Section name="Settings">
            <Setting name="RunAtEnforcementEnabled" value="0"/>
        </Section>
        <Section name="Uninstall">
            <Setting name="NumUninstalls" value="0"/>
        </Section>
        <Section name="UpdateOptions">
            <Setting name="bAllowPostpone" value="0"/>
            <Setting name="nMaxPostpones" value="1"/>
            <Setting name="nPostponeTimeout" value="20"/>
            <Setting name="szPostponeText" value=""/>
        </Section>
    </EPOTaskObjectInstance>

    <EPOTaskLocaleString productid="ENDP_GS_1000" token="UnlockClientUI">
        <Translation codepage="1033">Unlock Client Interface</Translation>
        <Translation codepage="1031">Client-Schnittstelle entsperren</Translation>
		<Translation codepage="1034">Desbloquear la interfaz de cliente</Translation>
		<Translation codepage="1036">Déverrouiller l'interface client</Translation>
		<Translation codepage="1040">Sblocca interfaccia client</Translation>
        <Translation codepage="1041">クライアント インターフェースのロック解除</Translation>
		<Translation codepage="1042">클라이언트 인터페이스 잠금 해제</Translation>
        <Translation codepage="1046">Desbloquear a interface do cliente</Translation>
		<Translation codepage="2052">解锁客户端界面</Translation>
		<Translation codepage="1028">解鎖用戶端介面</Translation>
		<Translation codepage="1049">Разблокировать интерфейс клиента</Translation>
    </EPOTaskLocaleString>

    <EPOTaskType productid="ENDP_GS_1000" typeid="UnlockClientUI" platforms="WNT7W|WXPW|WXPS|WXPHE|WIN8W|WIN8S|WVST|WVSTS|WINXW"
                 editurl="editClientTask.do" saveurl="saveClientTask.do"
                 singleton="false" hidden="true"
            />

    <EPOTaskObject name="UnlockClientUI" productid="ENDP_GS_1000" typeid="UnlockClientUI">
        <Section name="UnlockClientUI">
            <Setting name="EndpointUserName" value=""></Setting>
        </Section>
        <Section name="General">
            <Setting name="TaskType" value="UnlockClientUI" />
            <Setting name="TaskCreationTime" value="" />
        </Section>
    </EPOTaskObject>

    <!--<EPOTaskObjectInstance name="Unlock Client Interface (Default)" productid="ENDP_GS_1000" typeid="UnlockClientUI">
        <Section name="UnlockClientUI">
            <Setting name="EndpointUserName" value=" " hidden="true"></Setting>
        </Section>
        <Section name="General">
            <Setting name="TaskType" value="UnlockClientUI" />
        </Section>
    </EPOTaskObjectInstance>-->

</epo:EPOTaskSchema>
