<?xml version="1.0" encoding="UTF-8"?>
<!--~~~~~~~~~~~~~~~~~~~~~~~~~~~~~~~~~~~~~~~~~~~~~~~~~~~~~~~~~~~~~~~~~~~~~~~~~~~~
  ~ Copyright (c) 2014 McAfee Inc. - All Rights Reserved
  ~~~~~~~~~~~~~~~~~~~~~~~~~~~~~~~~~~~~~~~~~~~~~~~~~~~~~~~~~~~~~~~~~~~~~~~~~~~-->

<epo:EPOPolicySchema xmlns:epo="mcafee-epo-policy" xmlns:xsi="http://www.w3.org/2001/XMLSchema-instance">

    <!--==========================================================================
        ===      WARNING: Declaration order is important in this file!         ===
        ==========================================================================-->

    <EPOPolicyVerInfo vermjr="4" vermin="0" verbld="0" verrel="0"/>

    <!--==========================================================================
        ===      WARNING: Declaration order is important in this file!         ===
        ==========================================================================-->

    <EPOPolicyLocaleString token="ENDP_GS_1000">
        <Translation codepage="1033"> Policy Category</Translation>
        <Translation codepage="1031"> Richtlinienkategorie</Translation>
		<Translation codepage="1034"> Categoría de directivas</Translation>
		<Translation codepage="1036"> Catégorie de stratégie</Translation>
        <Translation codepage="1040"> Categoria policy</Translation>
		<Translation codepage="1041"> ポリシー カテゴリ</Translation>
		<Translation codepage="1042"> 정책 범주</Translation>
        <Translation codepage="1046"> Categoria da política</Translation>
		<Translation codepage="2052"> 策略类别</Translation>
		<Translation codepage="1028"> 原則類別</Translation>
		<Translation codepage="1049"> Категория политики</Translation>
    </EPOPolicyLocaleString>

    <EPOPolicyLocaleString token="EGS_Product_Configuration_Policies">
		<Translation codepage="1033">Options</Translation>
		<Translation codepage="1031">Optionen</Translation>
		<Translation codepage="1034">Opciones</Translation>
		<Translation codepage="1036">Options</Translation>
		<Translation codepage="1040">Opzioni</Translation>
        <Translation codepage="1041">オプション</Translation>
		<Translation codepage="1042">옵션</Translation>
        <Translation codepage="1046">Opções</Translation>
		<Translation codepage="2052">选项</Translation>
		<Translation codepage="1028">選項</Translation>
		<Translation codepage="1049">Параметры</Translation>
    </EPOPolicyLocaleString>

    <!--==========================================================================
        Define policy types
      -->

    <EPOPolicyType featureid="ENDP_GS_1000" categoryid="EGS_Product_Configuration_Policies" typeid="EGS_Product_Configuration_Policies" singleton="true"
                   legacy="false"/>

    <!--==========================================================================
        Associate types with views.

		This defines the policies that show up in the policy catalog. If it
		needs a UI outside of the policy catalog, don't put it here.
	-->

    <EPOPolicyProduct productcode="ENDP_GS_1000">
        <PolicyType featureid="ENDP_GS_1000"
                    categoryid="EGS_Product_Configuration_Policies"
                    typeid="EGS_Product_Configuration_Policies"
                    editurl="loadGeneralSettingsPolicy.do"
                    legacyui="false"/>
    </EPOPolicyProduct>

    <!--==========================================================================
        Define PSOs
      -->

    <EPOPolicySettings featureid="ENDP_GS_1000" categoryid="EGS_Product_Configuration_Policies" typeid="EGS_Product_Configuration_Policies" name="DefaultGeneralSettings">
        <Section name="ClientInterfaceStatus">
            <Setting name="clientUIAccessLevel" value="0"/>
            <Setting name="adminPassword" value=""/>
            <Setting name="adminSalt" value="B+pd2w=="/>
            <Setting name="clientInterfaceLanguage" value="0000"/>
            <Setting name="enableTimeBasedPassword" value="false"/>
            <Setting name="clientUIPasswordAttemptCount" value="3"/>
            <Setting name="clientUILockOutInterval" value="15"/>
            <Setting name="clientUILockOutRepeatAttemptsWithin" value="5"/>
            <Setting name="enableClientUI" value="false"/>
        </Section>
        <Section name="ClientInterfaceAccess">
            <Setting name="showManagedTasks" value="true"/>
        </Section>
        <Section name="ClientUninstall">
            <Setting name="enableClientUninstallPassword" value="false"/>
            <Setting name="clientUninstallPassword" value=""/>
            <Setting name="clientUninstallSalt" value="mma0bg=="/>
        </Section>
        <Section name="SelfProtectionStatus">
            <Setting name="spEnable" value="true"/>
            <Setting name="spFiles" value="true"/>
            <Setting name="spFilesAction" value="3"/>
            <Setting name="spRegistry" value="true"/>
            <Setting name="spRegistryAction" value="3"/>
            <Setting name="spProcesses" value="true"/>
            <Setting name="spProcessesAction" value="3"/>
            <!--<Setting name="spServices" value="true"/>-->
            <!--<Setting name="spServicesAction" value="0"/>-->
            <Setting name="spProcessExclCount" value="0"/>
        </Section>
        <Section name="ClientLoggingOptions">
            <Setting name="clientLogFilesLocation" value="%DEFLOGDIR%"/>
            <Setting name="enableClientActivityLogging" value="true"/>
            <Setting name="enableClientActivityLoggingSizeLimits" value="true"/>
            <Setting name="enableODSClientActivityLogging" value="false"/>
            <Setting name="maxClientActivityLogSizeMB" value="10"/>
            <Setting name="enableMAMBOClientDebugLogging" value="false"/>
            <Setting name="enableSPAPClientDebugLogging" value="false"/>
            <Setting name="enableSPBOClientDebugLogging" value="false"/>
            <Setting name="enableSPOASClientDebugLogging" value="false"/>
            <Setting name="enableSPODSClientDebugLogging" value="false"/>
            <Setting name="enableWPClientDebugLogging" value="false"/>
            <Setting name="enableDFClientDebugLogging" value="false"/>
            <Setting name="enableATPClientDebugLogging" value="false"/>
            <Setting name="enableATPTIClientDebugLogging" value="false"/>
            <Setting name="enableATPDACClientDebugLogging" value="false"/>
            <Setting name="enableClientDebugLoggingSizeLimits" value="true"/>
            <Setting name="enableClientEventLoggingSizeLimits" value="true"/>
            <Setting name="maxClientDebugLogSizeMB" value="50"/>
            <Setting name="maxClientEventLogSizeMB" value="50"/>
            <Setting name="suppressAlertsBelowAP" value="3"/>
            <Setting name="suppressAlertsBelowBO" value="3"/>
            <Setting name="suppressAlertsBelowOAS" value="3"/>
            <Setting name="suppressAlertsBelowODS" value="3"/>
            <Setting name="suppressAlertsBelowFW" value="3"/>
            <Setting name="suppressAlertsBelowWP" value="3"/>
            <Setting name="suppressAlertsBelowATP" value="3"/>
            <Setting name="IsWindowsApplicationLoggingEnabled" value="true"/>
            <Setting name="IsSendEventsToepoEnabled" value="true"/>
        </Section>
        <Section name="ClientGTIProxy">
            <Setting name="gtiProxyType" value="0"/>
            <Setting name="gtiProxyServerAddress" value=""/>
            <Setting name="gtiProxyServerPort" value="80"/>
            <Setting name="proxyServerExclusions" value=""/>
            <Setting name="enableHTTPAuth" value="false"/>
            <Setting name="httpAuthUserName" value=""/>
            <Setting name="httpAuthPassword" value=""/>
        </Section>
        <Section name="ClientUpdate">
            <Setting name="enableUpdateNowButton" value="true"/>
            <Setting name="enableDefaultUpdateTask" value="true"/>
            <Setting name="whatToUpdateLevel" value="1"/>
        </Section>
    </EPOPolicySettings>

    <!--==========================================================================
        Define POs
      -->

    <EPOPolicyObject featureid="ENDP_GS_1000" categoryid="EGS_Product_Configuration_Policies" typeid="EGS_Product_Configuration_Policies" name="McAfee Default"
                     isdefault="true" mydefault="true">
        <PolicySettings>DefaultGeneralSettings</PolicySettings>
    </EPOPolicyObject>

</epo:EPOPolicySchema>
