<?xml version="1.0" encoding="UTF-8" ?>

<epo:PropertiesSchema xmlns:epo="http://www.mcafee.com/schemas/epo" xmlns:xsi="http://www.w3.org/2001/XMLSchema-instance" xsi:schemaLocation="http://www.mcafee.com/schemas/epo D:\projects\epo\samurai\trunk\dev\src\webapps\epo-core\web\WEB-INF\lib\epoprops.xsd">
    <Table name="GS_CustomProps">
        <Fields>
            <Field default="0" name="IsSPEnabled" type="bit" size="0" />
            <Field default="0" name="SPbComplianceStatus" type="bit" size="0" />
            <Field default="0" name="SPComplianceStatus" type="nvarchar" size="100" />
            <Field default="0" name="SPAdditionalComplianceStatus" type="nvarchar" size="100" />
			<Field default="None" name="GlobalExclusionStatus" type="tinyint" />
            <Field default="0" name="UIPasswordChanged" type="datetime" />
			<Field default="0" name="IsTimeBasedPasswordEnabled" type="bit" size="0" />
            <Field default="0" name="clientUIAccessLevel" type="int" />
            <Field default="0" name="gtiProxyType" type="int" />
            <Field default="0" name="IsWindowsApplicationLoggingEnabled" type="bit" size="0" />
            <Field default="0" name="IsSendEventsToepoEnabled" type="bit" size="0" />
            <Field default="0" name="APEventFilterlevel" type="int" />
            <Field default="0" name="BOEventFilterlevel" type="int" />
            <Field default="0" name="FWEventFilterlevel" type="int" />
            <Field default="0" name="OASEventFilterlevel" type="int" />
            <Field default="0" name="ODSEventFilterlevel" type="int" />
            <Field default="0" name="ATPEventFilterlevel" type="int" />
            <Field default="0" name="WPEventFilterlevel" type="int" />
            <Field default="0" name="IsClientActivityLoggingEnabled" type="bit" size="0" />
			<Field default="None" name="IsODSScannedFileLoggingEnabled" type="bit" size="0" />
            <Field default="0" name="IsAPClientDebugLoggingEnabled" type="bit" size="0" />
            <Field default="0" name="IsBOClientDebugLoggingEnabled" type="bit" size="0" />
            <Field default="0" name="IsOASClientDebugLoggingEnabled" type="bit" size="0" />
            <Field default="0" name="IsODSClientDebugLoggingEnabled" type="bit" size="0" />
            <Field default="0" name="IsFWClientDebugLoggingEnabled" type="bit" size="0" />
            <Field default="0" name="IsWPClientDebugLoggingEnabled" type="bit" size="0" />
            <Field default="0" name="IsATPClientDebugLoggingEnabled" type="bit" size="0" />
            <Field default="0" name="ClientActivityLogSizeMB" type="int" />
            <Field default="0" name="ClientDebugLogSizeMB" type="int" />
            <Field default="0" name="ClientLogFilesLocation" type="nvarchar" size="128" />
            <Field default="0" name="AacVersion" type="nvarchar" size="128" />
            <Field default="None" name="Hotfixes" type="nvarchar" size="256"/>
            <Field default="None" name="Patch" type="nvarchar" size="3000"/>
            <Field default="None" name="LicenseStatus" type="nvarchar" size="256" />
            <Field default="None" name="Language" type="nvarchar" size="256" />
        </Fields>
        <Mappings>
            <Section name="SP">
                <Setting name="Enable" field="IsSPEnabled" />
                <Setting name="bComplianceStatus" field="SPbComplianceStatus" />
                <Setting name="szComplianceStatus" field="SPComplianceStatus" />
                <Setting name="szAdditionalComplianceStatus" field="SPAdditionalComplianceStatus" />
                <Setting name="AacVersion" field="AacVersion" />
                <Setting name="bGlobExclConfigured" field="GlobalExclusionStatus" />
           </Section>
            <Section name="General">
                <Setting name="Hotfix" field="Hotfixes"/>
                <Setting name="Patch" field="Patch"/>
                <Setting name="Language" field="Language"/>
                <Setting name="LicenseStatus" field="LicenseStatus"/>
            </Section>
            <Section name="GTI">
                <Setting name="gtiProxyType" field="gtiProxyType" />
            </Section>
            <Section name="Password">
                <Setting name="UIPasswordChanged" field="UIPasswordChanged" />
                <Setting name="clientUIAccessLevel" field="clientUIAccessLevel" />
                <Setting name="enableTimeBasedPassword" field="IsTimeBasedPasswordEnabled" />
            </Section>
            <Section name="Eventmanager">
                <Setting name="APEventFilterlevel" field="APEventFilterlevel" />
                <Setting name="BOEventFilterlevel" field="BOEventFilterlevel" />
                <Setting name="FWEventFilterlevel" field="FWEventFilterlevel" />
                <Setting name="IsWindowsApplicationLoggingEnabled" field="IsWindowsApplicationLoggingEnabled" />
                <Setting name="IsSendEventsToepoEnabled" field="IsSendEventsToepoEnabled" />
                <Setting name="OASEventFilterlevel" field="OASEventFilterlevel" />
                <Setting name="ODSEventFilterlevel" field="ODSEventFilterlevel" />
                <Setting name="ATPEventFilterlevel" field="ATPEventFilterlevel" />
                <Setting name="WPEventFilterlevel" field="WPEventFilterlevel" />
            </Section>
            <Section name="Logger">
                <Setting name="IsClientActivityLoggingEnabled" field="IsClientActivityLoggingEnabled" />
                <Setting name="IsClientActivityODSLoggingEnabled" field="IsODSScannedFileLoggingEnabled" />
				<Setting name="IsAPClientDebugLoggingEnabled" field="IsAPClientDebugLoggingEnabled" />
                <Setting name="IsBOClientDebugLoggingEnabled" field="IsBOClientDebugLoggingEnabled" />
                <Setting name="IsOASClientDebugLoggingEnabled" field="IsOASClientDebugLoggingEnabled" />
                <Setting name="IsODSClientDebugLoggingEnabled" field="IsODSClientDebugLoggingEnabled" />
                <Setting name="IsFWClientDebugLoggingEnabled" field="IsFWClientDebugLoggingEnabled" />
                <Setting name="IsWPClientDebugLoggingEnabled" field="IsWPClientDebugLoggingEnabled" />
                <Setting name="IsATPClientDebugLoggingEnabled" field="IsATPClientDebugLoggingEnabled" />
                <Setting name="ClientActivityLogSizeMB" field="ClientActivityLogSizeMB" />
                <Setting name="ClientDebugLogSizeMB" field="ClientDebugLogSizeMB" />
                <Setting name="ClientLogFilesLocation" field="ClientLogFilesLocation" />
            </Section>
        </Mappings>
    </Table>
</epo:PropertiesSchema>
