﻿<?xml version="1.0" encoding="UTF-8"?>
<epo:SensitiveSettings xmlns:epo="http://www.mcafee.com/schemas/epo" xmlns:xsi="http://www.w3.org/2001/XMLSchema-instance">
    <Policies>
        <Policy feature="ENDP_GS_1000" category="EGS_Product_Configuration_Policies" type="EGS_Product_Configuration_Policies">
            <Section name="ClientInterfaceStatus">
                <Setting name="adminPassword"/>
                <Setting name="adminSalt"/>
            </Section>
            <Section name="ClientUninstall">
                <Setting name="clientUninstallPassword"/>
                <Setting name="clientUninstallSalt"/>
            </Section>
            <Section name="ClientGTIProxy">
                <Setting name="httpAuthPassword"/>
            </Section>
        </Policy>
    </Policies>
</epo:SensitiveSettings>