<?xml version="1.0" encoding="UTF-8" ?>

<!--
  ~ Copyright (C) 2007-2014, McAfee, Inc.  All Rights Reserved.
  -->

<epo:PropertiesSchema xmlns:epo="http://www.mcafee.com/schemas/epo" xmlns:xsi="http://www.w3.org/2001/XMLSchema-instance" xsi:schemaLocation="http://www.mcafee.com/schemas/epo D:\projects\epo\samurai\trunk\dev\src\webapps\epo-core\web\WEB-INF\lib\epoprops.xsd">
    <Table name="WP_CustomProps">
        <Fields>
            <Field default="0" name="WPbComplianceStatus" type="bit" size="0" />
            <Field default="0" name="WPComplianceStatus" type="nvarchar" size="256" />
            <Field default="0" name="WPAdditionalComplianceStatus" type="nvarchar" size="256" />
            <Field default="0" name="bWPEnabled" type="bit" size="0" />
            <Field default="0" name="LoadableCH" type="tinyint"/>
            <Field default="0" name="LoadableFF" type="tinyint"/>
            <Field default="0" name="LoadableIE" type="tinyint" />
			<Field default="0" name="LoadableSafari" type="tinyint" />
            <Field default="None" name="Hotfixes" type="nvarchar" size="256"/>
            <Field default="None" name="Patch" type="nvarchar" size="3000"/>
            <Field default="None" name="LicenseStatus" type="nvarchar" size="256"/>
            <Field default="None" name="Language" type="nvarchar" size="256"/>
            <Field default="None" name="WCStatus" type="int"/>
        </Fields>
        <Mappings>
            <Section name="CustomProps">
                <Setting name="bComplianceStatus" field="WPbComplianceStatus" />
                <Setting name="szComplianceStatus" field="WPComplianceStatus" />
                <Setting name="szAdditionalComplianceStatus" field="WPAdditionalComplianceStatus" />
            </Section>
            <Section name="General">
                <Setting name="LoadableCH" field="LoadableCH" />
                <Setting name="LoadableFF" field="LoadableFF" />
                <Setting name="LoadableIE" field="LoadableIE" />
				<Setting name="LoadableSafari" field="LoadableSafari" />
                <Setting name="Hotfixes" field="Hotfixes"/>
                <Setting name="Patch" field="Patch"/>
                <Setting name="LicenseStatus" field="LicenseStatus"/>
                <Setting name="Language" field="Language"/>
                <Setting name="WCStatus" field="WCStatus"/>
            </Section>
			<Section name="Options">
				<Setting name="bWPEnabled" field="bWPEnabled" />
			</Section>
        </Mappings>
    </Table>
</epo:PropertiesSchema>
