<?xml version="1.0" encoding="UTF-8" ?>

<!--
  ~ Copyright (C) 2007-2014, McAfee, Inc.  All Rights Reserved.
  -->
<epo:PropertiesSchema xmlns:epo="http://www.mcafee.com/schemas/epo" xmlns:xsi="http://www.w3.org/2001/XMLSchema-instance" xsi:schemaLocation="http://www.mcafee.com/schemas/epo">
    <Table name="FW_CustomPropsMT">
        <Fields>
            <Field default="0" name="bComplianceStatus" type="bit" size="0" /> 
            <Field default="None" name="FWStatus" type="nvarchar" size="256" />
            <Field default="None" name="szComplianceStatus" type="nvarchar" size="256" />
            <Field default="None" name="szAdditionalComplianceStatus" type="nvarchar" size="256" />
            <Field default="None" name="FWAdaptiveModeStatus" type="nvarchar" size="256" />
            <Field default="None" name="FWFault" type="nvarchar" size="256" />
            <Field default="None" name="FWMode" type="nvarchar" size="256" />
            <Field default="None" name="Hotfix" type="nvarchar" size="256" />
            <Field default="None" name="Language" type="nvarchar" size="256" />
            <Field default="None" name="LastPolicyEnforcement" type="nvarchar" size="256" />
            <Field default="None" name="LicenseStatus" type="nvarchar" size="256" />
            <Field default="None" name="Patch" type="nvarchar" size="256" />
            <Field default="None" name="PolicyNameClientUI" type="nvarchar" size="256" />
            <Field default="None" name="PolicyNameFwOptions" type="nvarchar" size="256" />
            <Field default="None" name="PolicyNameFwRules" type="nvarchar" size="256" />
            <Field default="None" name="PolicyNameTrustedAppList" type="nvarchar" size="256" />
            <Field default="None" name="PolicyNameTrustedNetworks" type="nvarchar" size="256" />
            <Field default="None" name="ProductVersion" type="nvarchar" size="256" />
            <Field default="None" name="RebootRequired" type="nvarchar" size="256" />
            <Field default="None" name="ServiceRunning" type="nvarchar" size="256" />
            <Field default="None" name="szInstallDir32" type="nvarchar" size="256" />
            <Field default="None" name="szInstallDir64" type="nvarchar" size="256" />
            <Field default="None" name="szProductVer" type="nvarchar" size="256" />
        </Fields>
        <Mappings>
            <Section name="CustomProps">
                <Setting name="bComplianceStatus" field="ComplianceStatus" />
                <Setting name="szComplianceStatus" field="ComplianceReason" />

            </Section> 
            <Section name="General">
                <Setting name="FWStatus"                    field="FWStatus" />
                <Setting name="FWAdaptiveModeStatus"        field="FWAdaptiveModeStatus" />
                <Setting name="FWFault"                     field="FWFault" />
                <Setting name="FWMode"                      field="FWMode" />
                <Setting name="Hotfix"                      field="Hotfix" />
                <Setting name="Language"                    field="Language" />
                <Setting name="LastPolicyEnforcement"       field="LastPolicyEnforcement" />
                <Setting name="LicenseStatus"               field="LicenseStatus" />
                <Setting name="Patch"                       field="Patch" />
                <Setting name="PolicyNameClientUI"          field="PolicyNameClientUI" />
                <Setting name="PolicyNameFwOptions"         field="PolicyNameFwOptions" />
                <Setting name="PolicyNameFwRules"           field="PolicyNameFwRules" />
                <Setting name="PolicyNameTrustedAppList"    field="PolicyNameTrustedAppList" />
                <Setting name="PolicyNameTrustedNetworks"   field="PolicyNameTrustedNetworks" />
                <Setting name="ProductVersion"              field="ProductVersion" />
                <Setting name="RebootRequired"              field="RebootRequired" />
                <Setting name="ServiceRunning"              field="ServiceRunning" />
                <Setting name="szAdditionalComplianceStatus" field="AdditionalComplianceReason" />
                <Setting name="szInstallDir32"              field="InstallDir32" />
                <Setting name="szInstallDir64"              field="InstallDir64" />
                <Setting name="szProductVer"                field="ProductVer" />
            </Section>
			<Section name="Options">
            <Setting name="FWStatus"                    field="FWStatus" />
            <Setting name="FWAdaptiveModeStatus"        field="FWAdaptiveModeStatus" />
			</Section>
            <Section name="CounterMeasures">
                <Setting name="ProductVersion"              field="ProductVersion" />
            </Section>
        </Mappings>
    </Table>
</epo:PropertiesSchema>
