<?xml version= "1.0" encoding = "UTF-8"?>
<BackupRestoreXML version = "1.0" module="WC">
    <ProcessorArchitecture  Type = "X86">
        <PreserveFile>
            <FileName>SAEPolicy.dat</FileName>
            <FileName>SAEVisits.dat</FileName>
            <FilePath>[COMMONAPPDATAFOLDER]\\McAfee\\Web Control</FilePath>
        </PreserveFile>
    </ProcessorArchitecture>
    <ProcessorArchitecture  Type = "X64">
        <PreserveFile>
            <FileName>SAEPolicy.dat</FileName>
            <FileName>SAEVisits.dat</FileName>
            <FilePath>[COMMONAPPDATAFOLDER]\\McAfee\\Web Control</FilePath>
        </PreserveFile>
    </ProcessorArchitecture>
</BackupRestoreXML>